<link:linkbase xmlns:link="http://www.xbrl.org/2003/linkbase" xmlns:xlink="http://www.w3.org/1999/xlink" xmlns:xsi="http://www.w3.org/2001/XMLSchema-instance" xsi:schemaLocation="http://www.xbrl.org/2003/linkbase http://www.xbrl.org/2003/xbrl-linkbase-2003-12-31.xsd">
  <link:roleRef roleURI="https://taxonomies.xbrl.us/grip/singleaudit/roles/SingleAuditSEFANotes" xlink:href="NotesToTheSEFA_2023.xsd#SingleAuditSEFANotes" xlink:type="simple"/>
  <link:presentationLink xlink:role="https://taxonomies.xbrl.us/grip/singleaudit/roles/SingleAuditSEFANotes" xlink:type="extended">
    <link:loc xlink:label="ns11_NotesToTheSEFAAbstract" xlink:href="../../elts/singleaudit_2023.xsd#sap_NotesToTheSEFAAbstract" xlink:type="locator"/>
    <link:loc xlink:label="ns11_AdditionalNote4" xlink:href="../../elts/singleaudit_2023.xsd#sap_AdditionalNote4" xlink:type="locator"/>
    <link:presentationArc xlink:arcrole="http://www.xbrl.org/2003/arcrole/parent-child" xlink:type="arc" xlink:from="ns11_NotesToTheSEFAAbstract" xlink:to="ns11_AdditionalNote4" order="8"/>
    <link:loc xlink:label="ns11_AuditeeUsedDeMinimisCostRate" xlink:href="../../elts/singleaudit_2023.xsd#sap_AuditeeUsedDeMinimisCostRate" xlink:type="locator"/>
    <link:presentationArc xlink:arcrole="http://www.xbrl.org/2003/arcrole/parent-child" xlink:type="arc" xlink:from="ns11_NotesToTheSEFAAbstract" xlink:to="ns11_AuditeeUsedDeMinimisCostRate" order="2"/>
    <link:loc xlink:label="ns11_SignificantAccountingPolicy" xlink:href="../../elts/singleaudit_2023.xsd#sap_SignificantAccountingPolicy" xlink:type="locator"/>
    <link:presentationArc xlink:arcrole="http://www.xbrl.org/2003/arcrole/parent-child" xlink:type="arc" xlink:from="ns11_NotesToTheSEFAAbstract" xlink:to="ns11_SignificantAccountingPolicy" order="1"/>
    <link:loc xlink:label="ns11_NoteTitleAdditionalNotesToTheSEFA2" xlink:href="../../elts/singleaudit_2023.xsd#sap_NoteTitleAdditionalNotesToTheSEFA2" xlink:type="locator"/>
    <link:presentationArc xlink:arcrole="http://www.xbrl.org/2003/arcrole/parent-child" xlink:type="arc" xlink:from="ns11_NotesToTheSEFAAbstract" xlink:to="ns11_NoteTitleAdditionalNotesToTheSEFA2" order="3"/>
    <link:loc xlink:label="ns11_AdditionalNote2" xlink:href="../../elts/singleaudit_2023.xsd#sap_AdditionalNote2" xlink:type="locator"/>
    <link:presentationArc xlink:arcrole="http://www.xbrl.org/2003/arcrole/parent-child" xlink:type="arc" xlink:from="ns11_NotesToTheSEFAAbstract" xlink:to="ns11_AdditionalNote2" order="4"/>
    <link:loc xlink:label="ns11_TitleOfAdditionalNoteToTheSEFA3" xlink:href="../../elts/singleaudit_2023.xsd#sap_TitleOfAdditionalNoteToTheSEFA3" xlink:type="locator"/>
    <link:presentationArc xlink:arcrole="http://www.xbrl.org/2003/arcrole/parent-child" xlink:type="arc" xlink:from="ns11_NotesToTheSEFAAbstract" xlink:to="ns11_TitleOfAdditionalNoteToTheSEFA3" order="5"/>
    <link:loc xlink:label="ns11_AdditionalNote3" xlink:href="../../elts/singleaudit_2023.xsd#sap_AdditionalNote3" xlink:type="locator"/>
    <link:presentationArc xlink:arcrole="http://www.xbrl.org/2003/arcrole/parent-child" xlink:type="arc" xlink:from="ns11_NotesToTheSEFAAbstract" xlink:to="ns11_AdditionalNote3" order="6"/>
    <link:loc xlink:label="ns11_TitleOfAdditionalNoteToTheSEFA4" xlink:href="../../elts/singleaudit_2023.xsd#sap_TitleOfAdditionalNoteToTheSEFA4" xlink:type="locator"/>
    <link:presentationArc xlink:arcrole="http://www.xbrl.org/2003/arcrole/parent-child" xlink:type="arc" xlink:from="ns11_NotesToTheSEFAAbstract" xlink:to="ns11_TitleOfAdditionalNoteToTheSEFA4" order="7"/>
  </link:presentationLink>
</link:linkbase>
