<link:linkbase xmlns:link="http://www.xbrl.org/2003/linkbase" xmlns:xlink="http://www.w3.org/1999/xlink" xmlns:xsi="http://www.w3.org/2001/XMLSchema-instance" xmlns:xbrldt="http://xbrl.org/2005/xbrldt" xsi:schemaLocation="http://www.xbrl.org/2003/linkbase http://www.xbrl.org/2003/xbrl-linkbase-2003-12-31.xsd">
  <link:roleRef roleURI="https://taxonomies.xbrl.us/grip/grants/roles/GrantsManagementFederalFinancialReportSF425" xlink:href="GrantsManagementFederalFinancialReport_2023.xsd#GrantsManagementFederalFinancialReportSF425" xlink:type="simple"/>
  <link:arcroleRef arcroleURI="http://xbrl.org/int/dim/arcrole/hypercube-dimension" xlink:href="http://www.xbrl.org/2005/xbrldt-2005.xsd#hypercube-dimension" xlink:type="simple"/>
  <link:arcroleRef arcroleURI="http://xbrl.org/int/dim/arcrole/all" xlink:href="http://www.xbrl.org/2005/xbrldt-2005.xsd#all" xlink:type="simple"/>
  <link:arcroleRef arcroleURI="http://xbrl.org/int/dim/arcrole/domain-member" xlink:href="http://www.xbrl.org/2005/xbrldt-2005.xsd#domain-member" xlink:type="simple"/>
  <link:definitionLink xlink:role="https://taxonomies.xbrl.us/grip/grants/roles/GrantsManagementFederalFinancialReportSF425" xlink:type="extended">
    <link:loc xlink:label="ns2_FederalCashAbstract" xlink:href="../../elts/grants_2023.xsd#sap_FederalCashAbstract" xlink:type="locator"/>
    <link:loc xlink:label="ns2_CashReceipts" xlink:href="../../elts/grants_2023.xsd#sap_CashReceipts" xlink:type="locator"/>
    <link:definitionArc xlink:arcrole="http://xbrl.org/int/dim/arcrole/domain-member" xlink:type="arc" xlink:from="ns2_FederalCashAbstract" xlink:to="ns2_CashReceipts" order="1"/>
    <link:loc xlink:label="ns2_FederalCashCashDisbursements" xlink:href="../../elts/grants_2023.xsd#sap_FederalCashCashDisbursements" xlink:type="locator"/>
    <link:definitionArc xlink:arcrole="http://xbrl.org/int/dim/arcrole/domain-member" xlink:type="arc" xlink:from="ns2_FederalCashAbstract" xlink:to="ns2_FederalCashCashDisbursements" order="2"/>
    <link:loc xlink:label="ns2_FederalCashCashOnHand" xlink:href="../../elts/grants_2023.xsd#sap_FederalCashCashOnHand" xlink:type="locator"/>
    <link:definitionArc xlink:arcrole="http://xbrl.org/int/dim/arcrole/domain-member" xlink:type="arc" xlink:from="ns2_FederalCashAbstract" xlink:to="ns2_FederalCashCashOnHand" order="3"/>
    <link:loc xlink:label="ns2_FederalExpendituresAndUnobligatedBalanceAbstract" xlink:href="../../elts/grants_2023.xsd#sap_FederalExpendituresAndUnobligatedBalanceAbstract" xlink:type="locator"/>
    <link:loc xlink:label="ns2_FederalExpendituresFederalFundsAuthorized" xlink:href="../../elts/grants_2023.xsd#sap_FederalExpendituresFederalFundsAuthorized" xlink:type="locator"/>
    <link:definitionArc xlink:arcrole="http://xbrl.org/int/dim/arcrole/domain-member" xlink:type="arc" xlink:from="ns2_FederalExpendituresAndUnobligatedBalanceAbstract" xlink:to="ns2_FederalExpendituresFederalFundsAuthorized" order="1"/>
    <link:loc xlink:label="ns2_FederalExpendituresFederalShareOfUnliquidatedObligations" xlink:href="../../elts/grants_2023.xsd#sap_FederalExpendituresFederalShareOfUnliquidatedObligations" xlink:type="locator"/>
    <link:definitionArc xlink:arcrole="http://xbrl.org/int/dim/arcrole/domain-member" xlink:type="arc" xlink:from="ns2_FederalExpendituresAndUnobligatedBalanceAbstract" xlink:to="ns2_FederalExpendituresFederalShareOfUnliquidatedObligations" order="2"/>
    <link:loc xlink:label="ns2_FederalExpendituresFederalShare" xlink:href="../../elts/grants_2023.xsd#sap_FederalExpendituresFederalShare" xlink:type="locator"/>
    <link:definitionArc xlink:arcrole="http://xbrl.org/int/dim/arcrole/domain-member" xlink:type="arc" xlink:from="ns2_FederalExpendituresAndUnobligatedBalanceAbstract" xlink:to="ns2_FederalExpendituresFederalShare" order="3"/>
    <link:loc xlink:label="ns2_UnobligatedBalanceOfFederalFunds" xlink:href="../../elts/grants_2023.xsd#sap_UnobligatedBalanceOfFederalFunds" xlink:type="locator"/>
    <link:definitionArc xlink:arcrole="http://xbrl.org/int/dim/arcrole/domain-member" xlink:type="arc" xlink:from="ns2_FederalExpendituresAndUnobligatedBalanceAbstract" xlink:to="ns2_UnobligatedBalanceOfFederalFunds" order="4"/>
    <link:loc xlink:label="ns2_GrantsManagementFederalFinancialReportTable" xlink:href="../../elts/grants_2023.xsd#sap_GrantsManagementFederalFinancialReportTable" xlink:type="locator"/>
    <link:loc xlink:label="ns2_FederalProgramIdentifierAxis" xlink:href="../../elts/grants_2023.xsd#sap_FederalProgramIdentifierAxis" xlink:type="locator"/>
    <link:definitionArc xlink:arcrole="http://xbrl.org/int/dim/arcrole/hypercube-dimension" xlink:type="arc" xlink:from="ns2_GrantsManagementFederalFinancialReportTable" xlink:to="ns2_FederalProgramIdentifierAxis" order="1"/>
    <link:loc xlink:label="ns2_FederalFinancialReportLineItems" xlink:href="../../elts/grants_2023.xsd#sap_FederalFinancialReportLineItems" xlink:type="locator"/>
    <link:definitionArc xlink:arcrole="http://xbrl.org/int/dim/arcrole/all" xlink:type="arc" xlink:from="ns2_FederalFinancialReportLineItems" xlink:to="ns2_GrantsManagementFederalFinancialReportTable" order="1" xbrldt:contextElement="segment"/>
    <link:loc xlink:label="ns2_GrantsManagementTransactionsAbstract" xlink:href="../../elts/grants_2023.xsd#sap_GrantsManagementTransactionsAbstract" xlink:type="locator"/>
    <link:loc xlink:label="ns2_FederalCashAbstract_1" xlink:href="../../elts/grants_2023.xsd#sap_FederalCashAbstract" xlink:type="locator"/>
    <link:definitionArc xlink:arcrole="http://xbrl.org/int/dim/arcrole/domain-member" xlink:type="arc" xlink:from="ns2_GrantsManagementTransactionsAbstract" xlink:to="ns2_FederalCashAbstract_1" order="1"/>
    <link:loc xlink:label="ns2_FederalExpendituresAndUnobligatedBalanceAbstract_1" xlink:href="../../elts/grants_2023.xsd#sap_FederalExpendituresAndUnobligatedBalanceAbstract" xlink:type="locator"/>
    <link:definitionArc xlink:arcrole="http://xbrl.org/int/dim/arcrole/domain-member" xlink:type="arc" xlink:from="ns2_GrantsManagementTransactionsAbstract" xlink:to="ns2_FederalExpendituresAndUnobligatedBalanceAbstract_1" order="2"/>
    <link:loc xlink:label="ns2_RecipientShareAbstract" xlink:href="../../elts/grants_2023.xsd#sap_RecipientShareAbstract" xlink:type="locator"/>
    <link:definitionArc xlink:arcrole="http://xbrl.org/int/dim/arcrole/domain-member" xlink:type="arc" xlink:from="ns2_GrantsManagementTransactionsAbstract" xlink:to="ns2_RecipientShareAbstract" order="3"/>
    <link:loc xlink:label="ns2_ProgramIncomeAbstract" xlink:href="../../elts/grants_2023.xsd#sap_ProgramIncomeAbstract" xlink:type="locator"/>
    <link:definitionArc xlink:arcrole="http://xbrl.org/int/dim/arcrole/domain-member" xlink:type="arc" xlink:from="ns2_GrantsManagementTransactionsAbstract" xlink:to="ns2_ProgramIncomeAbstract" order="4"/>
    <link:loc xlink:label="ns2_RemarksAndCertificationAbstract" xlink:href="../../elts/grants_2023.xsd#sap_RemarksAndCertificationAbstract" xlink:type="locator"/>
    <link:definitionArc xlink:arcrole="http://xbrl.org/int/dim/arcrole/domain-member" xlink:type="arc" xlink:from="ns2_GrantsManagementTransactionsAbstract" xlink:to="ns2_RemarksAndCertificationAbstract" order="5"/>
    <link:loc xlink:label="ns2_GrantsManagementApplicantInformationAbstract" xlink:href="../../elts/grants_2023.xsd#sap_GrantsManagementApplicantInformationAbstract" xlink:type="locator"/>
    <link:definitionArc xlink:arcrole="http://xbrl.org/int/dim/arcrole/domain-member" xlink:type="arc" xlink:from="ns2_FederalFinancialReportLineItems" xlink:to="ns2_GrantsManagementApplicantInformationAbstract" order="1"/>
    <link:loc xlink:label="ns2_GrantsManagementGrantInformationAbstract" xlink:href="../../elts/grants_2023.xsd#sap_GrantsManagementGrantInformationAbstract" xlink:type="locator"/>
    <link:definitionArc xlink:arcrole="http://xbrl.org/int/dim/arcrole/domain-member" xlink:type="arc" xlink:from="ns2_FederalFinancialReportLineItems" xlink:to="ns2_GrantsManagementGrantInformationAbstract" order="2"/>
    <link:loc xlink:label="ns2_GrantsManagementReportInformationAbstract" xlink:href="../../elts/grants_2023.xsd#sap_GrantsManagementReportInformationAbstract" xlink:type="locator"/>
    <link:definitionArc xlink:arcrole="http://xbrl.org/int/dim/arcrole/domain-member" xlink:type="arc" xlink:from="ns2_FederalFinancialReportLineItems" xlink:to="ns2_GrantsManagementReportInformationAbstract" order="3"/>
    <link:loc xlink:label="ns2_GrantsManagementTransactionsAbstract_1" xlink:href="../../elts/grants_2023.xsd#sap_GrantsManagementTransactionsAbstract" xlink:type="locator"/>
    <link:definitionArc xlink:arcrole="http://xbrl.org/int/dim/arcrole/domain-member" xlink:type="arc" xlink:from="ns2_FederalFinancialReportLineItems" xlink:to="ns2_GrantsManagementTransactionsAbstract_1" order="4"/>
    <link:loc xlink:label="ns2_FederalAwardingAgencyEnumerated" xlink:href="../../elts/grants_2023.xsd#sap_FederalAwardingAgencyEnumerated" xlink:type="locator"/>
    <link:definitionArc xlink:arcrole="http://xbrl.org/int/dim/arcrole/domain-member" xlink:type="arc" xlink:from="ns2_GrantsManagementGrantInformationAbstract" xlink:to="ns2_FederalAwardingAgencyEnumerated" order="1"/>
    <link:loc xlink:label="ns2_ProjectOrGrantStartPeriod" xlink:href="../../elts/grants_2023.xsd#sap_ProjectOrGrantStartPeriod" xlink:type="locator"/>
    <link:definitionArc xlink:arcrole="http://xbrl.org/int/dim/arcrole/domain-member" xlink:type="arc" xlink:from="ns2_GrantsManagementGrantInformationAbstract" xlink:to="ns2_ProjectOrGrantStartPeriod" order="2"/>
    <link:loc xlink:label="ns2_ProjectOrGrantEndingPeriod" xlink:href="../../elts/grants_2023.xsd#sap_ProjectOrGrantEndingPeriod" xlink:type="locator"/>
    <link:definitionArc xlink:arcrole="http://xbrl.org/int/dim/arcrole/domain-member" xlink:type="arc" xlink:from="ns2_GrantsManagementGrantInformationAbstract" xlink:to="ns2_ProjectOrGrantEndingPeriod" order="3"/>
    <link:loc xlink:label="ns2_FederalFinancialReportType" xlink:href="../../elts/grants_2023.xsd#sap_FederalFinancialReportType" xlink:type="locator"/>
    <link:definitionArc xlink:arcrole="http://xbrl.org/int/dim/arcrole/domain-member" xlink:type="arc" xlink:from="ns2_GrantsManagementReportInformationAbstract" xlink:to="ns2_FederalFinancialReportType" order="1"/>
    <link:loc xlink:label="ns2_FederalFinancialReportBasisOfAccounting" xlink:href="../../elts/grants_2023.xsd#sap_FederalFinancialReportBasisOfAccounting" xlink:type="locator"/>
    <link:definitionArc xlink:arcrole="http://xbrl.org/int/dim/arcrole/domain-member" xlink:type="arc" xlink:from="ns2_GrantsManagementReportInformationAbstract" xlink:to="ns2_FederalFinancialReportBasisOfAccounting" order="2"/>
    <link:loc xlink:label="ns2_ReportingPeriodEnd" xlink:href="../../elts/grants_2023.xsd#sap_ReportingPeriodEnd" xlink:type="locator"/>
    <link:definitionArc xlink:arcrole="http://xbrl.org/int/dim/arcrole/domain-member" xlink:type="arc" xlink:from="ns2_GrantsManagementReportInformationAbstract" xlink:to="ns2_ReportingPeriodEnd" order="3"/>
    <link:loc xlink:label="ns2_DateReportSubmitted" xlink:href="../../elts/grants_2023.xsd#sap_DateReportSubmitted" xlink:type="locator"/>
    <link:definitionArc xlink:arcrole="http://xbrl.org/int/dim/arcrole/domain-member" xlink:type="arc" xlink:from="ns2_GrantsManagementReportInformationAbstract" xlink:to="ns2_DateReportSubmitted" order="4"/>
    <link:loc xlink:label="ns2_FederalFinancialReportRemarks" xlink:href="../../elts/grants_2023.xsd#sap_FederalFinancialReportRemarks" xlink:type="locator"/>
    <link:definitionArc xlink:arcrole="http://xbrl.org/int/dim/arcrole/domain-member" xlink:type="arc" xlink:from="ns2_RemarksAndCertificationAbstract" xlink:to="ns2_FederalFinancialReportRemarks" order="1"/>
    <link:loc xlink:label="ns2_CertifyingOfficialPrefix" xlink:href="../../elts/grants_2023.xsd#sap_CertifyingOfficialPrefix" xlink:type="locator"/>
    <link:definitionArc xlink:arcrole="http://xbrl.org/int/dim/arcrole/domain-member" xlink:type="arc" xlink:from="ns2_RemarksAndCertificationAbstract" xlink:to="ns2_CertifyingOfficialPrefix" order="2"/>
    <link:loc xlink:label="ns2_CertifyingOfficialFirstName" xlink:href="../../elts/grants_2023.xsd#sap_CertifyingOfficialFirstName" xlink:type="locator"/>
    <link:definitionArc xlink:arcrole="http://xbrl.org/int/dim/arcrole/domain-member" xlink:type="arc" xlink:from="ns2_RemarksAndCertificationAbstract" xlink:to="ns2_CertifyingOfficialFirstName" order="3"/>
    <link:loc xlink:label="ns2_CertifyingOfficialLastName" xlink:href="../../elts/grants_2023.xsd#sap_CertifyingOfficialLastName" xlink:type="locator"/>
    <link:definitionArc xlink:arcrole="http://xbrl.org/int/dim/arcrole/domain-member" xlink:type="arc" xlink:from="ns2_RemarksAndCertificationAbstract" xlink:to="ns2_CertifyingOfficialLastName" order="4"/>
    <link:loc xlink:label="ns2_CertifyingOfficialTitle" xlink:href="../../elts/grants_2023.xsd#sap_CertifyingOfficialTitle" xlink:type="locator"/>
    <link:definitionArc xlink:arcrole="http://xbrl.org/int/dim/arcrole/domain-member" xlink:type="arc" xlink:from="ns2_RemarksAndCertificationAbstract" xlink:to="ns2_CertifyingOfficialTitle" order="5"/>
    <link:loc xlink:label="ns2_CertifyingOfficialTelephone" xlink:href="../../elts/grants_2023.xsd#sap_CertifyingOfficialTelephone" xlink:type="locator"/>
    <link:definitionArc xlink:arcrole="http://xbrl.org/int/dim/arcrole/domain-member" xlink:type="arc" xlink:from="ns2_RemarksAndCertificationAbstract" xlink:to="ns2_CertifyingOfficialTelephone" order="6"/>
    <link:loc xlink:label="ns2_CertifyingOfficialEmailAddress" xlink:href="../../elts/grants_2023.xsd#sap_CertifyingOfficialEmailAddress" xlink:type="locator"/>
    <link:definitionArc xlink:arcrole="http://xbrl.org/int/dim/arcrole/domain-member" xlink:type="arc" xlink:from="ns2_RemarksAndCertificationAbstract" xlink:to="ns2_CertifyingOfficialEmailAddress" order="7"/>
    <link:loc xlink:label="ns2_RecipientShareRequired" xlink:href="../../elts/grants_2023.xsd#sap_RecipientShareRequired" xlink:type="locator"/>
    <link:definitionArc xlink:arcrole="http://xbrl.org/int/dim/arcrole/domain-member" xlink:type="arc" xlink:from="ns2_RecipientShareAbstract" xlink:to="ns2_RecipientShareRequired" order="1"/>
    <link:loc xlink:label="ns2_RecipientShareOfExpenditures" xlink:href="../../elts/grants_2023.xsd#sap_RecipientShareOfExpenditures" xlink:type="locator"/>
    <link:definitionArc xlink:arcrole="http://xbrl.org/int/dim/arcrole/domain-member" xlink:type="arc" xlink:from="ns2_RecipientShareAbstract" xlink:to="ns2_RecipientShareOfExpenditures" order="2"/>
    <link:loc xlink:label="ns2_RemainingRecipientShareToBeProvided" xlink:href="../../elts/grants_2023.xsd#sap_RemainingRecipientShareToBeProvided" xlink:type="locator"/>
    <link:definitionArc xlink:arcrole="http://xbrl.org/int/dim/arcrole/domain-member" xlink:type="arc" xlink:from="ns2_RecipientShareAbstract" xlink:to="ns2_RemainingRecipientShareToBeProvided" order="3"/>
    <link:loc xlink:label="ns2_GranteeApplicantIdentifier" xlink:href="../../elts/grants_2023.xsd#sap_GranteeApplicantIdentifier" xlink:type="locator"/>
    <link:definitionArc xlink:arcrole="http://xbrl.org/int/dim/arcrole/domain-member" xlink:type="arc" xlink:from="ns2_GrantsManagementApplicantInformationAbstract" xlink:to="ns2_GranteeApplicantIdentifier" order="1"/>
    <link:loc xlink:label="ns2_FederalAwardIdentifier" xlink:href="../../elts/grants_2023.xsd#sap_FederalAwardIdentifier" xlink:type="locator"/>
    <link:definitionArc xlink:arcrole="http://xbrl.org/int/dim/arcrole/domain-member" xlink:type="arc" xlink:from="ns2_GrantsManagementApplicantInformationAbstract" xlink:to="ns2_FederalAwardIdentifier" order="2"/>
    <link:loc xlink:label="ns2_GranteeEmployerIdentificationNumber" xlink:href="../../elts/grants_2023.xsd#sap_GranteeEmployerIdentificationNumber" xlink:type="locator"/>
    <link:definitionArc xlink:arcrole="http://xbrl.org/int/dim/arcrole/domain-member" xlink:type="arc" xlink:from="ns2_GrantsManagementApplicantInformationAbstract" xlink:to="ns2_GranteeEmployerIdentificationNumber" order="3"/>
    <link:loc xlink:label="ns2_GranteeDUNSNumber" xlink:href="../../elts/grants_2023.xsd#sap_GranteeDUNSNumber" xlink:type="locator"/>
    <link:definitionArc xlink:arcrole="http://xbrl.org/int/dim/arcrole/domain-member" xlink:type="arc" xlink:from="ns2_GrantsManagementApplicantInformationAbstract" xlink:to="ns2_GranteeDUNSNumber" order="4"/>
    <link:loc xlink:label="ns2_FederalEntityIdentifier" xlink:href="../../elts/grants_2023.xsd#sap_FederalEntityIdentifier" xlink:type="locator"/>
    <link:definitionArc xlink:arcrole="http://xbrl.org/int/dim/arcrole/domain-member" xlink:type="arc" xlink:from="ns2_GrantsManagementApplicantInformationAbstract" xlink:to="ns2_FederalEntityIdentifier" order="5"/>
    <link:loc xlink:label="ns2_GranteeAddressStreetAddress1" xlink:href="../../elts/grants_2023.xsd#sap_GranteeAddressStreetAddress1" xlink:type="locator"/>
    <link:definitionArc xlink:arcrole="http://xbrl.org/int/dim/arcrole/domain-member" xlink:type="arc" xlink:from="ns2_GrantsManagementApplicantInformationAbstract" xlink:to="ns2_GranteeAddressStreetAddress1" order="6"/>
    <link:loc xlink:label="ns2_GranteeAddressStreetAddress2" xlink:href="../../elts/grants_2023.xsd#sap_GranteeAddressStreetAddress2" xlink:type="locator"/>
    <link:definitionArc xlink:arcrole="http://xbrl.org/int/dim/arcrole/domain-member" xlink:type="arc" xlink:from="ns2_GrantsManagementApplicantInformationAbstract" xlink:to="ns2_GranteeAddressStreetAddress2" order="7"/>
    <link:loc xlink:label="ns2_GranteeAddressCity" xlink:href="../../elts/grants_2023.xsd#sap_GranteeAddressCity" xlink:type="locator"/>
    <link:definitionArc xlink:arcrole="http://xbrl.org/int/dim/arcrole/domain-member" xlink:type="arc" xlink:from="ns2_GrantsManagementApplicantInformationAbstract" xlink:to="ns2_GranteeAddressCity" order="8"/>
    <link:loc xlink:label="ns2_GranteeAddressCountyParish" xlink:href="../../elts/grants_2023.xsd#sap_GranteeAddressCountyParish" xlink:type="locator"/>
    <link:definitionArc xlink:arcrole="http://xbrl.org/int/dim/arcrole/domain-member" xlink:type="arc" xlink:from="ns2_GrantsManagementApplicantInformationAbstract" xlink:to="ns2_GranteeAddressCountyParish" order="9"/>
    <link:loc xlink:label="ns2_GranteeAddressState" xlink:href="../../elts/grants_2023.xsd#sap_GranteeAddressState" xlink:type="locator"/>
    <link:definitionArc xlink:arcrole="http://xbrl.org/int/dim/arcrole/domain-member" xlink:type="arc" xlink:from="ns2_GrantsManagementApplicantInformationAbstract" xlink:to="ns2_GranteeAddressState" order="10"/>
    <link:loc xlink:label="ns2_GranteeAddressProvince" xlink:href="../../elts/grants_2023.xsd#sap_GranteeAddressProvince" xlink:type="locator"/>
    <link:definitionArc xlink:arcrole="http://xbrl.org/int/dim/arcrole/domain-member" xlink:type="arc" xlink:from="ns2_GrantsManagementApplicantInformationAbstract" xlink:to="ns2_GranteeAddressProvince" order="11"/>
    <link:loc xlink:label="ns2_GranteeAddressCountry" xlink:href="../../elts/grants_2023.xsd#sap_GranteeAddressCountry" xlink:type="locator"/>
    <link:definitionArc xlink:arcrole="http://xbrl.org/int/dim/arcrole/domain-member" xlink:type="arc" xlink:from="ns2_GrantsManagementApplicantInformationAbstract" xlink:to="ns2_GranteeAddressCountry" order="12"/>
    <link:loc xlink:label="ns2_GranteeAddressZipCode" xlink:href="../../elts/grants_2023.xsd#sap_GranteeAddressZipCode" xlink:type="locator"/>
    <link:definitionArc xlink:arcrole="http://xbrl.org/int/dim/arcrole/domain-member" xlink:type="arc" xlink:from="ns2_GrantsManagementApplicantInformationAbstract" xlink:to="ns2_GranteeAddressZipCode" order="13"/>
    <link:loc xlink:label="ns2_GranteeContactFirstName" xlink:href="../../elts/grants_2023.xsd#sap_GranteeContactFirstName" xlink:type="locator"/>
    <link:definitionArc xlink:arcrole="http://xbrl.org/int/dim/arcrole/domain-member" xlink:type="arc" xlink:from="ns2_GrantsManagementApplicantInformationAbstract" xlink:to="ns2_GranteeContactFirstName" order="14"/>
    <link:loc xlink:label="ns2_GranteeContactLastName" xlink:href="../../elts/grants_2023.xsd#sap_GranteeContactLastName" xlink:type="locator"/>
    <link:definitionArc xlink:arcrole="http://xbrl.org/int/dim/arcrole/domain-member" xlink:type="arc" xlink:from="ns2_GrantsManagementApplicantInformationAbstract" xlink:to="ns2_GranteeContactLastName" order="15"/>
    <link:loc xlink:label="ns2_GranteeContactTitle" xlink:href="../../elts/grants_2023.xsd#sap_GranteeContactTitle" xlink:type="locator"/>
    <link:definitionArc xlink:arcrole="http://xbrl.org/int/dim/arcrole/domain-member" xlink:type="arc" xlink:from="ns2_GrantsManagementApplicantInformationAbstract" xlink:to="ns2_GranteeContactTitle" order="16"/>
    <link:loc xlink:label="ns2_GranteeContactOrganizationalAffiliation" xlink:href="../../elts/grants_2023.xsd#sap_GranteeContactOrganizationalAffiliation" xlink:type="locator"/>
    <link:definitionArc xlink:arcrole="http://xbrl.org/int/dim/arcrole/domain-member" xlink:type="arc" xlink:from="ns2_GrantsManagementApplicantInformationAbstract" xlink:to="ns2_GranteeContactOrganizationalAffiliation" order="17"/>
    <link:loc xlink:label="ns2_GranteeContactPhone" xlink:href="../../elts/grants_2023.xsd#sap_GranteeContactPhone" xlink:type="locator"/>
    <link:definitionArc xlink:arcrole="http://xbrl.org/int/dim/arcrole/domain-member" xlink:type="arc" xlink:from="ns2_GrantsManagementApplicantInformationAbstract" xlink:to="ns2_GranteeContactPhone" order="18"/>
    <link:loc xlink:label="ns2_GranteeContactFaxNumber" xlink:href="../../elts/grants_2023.xsd#sap_GranteeContactFaxNumber" xlink:type="locator"/>
    <link:definitionArc xlink:arcrole="http://xbrl.org/int/dim/arcrole/domain-member" xlink:type="arc" xlink:from="ns2_GrantsManagementApplicantInformationAbstract" xlink:to="ns2_GranteeContactFaxNumber" order="19"/>
    <link:loc xlink:label="ns2_GranteeContactEmail" xlink:href="../../elts/grants_2023.xsd#sap_GranteeContactEmail" xlink:type="locator"/>
    <link:definitionArc xlink:arcrole="http://xbrl.org/int/dim/arcrole/domain-member" xlink:type="arc" xlink:from="ns2_GrantsManagementApplicantInformationAbstract" xlink:to="ns2_GranteeContactEmail" order="20"/>
    <link:loc xlink:label="ns2_OrganizationalUnitDepartmentName" xlink:href="../../elts/grants_2023.xsd#sap_OrganizationalUnitDepartmentName" xlink:type="locator"/>
    <link:definitionArc xlink:arcrole="http://xbrl.org/int/dim/arcrole/domain-member" xlink:type="arc" xlink:from="ns2_GrantsManagementApplicantInformationAbstract" xlink:to="ns2_OrganizationalUnitDepartmentName" order="21"/>
    <link:loc xlink:label="ns2_OrganizationalUnitDivisionName" xlink:href="../../elts/grants_2023.xsd#sap_OrganizationalUnitDivisionName" xlink:type="locator"/>
    <link:definitionArc xlink:arcrole="http://xbrl.org/int/dim/arcrole/domain-member" xlink:type="arc" xlink:from="ns2_GrantsManagementApplicantInformationAbstract" xlink:to="ns2_OrganizationalUnitDivisionName" order="22"/>
    <link:loc xlink:label="ns2_TotalFederalProgramIncomeEarned" xlink:href="../../elts/grants_2023.xsd#sap_TotalFederalProgramIncomeEarned" xlink:type="locator"/>
    <link:definitionArc xlink:arcrole="http://xbrl.org/int/dim/arcrole/domain-member" xlink:type="arc" xlink:from="ns2_ProgramIncomeAbstract" xlink:to="ns2_TotalFederalProgramIncomeEarned" order="1"/>
    <link:loc xlink:label="ns2_ProgramIncomeExpendedInAccordanceWithTheDeductionAlternative" xlink:href="../../elts/grants_2023.xsd#sap_ProgramIncomeExpendedInAccordanceWithTheDeductionAlternative" xlink:type="locator"/>
    <link:definitionArc xlink:arcrole="http://xbrl.org/int/dim/arcrole/domain-member" xlink:type="arc" xlink:from="ns2_ProgramIncomeAbstract" xlink:to="ns2_ProgramIncomeExpendedInAccordanceWithTheDeductionAlternative" order="2"/>
    <link:loc xlink:label="ns2_ProgramIncomeExpendedInAccordanceWithTheAdditionAlternative" xlink:href="../../elts/grants_2023.xsd#sap_ProgramIncomeExpendedInAccordanceWithTheAdditionAlternative" xlink:type="locator"/>
    <link:definitionArc xlink:arcrole="http://xbrl.org/int/dim/arcrole/domain-member" xlink:type="arc" xlink:from="ns2_ProgramIncomeAbstract" xlink:to="ns2_ProgramIncomeExpendedInAccordanceWithTheAdditionAlternative" order="3"/>
    <link:loc xlink:label="ns2_UnexpendedProgramIncome" xlink:href="../../elts/grants_2023.xsd#sap_UnexpendedProgramIncome" xlink:type="locator"/>
    <link:definitionArc xlink:arcrole="http://xbrl.org/int/dim/arcrole/domain-member" xlink:type="arc" xlink:from="ns2_ProgramIncomeAbstract" xlink:to="ns2_UnexpendedProgramIncome" order="4"/>
  </link:definitionLink>
</link:linkbase>
