<!--
c 2024 XBRL US, Inc.
Notice: Authorized Uses are Set Forth at https://xbrl.us/acfr_legal
 -->
<link:linkbase xmlns:link="http://www.xbrl.org/2003/linkbase" xmlns:xlink="http://www.w3.org/1999/xlink" xmlns:xsi="http://www.w3.org/2001/XMLSchema-instance" xmlns:xbrldt="http://xbrl.org/2005/xbrldt" xsi:schemaLocation="http://www.xbrl.org/2003/linkbase http://www.xbrl.org/2003/xbrl-linkbase-2003-12-31.xsd">
  <link:roleRef roleURI="https://taxonomies.xbrl.us/grip/singleaudit/roles/SingleAuditScheduleFindings" xlink:href="AuditFinding_2023.xsd#SingleAuditScheduleFindings" xlink:type="simple"/>
  <link:arcroleRef arcroleURI="http://xbrl.org/int/dim/arcrole/hypercube-dimension" xlink:href="http://www.xbrl.org/2005/xbrldt-2005.xsd#hypercube-dimension" xlink:type="simple"/>
  <link:arcroleRef arcroleURI="http://xbrl.org/int/dim/arcrole/all" xlink:href="http://www.xbrl.org/2005/xbrldt-2005.xsd#all" xlink:type="simple"/>
  <link:arcroleRef arcroleURI="http://xbrl.org/int/dim/arcrole/domain-member" xlink:href="http://www.xbrl.org/2005/xbrldt-2005.xsd#domain-member" xlink:type="simple"/>
  <link:definitionLink xlink:role="https://taxonomies.xbrl.us/grip/singleaudit/roles/SingleAuditScheduleFindings" xlink:type="extended">
    <link:loc xlink:label="ns11_AuditFindingTable" xlink:href="../../elts/singleaudit_2023.xsd#sap_AuditFindingTable" xlink:type="locator"/>
    <link:loc xlink:label="ns11_AuditFindingReferenceNumberIdentifierAxis" xlink:href="../../elts/singleaudit_2023.xsd#sap_AuditFindingReferenceNumberIdentifierAxis" xlink:type="locator"/>
    <link:definitionArc xlink:arcrole="http://xbrl.org/int/dim/arcrole/hypercube-dimension" xlink:type="arc" xlink:from="ns11_AuditFindingTable" xlink:to="ns11_AuditFindingReferenceNumberIdentifierAxis" order="1"/>
    <link:loc xlink:label="ns11_AuditFindingLineItems" xlink:href="../../elts/singleaudit_2023.xsd#sap_AuditFindingLineItems" xlink:type="locator"/>
    <link:definitionArc xlink:arcrole="http://xbrl.org/int/dim/arcrole/all" xlink:type="arc" xlink:from="ns11_AuditFindingLineItems" xlink:to="ns11_AuditFindingTable" order="1" xbrldt:contextElement="segment"/>
    <link:loc xlink:label="ns11_ComplianceAuditFindingsAbstract" xlink:href="../../elts/singleaudit_2023.xsd#sap_ComplianceAuditFindingsAbstract" xlink:type="locator"/>
    <link:loc xlink:label="ns11_ComplianceAuditFindingsModifiedOpinion" xlink:href="../../elts/singleaudit_2023.xsd#sap_ComplianceAuditFindingsModifiedOpinion" xlink:type="locator"/>
    <link:definitionArc xlink:arcrole="http://xbrl.org/int/dim/arcrole/domain-member" xlink:type="arc" xlink:from="ns11_ComplianceAuditFindingsAbstract" xlink:to="ns11_ComplianceAuditFindingsModifiedOpinion" order="1"/>
    <link:loc xlink:label="ns11_ComplianceAuditFindingsOtherOpinion" xlink:href="../../elts/singleaudit_2023.xsd#sap_ComplianceAuditFindingsOtherOpinion" xlink:type="locator"/>
    <link:definitionArc xlink:arcrole="http://xbrl.org/int/dim/arcrole/domain-member" xlink:type="arc" xlink:from="ns11_ComplianceAuditFindingsAbstract" xlink:to="ns11_ComplianceAuditFindingsOtherOpinion" order="2"/>
    <link:loc xlink:label="ns11_AuditFindingReferenceNumber" xlink:href="../../elts/singleaudit_2023.xsd#sap_AuditFindingReferenceNumber" xlink:type="locator"/>
    <link:definitionArc xlink:arcrole="http://xbrl.org/int/dim/arcrole/domain-member" xlink:type="arc" xlink:from="ns11_AuditFindingLineItems" xlink:to="ns11_AuditFindingReferenceNumber" order="1"/>
    <link:loc xlink:label="ns11_ComplianceRequirementTypesAbstract" xlink:href="../../elts/singleaudit_2023.xsd#sap_ComplianceRequirementTypesAbstract" xlink:type="locator"/>
    <link:definitionArc xlink:arcrole="http://xbrl.org/int/dim/arcrole/domain-member" xlink:type="arc" xlink:from="ns11_AuditFindingLineItems" xlink:to="ns11_ComplianceRequirementTypesAbstract" order="2"/>
    <link:loc xlink:label="ns11_TypeOfAuditFindingAbstract" xlink:href="../../elts/singleaudit_2023.xsd#sap_TypeOfAuditFindingAbstract" xlink:type="locator"/>
    <link:definitionArc xlink:arcrole="http://xbrl.org/int/dim/arcrole/domain-member" xlink:type="arc" xlink:from="ns11_AuditFindingLineItems" xlink:to="ns11_TypeOfAuditFindingAbstract" order="3"/>
    <link:loc xlink:label="ns11_QuestionedCostAndRepeatFindingAbstract" xlink:href="../../elts/singleaudit_2023.xsd#sap_QuestionedCostAndRepeatFindingAbstract" xlink:type="locator"/>
    <link:definitionArc xlink:arcrole="http://xbrl.org/int/dim/arcrole/domain-member" xlink:type="arc" xlink:from="ns11_AuditFindingLineItems" xlink:to="ns11_QuestionedCostAndRepeatFindingAbstract" order="4"/>
    <link:loc xlink:label="ns11_QuestionedCosts" xlink:href="../../elts/singleaudit_2023.xsd#sap_QuestionedCosts" xlink:type="locator"/>
    <link:definitionArc xlink:arcrole="http://xbrl.org/int/dim/arcrole/domain-member" xlink:type="arc" xlink:from="ns11_QuestionedCostAndRepeatFindingAbstract" xlink:to="ns11_QuestionedCosts" order="1"/>
    <link:loc xlink:label="ns11_RepeatFindingFromPriorYear" xlink:href="../../elts/singleaudit_2023.xsd#sap_RepeatFindingFromPriorYear" xlink:type="locator"/>
    <link:definitionArc xlink:arcrole="http://xbrl.org/int/dim/arcrole/domain-member" xlink:type="arc" xlink:from="ns11_QuestionedCostAndRepeatFindingAbstract" xlink:to="ns11_RepeatFindingFromPriorYear" order="2"/>
    <link:loc xlink:label="ns11_RepeatFindingAuditReferenceNumber" xlink:href="../../elts/singleaudit_2023.xsd#sap_RepeatFindingAuditReferenceNumber" xlink:type="locator"/>
    <link:definitionArc xlink:arcrole="http://xbrl.org/int/dim/arcrole/domain-member" xlink:type="arc" xlink:from="ns11_QuestionedCostAndRepeatFindingAbstract" xlink:to="ns11_RepeatFindingAuditReferenceNumber" order="3"/>
    <link:loc xlink:label="ns11_AuditFindingText" xlink:href="../../elts/singleaudit_2023.xsd#sap_AuditFindingText" xlink:type="locator"/>
    <link:definitionArc xlink:arcrole="http://xbrl.org/int/dim/arcrole/domain-member" xlink:type="arc" xlink:from="ns11_QuestionedCostAndRepeatFindingAbstract" xlink:to="ns11_AuditFindingText" order="4"/>
    <link:loc xlink:label="ns11_GRMLegalEntityAuditCorrectiveActionText" xlink:href="../../elts/singleaudit_2023.xsd#sap_GRMLegalEntityAuditCorrectiveActionText" xlink:type="locator"/>
    <link:definitionArc xlink:arcrole="http://xbrl.org/int/dim/arcrole/domain-member" xlink:type="arc" xlink:from="ns11_QuestionedCostAndRepeatFindingAbstract" xlink:to="ns11_GRMLegalEntityAuditCorrectiveActionText" order="5"/>
    <link:loc xlink:label="ns11_InternalControlAuditFindingsAbstract" xlink:href="../../elts/singleaudit_2023.xsd#sap_InternalControlAuditFindingsAbstract" xlink:type="locator"/>
    <link:loc xlink:label="ns11_InternalControlAuditFindingsMaterialWeakness" xlink:href="../../elts/singleaudit_2023.xsd#sap_InternalControlAuditFindingsMaterialWeakness" xlink:type="locator"/>
    <link:definitionArc xlink:arcrole="http://xbrl.org/int/dim/arcrole/domain-member" xlink:type="arc" xlink:from="ns11_InternalControlAuditFindingsAbstract" xlink:to="ns11_InternalControlAuditFindingsMaterialWeakness" order="1"/>
    <link:loc xlink:label="ns11_InternalControlAuditFindingsSignificantDeficiency" xlink:href="../../elts/singleaudit_2023.xsd#sap_InternalControlAuditFindingsSignificantDeficiency" xlink:type="locator"/>
    <link:definitionArc xlink:arcrole="http://xbrl.org/int/dim/arcrole/domain-member" xlink:type="arc" xlink:from="ns11_InternalControlAuditFindingsAbstract" xlink:to="ns11_InternalControlAuditFindingsSignificantDeficiency" order="2"/>
    <link:loc xlink:label="ns11_ComplianceRequirementActivitiesAllowedOrUnallowed" xlink:href="../../elts/singleaudit_2023.xsd#sap_ComplianceRequirementActivitiesAllowedOrUnallowed" xlink:type="locator"/>
    <link:definitionArc xlink:arcrole="http://xbrl.org/int/dim/arcrole/domain-member" xlink:type="arc" xlink:from="ns11_ComplianceRequirementTypesAbstract" xlink:to="ns11_ComplianceRequirementActivitiesAllowedOrUnallowed" order="1"/>
    <link:loc xlink:label="ns11_ComplianceRequirementAllowableCostsPrinciples" xlink:href="../../elts/singleaudit_2023.xsd#sap_ComplianceRequirementAllowableCostsPrinciples" xlink:type="locator"/>
    <link:definitionArc xlink:arcrole="http://xbrl.org/int/dim/arcrole/domain-member" xlink:type="arc" xlink:from="ns11_ComplianceRequirementTypesAbstract" xlink:to="ns11_ComplianceRequirementAllowableCostsPrinciples" order="2"/>
    <link:loc xlink:label="ns11_ComplianceRequirementCashManagement" xlink:href="../../elts/singleaudit_2023.xsd#sap_ComplianceRequirementCashManagement" xlink:type="locator"/>
    <link:definitionArc xlink:arcrole="http://xbrl.org/int/dim/arcrole/domain-member" xlink:type="arc" xlink:from="ns11_ComplianceRequirementTypesAbstract" xlink:to="ns11_ComplianceRequirementCashManagement" order="3"/>
    <link:loc xlink:label="ns11_ComplianceRequirementEligibility" xlink:href="../../elts/singleaudit_2023.xsd#sap_ComplianceRequirementEligibility" xlink:type="locator"/>
    <link:definitionArc xlink:arcrole="http://xbrl.org/int/dim/arcrole/domain-member" xlink:type="arc" xlink:from="ns11_ComplianceRequirementTypesAbstract" xlink:to="ns11_ComplianceRequirementEligibility" order="4"/>
    <link:loc xlink:label="ns11_ComplianceRequirementEquipmentAndRealPropertyManagement" xlink:href="../../elts/singleaudit_2023.xsd#sap_ComplianceRequirementEquipmentAndRealPropertyManagement" xlink:type="locator"/>
    <link:definitionArc xlink:arcrole="http://xbrl.org/int/dim/arcrole/domain-member" xlink:type="arc" xlink:from="ns11_ComplianceRequirementTypesAbstract" xlink:to="ns11_ComplianceRequirementEquipmentAndRealPropertyManagement" order="5"/>
    <link:loc xlink:label="ns11_ComplianceRequirementMatchingLevelOfEffortEarmarking" xlink:href="../../elts/singleaudit_2023.xsd#sap_ComplianceRequirementMatchingLevelOfEffortEarmarking" xlink:type="locator"/>
    <link:definitionArc xlink:arcrole="http://xbrl.org/int/dim/arcrole/domain-member" xlink:type="arc" xlink:from="ns11_ComplianceRequirementTypesAbstract" xlink:to="ns11_ComplianceRequirementMatchingLevelOfEffortEarmarking" order="6"/>
    <link:loc xlink:label="ns11_ComplianceRequirementPeriodOfPerformanceOfFederalFunds" xlink:href="../../elts/singleaudit_2023.xsd#sap_ComplianceRequirementPeriodOfPerformanceOfFederalFunds" xlink:type="locator"/>
    <link:definitionArc xlink:arcrole="http://xbrl.org/int/dim/arcrole/domain-member" xlink:type="arc" xlink:from="ns11_ComplianceRequirementTypesAbstract" xlink:to="ns11_ComplianceRequirementPeriodOfPerformanceOfFederalFunds" order="7"/>
    <link:loc xlink:label="ns11_ComplianceRequirementProcurementSuspensionDisbarment" xlink:href="../../elts/singleaudit_2023.xsd#sap_ComplianceRequirementProcurementSuspensionDisbarment" xlink:type="locator"/>
    <link:definitionArc xlink:arcrole="http://xbrl.org/int/dim/arcrole/domain-member" xlink:type="arc" xlink:from="ns11_ComplianceRequirementTypesAbstract" xlink:to="ns11_ComplianceRequirementProcurementSuspensionDisbarment" order="8"/>
    <link:loc xlink:label="ns11_ComplianceRequirementProgramIncome" xlink:href="../../elts/singleaudit_2023.xsd#sap_ComplianceRequirementProgramIncome" xlink:type="locator"/>
    <link:definitionArc xlink:arcrole="http://xbrl.org/int/dim/arcrole/domain-member" xlink:type="arc" xlink:from="ns11_ComplianceRequirementTypesAbstract" xlink:to="ns11_ComplianceRequirementProgramIncome" order="9"/>
    <link:loc xlink:label="ns11_ComplianceRequirementReporting" xlink:href="../../elts/singleaudit_2023.xsd#sap_ComplianceRequirementReporting" xlink:type="locator"/>
    <link:definitionArc xlink:arcrole="http://xbrl.org/int/dim/arcrole/domain-member" xlink:type="arc" xlink:from="ns11_ComplianceRequirementTypesAbstract" xlink:to="ns11_ComplianceRequirementReporting" order="10"/>
    <link:loc xlink:label="ns11_ComplianceRequirementReserved" xlink:href="../../elts/singleaudit_2023.xsd#sap_ComplianceRequirementReserved" xlink:type="locator"/>
    <link:definitionArc xlink:arcrole="http://xbrl.org/int/dim/arcrole/domain-member" xlink:type="arc" xlink:from="ns11_ComplianceRequirementTypesAbstract" xlink:to="ns11_ComplianceRequirementReserved" order="11"/>
    <link:loc xlink:label="ns11_ComplianceRequirementSubrecipientMonitoring" xlink:href="../../elts/singleaudit_2023.xsd#sap_ComplianceRequirementSubrecipientMonitoring" xlink:type="locator"/>
    <link:definitionArc xlink:arcrole="http://xbrl.org/int/dim/arcrole/domain-member" xlink:type="arc" xlink:from="ns11_ComplianceRequirementTypesAbstract" xlink:to="ns11_ComplianceRequirementSubrecipientMonitoring" order="12"/>
    <link:loc xlink:label="ns11_ComplianceRequirementSpecialTestsAndProvisions" xlink:href="../../elts/singleaudit_2023.xsd#sap_ComplianceRequirementSpecialTestsAndProvisions" xlink:type="locator"/>
    <link:definitionArc xlink:arcrole="http://xbrl.org/int/dim/arcrole/domain-member" xlink:type="arc" xlink:from="ns11_ComplianceRequirementTypesAbstract" xlink:to="ns11_ComplianceRequirementSpecialTestsAndProvisions" order="13"/>
    <link:loc xlink:label="ns11_ComplianceRequirementOther" xlink:href="../../elts/singleaudit_2023.xsd#sap_ComplianceRequirementOther" xlink:type="locator"/>
    <link:definitionArc xlink:arcrole="http://xbrl.org/int/dim/arcrole/domain-member" xlink:type="arc" xlink:from="ns11_ComplianceRequirementTypesAbstract" xlink:to="ns11_ComplianceRequirementOther" order="14"/>
    <link:loc xlink:label="ns11_ComplianceAuditFindingsAbstract_1" xlink:href="../../elts/singleaudit_2023.xsd#sap_ComplianceAuditFindingsAbstract" xlink:type="locator"/>
    <link:definitionArc xlink:arcrole="http://xbrl.org/int/dim/arcrole/domain-member" xlink:type="arc" xlink:from="ns11_TypeOfAuditFindingAbstract" xlink:to="ns11_ComplianceAuditFindingsAbstract_1" order="1"/>
    <link:loc xlink:label="ns11_InternalControlAuditFindingsAbstract_1" xlink:href="../../elts/singleaudit_2023.xsd#sap_InternalControlAuditFindingsAbstract" xlink:type="locator"/>
    <link:definitionArc xlink:arcrole="http://xbrl.org/int/dim/arcrole/domain-member" xlink:type="arc" xlink:from="ns11_TypeOfAuditFindingAbstract" xlink:to="ns11_InternalControlAuditFindingsAbstract_1" order="2"/>
    <link:loc xlink:label="ns11_OtherAuditFindings" xlink:href="../../elts/singleaudit_2023.xsd#sap_OtherAuditFindings" xlink:type="locator"/>
    <link:definitionArc xlink:arcrole="http://xbrl.org/int/dim/arcrole/domain-member" xlink:type="arc" xlink:from="ns11_TypeOfAuditFindingAbstract" xlink:to="ns11_OtherAuditFindings" order="3"/>
  </link:definitionLink>
</link:linkbase>
