<!--
c 2024 XBRL US, Inc.
Notice: Authorized Uses are Set Forth at https://xbrl.us/acfr_legal
 -->
<link:linkbase xmlns:link="http://www.xbrl.org/2003/linkbase" xmlns:xlink="http://www.w3.org/1999/xlink" xmlns:xsi="http://www.w3.org/2001/XMLSchema-instance" xsi:schemaLocation="http://www.xbrl.org/2003/linkbase http://www.xbrl.org/2003/xbrl-linkbase-2003-12-31.xsd">
  <link:roleRef roleURI="https://taxonomies.xbrl.us/grip/grants/roles/GrantsManagementApplicationBudgetSummary" xlink:href="ApplicationForFederalAssistanceBudgetSummary_2023.xsd#GrantsManagementApplicationBudgetSummary" xlink:type="simple"/>
  <link:presentationLink xlink:role="https://taxonomies.xbrl.us/grip/grants/roles/GrantsManagementApplicationBudgetSummary" xlink:type="extended">
    <link:loc xlink:label="ns2_ApplicationForFederalAssistanceTable" xlink:href="../../elts/grants_2023.xsd#sap_ApplicationForFederalAssistanceTable" xlink:type="locator"/>
    <link:loc xlink:label="ns2_FederalProgramIdentifierAxis" xlink:href="../../elts/grants_2023.xsd#sap_FederalProgramIdentifierAxis" xlink:type="locator"/>
    <link:presentationArc xlink:arcrole="http://www.xbrl.org/2003/arcrole/parent-child" xlink:type="arc" xlink:from="ns2_ApplicationForFederalAssistanceTable" xlink:to="ns2_FederalProgramIdentifierAxis" order="1"/>
    <link:loc xlink:label="ns2_ApplicationForFederalAssistanceLineItems" xlink:href="../../elts/grants_2023.xsd#sap_ApplicationForFederalAssistanceLineItems" xlink:type="locator"/>
    <link:loc xlink:label="ns2_CFDANumber" xlink:href="../../elts/grants_2023.xsd#sap_CFDANumber" xlink:type="locator"/>
    <link:presentationArc xlink:arcrole="http://www.xbrl.org/2003/arcrole/parent-child" xlink:type="arc" xlink:from="ns2_ApplicationForFederalAssistanceLineItems" xlink:to="ns2_CFDANumber" order="1"/>
    <link:loc xlink:label="ns2_NewOrRevisedBudget" xlink:href="../../elts/grants_2023.xsd#sap_NewOrRevisedBudget" xlink:type="locator"/>
    <link:presentationArc xlink:arcrole="http://www.xbrl.org/2003/arcrole/parent-child" xlink:type="arc" xlink:from="ns2_ApplicationForFederalAssistanceLineItems" xlink:to="ns2_NewOrRevisedBudget" order="6"/>
    <link:loc xlink:label="ns2_EstimatedUnobligatedFundsFederal" xlink:href="../../elts/grants_2023.xsd#sap_EstimatedUnobligatedFundsFederal" xlink:type="locator"/>
    <link:presentationArc xlink:arcrole="http://www.xbrl.org/2003/arcrole/parent-child" xlink:type="arc" xlink:from="ns2_ApplicationForFederalAssistanceLineItems" xlink:to="ns2_EstimatedUnobligatedFundsFederal" order="2"/>
    <link:loc xlink:label="ns2_NewOrRevisedBudgetNonFederal" xlink:href="../../elts/grants_2023.xsd#sap_NewOrRevisedBudgetNonFederal" xlink:type="locator"/>
    <link:presentationArc xlink:arcrole="http://www.xbrl.org/2003/arcrole/parent-child" xlink:type="arc" xlink:from="ns2_ApplicationForFederalAssistanceLineItems" xlink:to="ns2_NewOrRevisedBudgetNonFederal" order="5"/>
    <link:loc xlink:label="ns2_ApplicationForFederalAssistanceLineItems_1" xlink:href="../../elts/grants_2023.xsd#sap_ApplicationForFederalAssistanceLineItems" xlink:type="locator"/>
    <link:presentationArc xlink:arcrole="http://www.xbrl.org/2003/arcrole/parent-child" xlink:type="arc" xlink:from="ns2_ApplicationForFederalAssistanceTable" xlink:to="ns2_ApplicationForFederalAssistanceLineItems_1" order="2"/>
    <link:loc xlink:label="ns2_NewOrRevisedBudgetFederal" xlink:href="../../elts/grants_2023.xsd#sap_NewOrRevisedBudgetFederal" xlink:type="locator"/>
    <link:presentationArc xlink:arcrole="http://www.xbrl.org/2003/arcrole/parent-child" xlink:type="arc" xlink:from="ns2_ApplicationForFederalAssistanceLineItems" xlink:to="ns2_NewOrRevisedBudgetFederal" order="4"/>
    <link:loc xlink:label="ns2_ApplicationForFederalAssistanceBudgetSummaryAbstract" xlink:href="../../elts/grants_2023.xsd#sap_ApplicationForFederalAssistanceBudgetSummaryAbstract" xlink:type="locator"/>
    <link:loc xlink:label="ns2_ApplicationForFederalAssistanceTable_1" xlink:href="../../elts/grants_2023.xsd#sap_ApplicationForFederalAssistanceTable" xlink:type="locator"/>
    <link:presentationArc xlink:arcrole="http://www.xbrl.org/2003/arcrole/parent-child" xlink:type="arc" xlink:from="ns2_ApplicationForFederalAssistanceBudgetSummaryAbstract" xlink:to="ns2_ApplicationForFederalAssistanceTable_1" order="1"/>
    <link:loc xlink:label="ns2_EstimatedUnobligatedFundsNonFederal" xlink:href="../../elts/grants_2023.xsd#sap_EstimatedUnobligatedFundsNonFederal" xlink:type="locator"/>
    <link:presentationArc xlink:arcrole="http://www.xbrl.org/2003/arcrole/parent-child" xlink:type="arc" xlink:from="ns2_ApplicationForFederalAssistanceLineItems" xlink:to="ns2_EstimatedUnobligatedFundsNonFederal" order="3"/>
  </link:presentationLink>
</link:linkbase>
