<!--
c 2024 XBRL US, Inc.
Notice: Authorized Uses are Set Forth at https://xbrl.us/acfr_legal
 -->
<link:linkbase xmlns:link="http://www.xbrl.org/2003/linkbase" xmlns:xlink="http://www.w3.org/1999/xlink" xmlns:xsi="http://www.w3.org/2001/XMLSchema-instance" xmlns:xbrldt="http://xbrl.org/2005/xbrldt" xsi:schemaLocation="http://www.xbrl.org/2003/linkbase http://www.xbrl.org/2003/xbrl-linkbase-2003-12-31.xsd">
  <link:roleRef roleURI="https://taxonomies.xbrl.us/grip/singleaudit/roles/SingleAuditScheduleExpenditures" xlink:href="ScheduleOfFederalAwardsAndQuestionedCosts_2023.xsd#SingleAuditScheduleExpenditures" xlink:type="simple"/>
  <link:arcroleRef arcroleURI="http://xbrl.org/int/dim/arcrole/hypercube-dimension" xlink:href="http://www.xbrl.org/2005/xbrldt-2005.xsd#hypercube-dimension" xlink:type="simple"/>
  <link:arcroleRef arcroleURI="http://xbrl.org/int/dim/arcrole/all" xlink:href="http://www.xbrl.org/2005/xbrldt-2005.xsd#all" xlink:type="simple"/>
  <link:arcroleRef arcroleURI="http://xbrl.org/int/dim/arcrole/domain-member" xlink:href="http://www.xbrl.org/2005/xbrldt-2005.xsd#domain-member" xlink:type="simple"/>
  <link:definitionLink xlink:role="https://taxonomies.xbrl.us/grip/singleaudit/roles/SingleAuditScheduleExpenditures" xlink:type="extended">
    <link:loc xlink:label="ns11_AdditionalClusterInformationAbstract" xlink:href="../../elts/singleaudit_2023.xsd#sap_AdditionalClusterInformationAbstract" xlink:type="locator"/>
    <link:loc xlink:label="ns11_StateClusterName" xlink:href="../../elts/singleaudit_2023.xsd#sap_StateClusterName" xlink:type="locator"/>
    <link:definitionArc xlink:arcrole="http://xbrl.org/int/dim/arcrole/domain-member" xlink:type="arc" xlink:from="ns11_AdditionalClusterInformationAbstract" xlink:to="ns11_StateClusterName" order="1"/>
    <link:loc xlink:label="ns11_OtherClusterName" xlink:href="../../elts/singleaudit_2023.xsd#sap_OtherClusterName" xlink:type="locator"/>
    <link:definitionArc xlink:arcrole="http://xbrl.org/int/dim/arcrole/domain-member" xlink:type="arc" xlink:from="ns11_AdditionalClusterInformationAbstract" xlink:to="ns11_OtherClusterName" order="2"/>
    <link:loc xlink:label="ns11_FederalAwardSourceAbstract" xlink:href="../../elts/singleaudit_2023.xsd#sap_FederalAwardSourceAbstract" xlink:type="locator"/>
    <link:loc xlink:label="ns11_DirectAward" xlink:href="../../elts/singleaudit_2023.xsd#sap_DirectAward" xlink:type="locator"/>
    <link:definitionArc xlink:arcrole="http://xbrl.org/int/dim/arcrole/domain-member" xlink:type="arc" xlink:from="ns11_FederalAwardSourceAbstract" xlink:to="ns11_DirectAward" order="1"/>
    <link:loc xlink:label="ns11_AwardPassedThroughToSubrecipients" xlink:href="../../elts/singleaudit_2023.xsd#sap_AwardPassedThroughToSubrecipients" xlink:type="locator"/>
    <link:definitionArc xlink:arcrole="http://xbrl.org/int/dim/arcrole/domain-member" xlink:type="arc" xlink:from="ns11_FederalAwardSourceAbstract" xlink:to="ns11_AwardPassedThroughToSubrecipients" order="2"/>
    <link:loc xlink:label="ns11_PassThroughSourceEntityName" xlink:href="../../elts/singleaudit_2023.xsd#sap_PassThroughSourceEntityName" xlink:type="locator"/>
    <link:definitionArc xlink:arcrole="http://xbrl.org/int/dim/arcrole/domain-member" xlink:type="arc" xlink:from="ns11_FederalAwardSourceAbstract" xlink:to="ns11_PassThroughSourceEntityName" order="3"/>
    <link:loc xlink:label="ns11_PassThroughSourceEntityIdentifier" xlink:href="../../elts/singleaudit_2023.xsd#sap_PassThroughSourceEntityIdentifier" xlink:type="locator"/>
    <link:definitionArc xlink:arcrole="http://xbrl.org/int/dim/arcrole/domain-member" xlink:type="arc" xlink:from="ns11_FederalAwardSourceAbstract" xlink:to="ns11_PassThroughSourceEntityIdentifier" order="4"/>
    <link:loc xlink:label="ns11_ScheduleOfExpendituresOfFederalAwardsAbstract" xlink:href="../../elts/singleaudit_2023.xsd#sap_ScheduleOfExpendituresOfFederalAwardsAbstract" xlink:type="locator"/>
    <link:loc xlink:label="ns11_CFDAAmountsAndClusterInformationAbstract" xlink:href="../../elts/singleaudit_2023.xsd#sap_CFDAAmountsAndClusterInformationAbstract" xlink:type="locator"/>
    <link:definitionArc xlink:arcrole="http://xbrl.org/int/dim/arcrole/domain-member" xlink:type="arc" xlink:from="ns11_ScheduleOfExpendituresOfFederalAwardsAbstract" xlink:to="ns11_CFDAAmountsAndClusterInformationAbstract" order="1"/>
    <link:loc xlink:label="ns11_AdditionalClusterInformationAbstract_1" xlink:href="../../elts/singleaudit_2023.xsd#sap_AdditionalClusterInformationAbstract" xlink:type="locator"/>
    <link:definitionArc xlink:arcrole="http://xbrl.org/int/dim/arcrole/domain-member" xlink:type="arc" xlink:from="ns11_ScheduleOfExpendituresOfFederalAwardsAbstract" xlink:to="ns11_AdditionalClusterInformationAbstract_1" order="2"/>
    <link:loc xlink:label="ns11_LoanProgramAbstract" xlink:href="../../elts/singleaudit_2023.xsd#sap_LoanProgramAbstract" xlink:type="locator"/>
    <link:definitionArc xlink:arcrole="http://xbrl.org/int/dim/arcrole/domain-member" xlink:type="arc" xlink:from="ns11_ScheduleOfExpendituresOfFederalAwardsAbstract" xlink:to="ns11_LoanProgramAbstract" order="3"/>
    <link:loc xlink:label="ns11_FederalAwardSourceAbstract_1" xlink:href="../../elts/singleaudit_2023.xsd#sap_FederalAwardSourceAbstract" xlink:type="locator"/>
    <link:definitionArc xlink:arcrole="http://xbrl.org/int/dim/arcrole/domain-member" xlink:type="arc" xlink:from="ns11_ScheduleOfExpendituresOfFederalAwardsAbstract" xlink:to="ns11_FederalAwardSourceAbstract_1" order="4"/>
    <link:loc xlink:label="ns2_FederalAwardingAgencyEnumerated" xlink:href="../../../grants/elts/grants_2023.xsd#sap_FederalAwardingAgencyEnumerated" xlink:type="locator"/>
    <link:definitionArc xlink:arcrole="http://xbrl.org/int/dim/arcrole/domain-member" xlink:type="arc" xlink:from="ns11_CFDAAmountsAndClusterInformationAbstract" xlink:to="ns2_FederalAwardingAgencyEnumerated" order="1"/>
    <link:loc xlink:label="ns2_CFDANumber" xlink:href="../../../grants/elts/grants_2023.xsd#sap_CFDANumber" xlink:type="locator"/>
    <link:definitionArc xlink:arcrole="http://xbrl.org/int/dim/arcrole/domain-member" xlink:type="arc" xlink:from="ns11_CFDAAmountsAndClusterInformationAbstract" xlink:to="ns2_CFDANumber" order="2"/>
    <link:loc xlink:label="ns11_AdditionalAwardIdentification" xlink:href="../../elts/singleaudit_2023.xsd#sap_AdditionalAwardIdentification" xlink:type="locator"/>
    <link:definitionArc xlink:arcrole="http://xbrl.org/int/dim/arcrole/domain-member" xlink:type="arc" xlink:from="ns11_CFDAAmountsAndClusterInformationAbstract" xlink:to="ns11_AdditionalAwardIdentification" order="3"/>
    <link:loc xlink:label="ns2_FederalProgramName" xlink:href="../../../grants/elts/grants_2023.xsd#sap_FederalProgramName" xlink:type="locator"/>
    <link:definitionArc xlink:arcrole="http://xbrl.org/int/dim/arcrole/domain-member" xlink:type="arc" xlink:from="ns11_CFDAAmountsAndClusterInformationAbstract" xlink:to="ns2_FederalProgramName" order="4"/>
    <link:loc xlink:label="ns11_AmountExpended" xlink:href="../../elts/singleaudit_2023.xsd#sap_AmountExpended" xlink:type="locator"/>
    <link:definitionArc xlink:arcrole="http://xbrl.org/int/dim/arcrole/domain-member" xlink:type="arc" xlink:from="ns11_CFDAAmountsAndClusterInformationAbstract" xlink:to="ns11_AmountExpended" order="5"/>
    <link:loc xlink:label="ns11_DirectAmountExpended" xlink:href="../../elts/singleaudit_2023.xsd#sap_DirectAmountExpended" xlink:type="locator"/>
    <link:definitionArc xlink:arcrole="http://xbrl.org/int/dim/arcrole/domain-member" xlink:type="arc" xlink:from="ns11_CFDAAmountsAndClusterInformationAbstract" xlink:to="ns11_DirectAmountExpended" order="6"/>
    <link:loc xlink:label="ns11_PassThroughAmount" xlink:href="../../elts/singleaudit_2023.xsd#sap_PassThroughAmount" xlink:type="locator"/>
    <link:definitionArc xlink:arcrole="http://xbrl.org/int/dim/arcrole/domain-member" xlink:type="arc" xlink:from="ns11_CFDAAmountsAndClusterInformationAbstract" xlink:to="ns11_PassThroughAmount" order="7"/>
    <link:loc xlink:label="ns11_ProgramOrAwardAmount" xlink:href="../../elts/singleaudit_2023.xsd#sap_ProgramOrAwardAmount" xlink:type="locator"/>
    <link:definitionArc xlink:arcrole="http://xbrl.org/int/dim/arcrole/domain-member" xlink:type="arc" xlink:from="ns11_CFDAAmountsAndClusterInformationAbstract" xlink:to="ns11_ProgramOrAwardAmount" order="8"/>
    <link:loc xlink:label="ns11_GRMLegalEntityAuditClusterName" xlink:href="../../elts/singleaudit_2023.xsd#sap_GRMLegalEntityAuditClusterName" xlink:type="locator"/>
    <link:definitionArc xlink:arcrole="http://xbrl.org/int/dim/arcrole/domain-member" xlink:type="arc" xlink:from="ns11_CFDAAmountsAndClusterInformationAbstract" xlink:to="ns11_GRMLegalEntityAuditClusterName" order="9"/>
    <link:loc xlink:label="ns11_ScheduleOfFederalAwardsAndQuestionedCostsLineItems" xlink:href="../../elts/singleaudit_2023.xsd#sap_ScheduleOfFederalAwardsAndQuestionedCostsLineItems" xlink:type="locator"/>
    <link:loc xlink:label="ns11_ScheduleOfExpendituresOfFederalAwardsAbstract_1" xlink:href="../../elts/singleaudit_2023.xsd#sap_ScheduleOfExpendituresOfFederalAwardsAbstract" xlink:type="locator"/>
    <link:definitionArc xlink:arcrole="http://xbrl.org/int/dim/arcrole/domain-member" xlink:type="arc" xlink:from="ns11_ScheduleOfFederalAwardsAndQuestionedCostsLineItems" xlink:to="ns11_ScheduleOfExpendituresOfFederalAwardsAbstract_1" order="1"/>
    <link:loc xlink:label="ns11_MajorProgramandAuditFindingsAbstract" xlink:href="../../elts/singleaudit_2023.xsd#sap_MajorProgramandAuditFindingsAbstract" xlink:type="locator"/>
    <link:definitionArc xlink:arcrole="http://xbrl.org/int/dim/arcrole/domain-member" xlink:type="arc" xlink:from="ns11_ScheduleOfFederalAwardsAndQuestionedCostsLineItems" xlink:to="ns11_MajorProgramandAuditFindingsAbstract" order="2"/>
    <link:loc xlink:label="ns11_FederalLoanOrLoanGuarantee" xlink:href="../../elts/singleaudit_2023.xsd#sap_FederalLoanOrLoanGuarantee" xlink:type="locator"/>
    <link:definitionArc xlink:arcrole="http://xbrl.org/int/dim/arcrole/domain-member" xlink:type="arc" xlink:from="ns11_LoanProgramAbstract" xlink:to="ns11_FederalLoanOrLoanGuarantee" order="1"/>
    <link:loc xlink:label="ns11_OutstandingLoanBalance" xlink:href="../../elts/singleaudit_2023.xsd#sap_OutstandingLoanBalance" xlink:type="locator"/>
    <link:definitionArc xlink:arcrole="http://xbrl.org/int/dim/arcrole/domain-member" xlink:type="arc" xlink:from="ns11_LoanProgramAbstract" xlink:to="ns11_OutstandingLoanBalance" order="2"/>
    <link:loc xlink:label="ns11_ScheduleOfFederalAwardsAndQuestionedCostsTable" xlink:href="../../elts/singleaudit_2023.xsd#sap_ScheduleOfFederalAwardsAndQuestionedCostsTable" xlink:type="locator"/>
    <link:loc xlink:label="ns2_FederalProgramIdentifierAxis" xlink:href="../../../grants/elts/grants_2023.xsd#sap_FederalProgramIdentifierAxis" xlink:type="locator"/>
    <link:definitionArc xlink:arcrole="http://xbrl.org/int/dim/arcrole/hypercube-dimension" xlink:type="arc" xlink:from="ns11_ScheduleOfFederalAwardsAndQuestionedCostsTable" xlink:to="ns2_FederalProgramIdentifierAxis" order="1"/>
    <link:loc xlink:label="ns11_ScheduleOfFederalAwardsAndQuestionedCostsLineItems_1" xlink:href="../../elts/singleaudit_2023.xsd#sap_ScheduleOfFederalAwardsAndQuestionedCostsLineItems" xlink:type="locator"/>
    <link:definitionArc xlink:arcrole="http://xbrl.org/int/dim/arcrole/all" xlink:type="arc" xlink:from="ns11_ScheduleOfFederalAwardsAndQuestionedCostsLineItems_1" xlink:to="ns11_ScheduleOfFederalAwardsAndQuestionedCostsTable" order="1" xbrldt:contextElement="segment"/>
    <link:loc xlink:label="ns11_MajorProgram" xlink:href="../../elts/singleaudit_2023.xsd#sap_MajorProgram" xlink:type="locator"/>
    <link:definitionArc xlink:arcrole="http://xbrl.org/int/dim/arcrole/domain-member" xlink:type="arc" xlink:from="ns11_MajorProgramandAuditFindingsAbstract" xlink:to="ns11_MajorProgram" order="1"/>
    <link:loc xlink:label="ns11_TypeofSingleAuditOpinion" xlink:href="../../elts/singleaudit_2023.xsd#sap_TypeofSingleAuditOpinion" xlink:type="locator"/>
    <link:definitionArc xlink:arcrole="http://xbrl.org/int/dim/arcrole/domain-member" xlink:type="arc" xlink:from="ns11_MajorProgramandAuditFindingsAbstract" xlink:to="ns11_TypeofSingleAuditOpinion" order="2"/>
    <link:loc xlink:label="ns11_GRMLegalEntityAuditFindingsTotalQuantity" xlink:href="../../elts/singleaudit_2023.xsd#sap_GRMLegalEntityAuditFindingsTotalQuantity" xlink:type="locator"/>
    <link:definitionArc xlink:arcrole="http://xbrl.org/int/dim/arcrole/domain-member" xlink:type="arc" xlink:from="ns11_MajorProgramandAuditFindingsAbstract" xlink:to="ns11_GRMLegalEntityAuditFindingsTotalQuantity" order="3"/>
    <link:loc xlink:label="ns11_AuditFindingReferenceNumber" xlink:href="../../elts/singleaudit_2023.xsd#sap_AuditFindingReferenceNumber" xlink:type="locator"/>
    <link:definitionArc xlink:arcrole="http://xbrl.org/int/dim/arcrole/domain-member" xlink:type="arc" xlink:from="ns11_MajorProgramandAuditFindingsAbstract" xlink:to="ns11_AuditFindingReferenceNumber" order="4"/>
  </link:definitionLink>
</link:linkbase>
