<!--
c 2024 XBRL US, Inc.
Notice: Authorized Uses are Set Forth at https://xbrl.us/acfr_legal
 -->
<link:linkbase xmlns:link="http://www.xbrl.org/2003/linkbase" xmlns:xlink="http://www.w3.org/1999/xlink" xmlns:xsi="http://www.w3.org/2001/XMLSchema-instance" xsi:schemaLocation="http://www.xbrl.org/2003/linkbase http://www.xbrl.org/2003/xbrl-linkbase-2003-12-31.xsd">
  <link:roleRef roleURI="https://taxonomies.xbrl.us/grip/acfr/roles/DisclosuresEducation" xlink:href="DisclosuresEducation_2023.xsd#DisclosuresEducation" xlink:type="simple"/>
  <link:presentationLink xlink:role="https://taxonomies.xbrl.us/grip/acfr/roles/DisclosuresEducation" xlink:type="extended">
    <link:loc xlink:label="ns13_DisclosuresEducationAbstract" xlink:href="../../elts/acfr_2023.xsd#acfr_DisclosuresEducationAbstract" xlink:type="locator"/>
    <link:loc xlink:label="ns13_NumberOfStudents" xlink:href="../../elts/acfr_2023.xsd#acfr_NumberOfStudents" xlink:type="locator"/>
    <link:presentationArc xlink:arcrole="http://www.xbrl.org/2003/arcrole/parent-child" xlink:type="arc" xlink:from="ns13_DisclosuresEducationAbstract" xlink:to="ns13_NumberOfStudents" order="1"/>
    <link:loc xlink:label="ns13_NumberOfCreditHours" xlink:href="../../elts/acfr_2023.xsd#acfr_NumberOfCreditHours" xlink:type="locator"/>
    <link:presentationArc xlink:arcrole="http://www.xbrl.org/2003/arcrole/parent-child" xlink:type="arc" xlink:from="ns13_DisclosuresEducationAbstract" xlink:to="ns13_NumberOfCreditHours" order="2"/>
  </link:presentationLink>
</link:linkbase>
