<link:linkbase xmlns:link="http://www.xbrl.org/2003/linkbase" xmlns:xlink="http://www.w3.org/1999/xlink" xmlns:xsi="http://www.w3.org/2001/XMLSchema-instance" xmlns:xbrldt="http://xbrl.org/2005/xbrldt" xsi:schemaLocation="http://www.xbrl.org/2003/linkbase http://www.xbrl.org/2003/xbrl-linkbase-2003-12-31.xsd">
  <link:roleRef roleURI="https://taxonomies.xbrl.us/grip/singleaudit/roles/SingleAuditCFDATotals" xlink:href="CFDATotals_2023.xsd#SingleAuditCFDATotals" xlink:type="simple"/>
  <link:arcroleRef arcroleURI="http://xbrl.org/int/dim/arcrole/hypercube-dimension" xlink:href="http://www.xbrl.org/2005/xbrldt-2005.xsd#hypercube-dimension" xlink:type="simple"/>
  <link:arcroleRef arcroleURI="http://xbrl.org/int/dim/arcrole/all" xlink:href="http://www.xbrl.org/2005/xbrldt-2005.xsd#all" xlink:type="simple"/>
  <link:arcroleRef arcroleURI="http://xbrl.org/int/dim/arcrole/domain-member" xlink:href="http://www.xbrl.org/2005/xbrldt-2005.xsd#domain-member" xlink:type="simple"/>
  <link:definitionLink xlink:role="https://taxonomies.xbrl.us/grip/singleaudit/roles/SingleAuditCFDATotals" xlink:type="extended">
    <link:loc xlink:label="ns11_CFDATotalsTable" xlink:href="../../elts/singleaudit_2023.xsd#sap_CFDATotalsTable" xlink:type="locator"/>
    <link:loc xlink:label="ns11_CFDAAxis" xlink:href="../../elts/singleaudit_2023.xsd#sap_CFDAAxis" xlink:type="locator"/>
    <link:definitionArc xlink:arcrole="http://xbrl.org/int/dim/arcrole/hypercube-dimension" xlink:type="arc" xlink:from="ns11_CFDATotalsTable" xlink:to="ns11_CFDAAxis" order="1"/>
    <link:loc xlink:label="ns11_CFDATotalsLineItems" xlink:href="../../elts/singleaudit_2023.xsd#sap_CFDATotalsLineItems" xlink:type="locator"/>
    <link:definitionArc xlink:arcrole="http://xbrl.org/int/dim/arcrole/all" xlink:type="arc" xlink:from="ns11_CFDATotalsLineItems" xlink:to="ns11_CFDATotalsTable" order="1" xbrldt:contextElement="segment"/>
    <link:loc xlink:label="ns11_AmountExpended" xlink:href="../../elts/singleaudit_2023.xsd#sap_AmountExpended" xlink:type="locator"/>
    <link:definitionArc xlink:arcrole="http://xbrl.org/int/dim/arcrole/domain-member" xlink:type="arc" xlink:from="ns11_CFDATotalsLineItems" xlink:to="ns11_AmountExpended" order="1"/>
    <link:loc xlink:label="ns11_PassThroughAmount" xlink:href="../../elts/singleaudit_2023.xsd#sap_PassThroughAmount" xlink:type="locator"/>
    <link:definitionArc xlink:arcrole="http://xbrl.org/int/dim/arcrole/domain-member" xlink:type="arc" xlink:from="ns11_CFDATotalsLineItems" xlink:to="ns11_PassThroughAmount" order="2"/>
    <link:loc xlink:label="ns11_ProgramOrAwardAmount" xlink:href="../../elts/singleaudit_2023.xsd#sap_ProgramOrAwardAmount" xlink:type="locator"/>
    <link:definitionArc xlink:arcrole="http://xbrl.org/int/dim/arcrole/domain-member" xlink:type="arc" xlink:from="ns11_CFDATotalsLineItems" xlink:to="ns11_ProgramOrAwardAmount" order="3"/>
    <link:loc xlink:label="ns11_DirectAmountExpended" xlink:href="../../elts/singleaudit_2023.xsd#sap_DirectAmountExpended" xlink:type="locator"/>
    <link:definitionArc xlink:arcrole="http://xbrl.org/int/dim/arcrole/domain-member" xlink:type="arc" xlink:from="ns11_CFDATotalsLineItems" xlink:to="ns11_DirectAmountExpended" order="4"/>
  </link:definitionLink>
</link:linkbase>
