<link:linkbase xmlns:link="http://www.xbrl.org/2003/linkbase" xmlns:xlink="http://www.w3.org/1999/xlink" xmlns:xsi="http://www.w3.org/2001/XMLSchema-instance" xmlns:xbrldt="http://xbrl.org/2005/xbrldt" xsi:schemaLocation="http://www.xbrl.org/2003/linkbase http://www.xbrl.org/2003/xbrl-linkbase-2003-12-31.xsd">
  <link:roleRef roleURI="https://taxonomies.xbrl.us/grip/grants/roles/GrantsManagementApplicationNonFederaResources" xlink:href="ApplicationForFederalAssistanceNonFederalResources_2023.xsd#GrantsManagementApplicationNonFederaResources" xlink:type="simple"/>
  <link:arcroleRef arcroleURI="http://xbrl.org/int/dim/arcrole/all" xlink:href="http://www.xbrl.org/2005/xbrldt-2005.xsd#all" xlink:type="simple"/>
  <link:arcroleRef arcroleURI="http://xbrl.org/int/dim/arcrole/dimension-default" xlink:href="http://www.xbrl.org/2005/xbrldt-2005.xsd#dimension-default" xlink:type="simple"/>
  <link:arcroleRef arcroleURI="http://xbrl.org/int/dim/arcrole/domain-member" xlink:href="http://www.xbrl.org/2005/xbrldt-2005.xsd#domain-member" xlink:type="simple"/>
  <link:arcroleRef arcroleURI="http://xbrl.org/int/dim/arcrole/hypercube-dimension" xlink:href="http://www.xbrl.org/2005/xbrldt-2005.xsd#hypercube-dimension" xlink:type="simple"/>
  <link:arcroleRef arcroleURI="http://xbrl.org/int/dim/arcrole/dimension-domain" xlink:href="http://www.xbrl.org/2005/xbrldt-2005.xsd#dimension-domain" xlink:type="simple"/>
  <link:definitionLink xlink:role="https://taxonomies.xbrl.us/grip/grants/roles/GrantsManagementApplicationNonFederaResources" xlink:type="extended">
    <link:loc xlink:label="ns2_ApplicationForFederalAssistanceTable" xlink:href="../../elts/grants_2023.xsd#sap_ApplicationForFederalAssistanceTable" xlink:type="locator"/>
    <link:loc xlink:label="ns2_FederalProgramIdentifierAxis" xlink:href="../../elts/grants_2023.xsd#sap_FederalProgramIdentifierAxis" xlink:type="locator"/>
    <link:definitionArc xlink:arcrole="http://xbrl.org/int/dim/arcrole/hypercube-dimension" xlink:type="arc" xlink:from="ns2_ApplicationForFederalAssistanceTable" xlink:to="ns2_FederalProgramIdentifierAxis" order="1"/>
    <link:loc xlink:label="ns2_NonFederalResourceContributionTypeAxis" xlink:href="../../elts/grants_2023.xsd#sap_NonFederalResourceContributionTypeAxis" xlink:type="locator"/>
    <link:definitionArc xlink:arcrole="http://xbrl.org/int/dim/arcrole/hypercube-dimension" xlink:type="arc" xlink:from="ns2_ApplicationForFederalAssistanceTable" xlink:to="ns2_NonFederalResourceContributionTypeAxis" order="2"/>
    <link:loc xlink:label="ns2_ApplicationForFederalAssistanceLineItems" xlink:href="../../elts/grants_2023.xsd#sap_ApplicationForFederalAssistanceLineItems" xlink:type="locator"/>
    <link:definitionArc xlink:arcrole="http://xbrl.org/int/dim/arcrole/all" xlink:type="arc" xlink:from="ns2_ApplicationForFederalAssistanceLineItems" xlink:to="ns2_ApplicationForFederalAssistanceTable" order="1" xbrldt:contextElement="segment"/>
    <link:loc xlink:label="ns2_NonFederalResourceContribution" xlink:href="../../elts/grants_2023.xsd#sap_NonFederalResourceContribution" xlink:type="locator"/>
    <link:definitionArc xlink:arcrole="http://xbrl.org/int/dim/arcrole/domain-member" xlink:type="arc" xlink:from="ns2_ApplicationForFederalAssistanceLineItems" xlink:to="ns2_NonFederalResourceContribution" order="1"/>
    <link:loc xlink:label="ns2_NonFederalResourceContributionTypeDomain" xlink:href="../../elts/grants_2023.xsd#sap_NonFederalResourceContributionTypeDomain" xlink:type="locator"/>
    <link:loc xlink:label="ns2_ApplicantMember" xlink:href="../../elts/grants_2023.xsd#sap_ApplicantMember" xlink:type="locator"/>
    <link:definitionArc xlink:arcrole="http://xbrl.org/int/dim/arcrole/domain-member" xlink:type="arc" xlink:from="ns2_NonFederalResourceContributionTypeDomain" xlink:to="ns2_ApplicantMember" order="1"/>
    <link:loc xlink:label="ns2_StateMember" xlink:href="../../elts/grants_2023.xsd#sap_StateMember" xlink:type="locator"/>
    <link:definitionArc xlink:arcrole="http://xbrl.org/int/dim/arcrole/domain-member" xlink:type="arc" xlink:from="ns2_NonFederalResourceContributionTypeDomain" xlink:to="ns2_StateMember" order="2"/>
    <link:loc xlink:label="ns2_OtherSourcesMember" xlink:href="../../elts/grants_2023.xsd#sap_OtherSourcesMember" xlink:type="locator"/>
    <link:definitionArc xlink:arcrole="http://xbrl.org/int/dim/arcrole/domain-member" xlink:type="arc" xlink:from="ns2_NonFederalResourceContributionTypeDomain" xlink:to="ns2_OtherSourcesMember" order="3"/>
    <link:loc xlink:label="ns2_NonFederalResourceContributionTypeDomain_1" xlink:href="../../elts/grants_2023.xsd#sap_NonFederalResourceContributionTypeDomain" xlink:type="locator"/>
    <link:definitionArc xlink:arcrole="http://xbrl.org/int/dim/arcrole/dimension-domain" xlink:type="arc" xlink:from="ns2_NonFederalResourceContributionTypeAxis" xlink:to="ns2_NonFederalResourceContributionTypeDomain_1" order="1"/>
    <link:loc xlink:label="ns2_NonFederalResourceContributionTypeDomain_2" xlink:href="../../elts/grants_2023.xsd#sap_NonFederalResourceContributionTypeDomain" xlink:type="locator"/>
    <link:definitionArc xlink:arcrole="http://xbrl.org/int/dim/arcrole/dimension-default" xlink:type="arc" xlink:from="ns2_NonFederalResourceContributionTypeAxis" xlink:to="ns2_NonFederalResourceContributionTypeDomain_2" order="1"/>
  </link:definitionLink>
</link:linkbase>
