<!--
c 2024 XBRL US, Inc.
Notice: Authorized Uses are Set Forth at https://xbrl.us/acfr_legal
 -->
<link:linkbase xmlns:link="http://www.xbrl.org/2003/linkbase" xmlns:xlink="http://www.w3.org/1999/xlink" xmlns:xsi="http://www.w3.org/2001/XMLSchema-instance" xsi:schemaLocation="http://www.xbrl.org/2003/linkbase http://www.xbrl.org/2003/xbrl-linkbase-2003-12-31.xsd">
  <link:roleRef roleURI="https://taxonomies.xbrl.us/grip/acfr/roles/PensionChangeNetPensionLiabilitySchedule" xlink:href="PensionPlans_2023.xsd#PensionChangeNetPensionLiabilitySchedule" xlink:type="simple"/>
  <link:calculationLink xlink:role="https://taxonomies.xbrl.us/grip/acfr/roles/PensionChangeNetPensionLiabilitySchedule" xlink:type="extended">
    <link:loc xlink:label="ns13_PensionLiabilityPeriodIncreaseDecrease" xlink:href="../../elts/acfr_2023.xsd#acfr_PensionLiabilityPeriodIncreaseDecrease" xlink:type="locator"/>
    <link:loc xlink:label="ns13_PensionPlanInterestCost" xlink:href="../../elts/acfr_2023.xsd#acfr_PensionPlanInterestCost" xlink:type="locator"/>
    <link:calculationArc xlink:arcrole="http://www.xbrl.org/2003/arcrole/summation-item" xlink:type="arc" xlink:from="ns13_PensionLiabilityPeriodIncreaseDecrease" xlink:to="ns13_PensionPlanInterestCost" order="2" weight="1.0"/>
    <link:loc xlink:label="ns13_PensionPlanChangesOfAssumptionsOrOtherInputs" xlink:href="../../elts/acfr_2023.xsd#acfr_PensionPlanChangesOfAssumptionsOrOtherInputs" xlink:type="locator"/>
    <link:calculationArc xlink:arcrole="http://www.xbrl.org/2003/arcrole/summation-item" xlink:type="arc" xlink:from="ns13_PensionLiabilityPeriodIncreaseDecrease" xlink:to="ns13_PensionPlanChangesOfAssumptionsOrOtherInputs" order="5" weight="1.0"/>
    <link:loc xlink:label="ns13_PensionPlanFiduciaryNetPositionIncreaseDecrease" xlink:href="../../elts/acfr_2023.xsd#acfr_PensionPlanFiduciaryNetPositionIncreaseDecrease" xlink:type="locator"/>
    <link:loc xlink:label="ns13_PensionActualEmployeeContribution" xlink:href="../../elts/acfr_2023.xsd#acfr_PensionActualEmployeeContribution" xlink:type="locator"/>
    <link:calculationArc xlink:arcrole="http://www.xbrl.org/2003/arcrole/summation-item" xlink:type="arc" xlink:from="ns13_PensionPlanFiduciaryNetPositionIncreaseDecrease" xlink:to="ns13_PensionActualEmployeeContribution" order="3" weight="1.0"/>
    <link:loc xlink:label="ns13_NetChangeInPensionLiabilityAsset" xlink:href="../../elts/acfr_2023.xsd#acfr_NetChangeInPensionLiabilityAsset" xlink:type="locator"/>
    <link:loc xlink:label="ns13_PensionPlanFiduciaryNetPositionIncreaseDecrease_1" xlink:href="../../elts/acfr_2023.xsd#acfr_PensionPlanFiduciaryNetPositionIncreaseDecrease" xlink:type="locator"/>
    <link:calculationArc xlink:arcrole="http://www.xbrl.org/2003/arcrole/summation-item" xlink:type="arc" xlink:from="ns13_NetChangeInPensionLiabilityAsset" xlink:to="ns13_PensionPlanFiduciaryNetPositionIncreaseDecrease_1" order="2" weight="-1.0"/>
    <link:loc xlink:label="ns13_ChangesInPensionLiabilityDueToChangeInBenefitTerms" xlink:href="../../elts/acfr_2023.xsd#acfr_ChangesInPensionLiabilityDueToChangeInBenefitTerms" xlink:type="locator"/>
    <link:calculationArc xlink:arcrole="http://www.xbrl.org/2003/arcrole/summation-item" xlink:type="arc" xlink:from="ns13_PensionLiabilityPeriodIncreaseDecrease" xlink:to="ns13_ChangesInPensionLiabilityDueToChangeInBenefitTerms" order="3" weight="1.0"/>
    <link:loc xlink:label="ns13_PensionNetInvestmentIncome" xlink:href="../../elts/acfr_2023.xsd#acfr_PensionNetInvestmentIncome" xlink:type="locator"/>
    <link:calculationArc xlink:arcrole="http://www.xbrl.org/2003/arcrole/summation-item" xlink:type="arc" xlink:from="ns13_PensionPlanFiduciaryNetPositionIncreaseDecrease" xlink:to="ns13_PensionNetInvestmentIncome" order="4" weight="1.0"/>
    <link:loc xlink:label="ns13_DifferencesBetweenExpectedAndActualExperienceInMeasurementOfTotalPensionLiability" xlink:href="../../elts/acfr_2023.xsd#acfr_DifferencesBetweenExpectedAndActualExperienceInMeasurementOfTotalPensionLiability" xlink:type="locator"/>
    <link:calculationArc xlink:arcrole="http://www.xbrl.org/2003/arcrole/summation-item" xlink:type="arc" xlink:from="ns13_PensionLiabilityPeriodIncreaseDecrease" xlink:to="ns13_DifferencesBetweenExpectedAndActualExperienceInMeasurementOfTotalPensionLiability" order="4" weight="-1.0"/>
    <link:loc xlink:label="ns13_BenefitPaymentsMadeByPensionPlanFiduciaryNetPosition" xlink:href="../../elts/acfr_2023.xsd#acfr_BenefitPaymentsMadeByPensionPlanFiduciaryNetPosition" xlink:type="locator"/>
    <link:calculationArc xlink:arcrole="http://www.xbrl.org/2003/arcrole/summation-item" xlink:type="arc" xlink:from="ns13_PensionPlanFiduciaryNetPositionIncreaseDecrease" xlink:to="ns13_BenefitPaymentsMadeByPensionPlanFiduciaryNetPosition" order="5" weight="-1.0"/>
    <link:loc xlink:label="ns13_PensionAdministrativeExpenses" xlink:href="../../elts/acfr_2023.xsd#acfr_PensionAdministrativeExpenses" xlink:type="locator"/>
    <link:calculationArc xlink:arcrole="http://www.xbrl.org/2003/arcrole/summation-item" xlink:type="arc" xlink:from="ns13_PensionPlanFiduciaryNetPositionIncreaseDecrease" xlink:to="ns13_PensionAdministrativeExpenses" order="6" weight="-1.0"/>
    <link:loc xlink:label="ns13_PensionBenefitPayments" xlink:href="../../elts/acfr_2023.xsd#acfr_PensionBenefitPayments" xlink:type="locator"/>
    <link:calculationArc xlink:arcrole="http://www.xbrl.org/2003/arcrole/summation-item" xlink:type="arc" xlink:from="ns13_PensionLiabilityPeriodIncreaseDecrease" xlink:to="ns13_PensionBenefitPayments" order="6" weight="-1.0"/>
    <link:loc xlink:label="ns13_OtherChangesSeparatelyIdentifiedIfIndividuallySignificant" xlink:href="../../elts/acfr_2023.xsd#acfr_OtherChangesSeparatelyIdentifiedIfIndividuallySignificant" xlink:type="locator"/>
    <link:calculationArc xlink:arcrole="http://www.xbrl.org/2003/arcrole/summation-item" xlink:type="arc" xlink:from="ns13_PensionPlanFiduciaryNetPositionIncreaseDecrease" xlink:to="ns13_OtherChangesSeparatelyIdentifiedIfIndividuallySignificant" order="7" weight="1.0"/>
    <link:loc xlink:label="ns13_NetPensionLiability" xlink:href="../../elts/acfr_2023.xsd#acfr_NetPensionLiability" xlink:type="locator"/>
    <link:loc xlink:label="ns13_PensionPlanFiduciaryNetPosition" xlink:href="../../elts/acfr_2023.xsd#acfr_PensionPlanFiduciaryNetPosition" xlink:type="locator"/>
    <link:calculationArc xlink:arcrole="http://www.xbrl.org/2003/arcrole/summation-item" xlink:type="arc" xlink:from="ns13_NetPensionLiability" xlink:to="ns13_PensionPlanFiduciaryNetPosition" order="2" weight="-1.0"/>
    <link:loc xlink:label="ns13_PensionEmployerContribution" xlink:href="../../elts/acfr_2023.xsd#acfr_PensionEmployerContribution" xlink:type="locator"/>
    <link:calculationArc xlink:arcrole="http://www.xbrl.org/2003/arcrole/summation-item" xlink:type="arc" xlink:from="ns13_PensionPlanFiduciaryNetPositionIncreaseDecrease" xlink:to="ns13_PensionEmployerContribution" order="1" weight="1.0"/>
    <link:loc xlink:label="ns13_PensionServiceCost" xlink:href="../../elts/acfr_2023.xsd#acfr_PensionServiceCost" xlink:type="locator"/>
    <link:calculationArc xlink:arcrole="http://www.xbrl.org/2003/arcrole/summation-item" xlink:type="arc" xlink:from="ns13_PensionLiabilityPeriodIncreaseDecrease" xlink:to="ns13_PensionServiceCost" order="1" weight="1.0"/>
    <link:loc xlink:label="ns13_PensionLiabilityPeriodIncreaseDecrease_1" xlink:href="../../elts/acfr_2023.xsd#acfr_PensionLiabilityPeriodIncreaseDecrease" xlink:type="locator"/>
    <link:calculationArc xlink:arcrole="http://www.xbrl.org/2003/arcrole/summation-item" xlink:type="arc" xlink:from="ns13_NetChangeInPensionLiabilityAsset" xlink:to="ns13_PensionLiabilityPeriodIncreaseDecrease_1" order="1" weight="1.0"/>
    <link:loc xlink:label="ns13_TotalPensionLiability" xlink:href="../../elts/acfr_2023.xsd#acfr_TotalPensionLiability" xlink:type="locator"/>
    <link:calculationArc xlink:arcrole="http://www.xbrl.org/2003/arcrole/summation-item" xlink:type="arc" xlink:from="ns13_NetPensionLiability" xlink:to="ns13_TotalPensionLiability" order="1" weight="1.0"/>
    <link:loc xlink:label="ns13_PensionActualContributionsFromOthers" xlink:href="../../elts/acfr_2023.xsd#acfr_PensionActualContributionsFromOthers" xlink:type="locator"/>
    <link:calculationArc xlink:arcrole="http://www.xbrl.org/2003/arcrole/summation-item" xlink:type="arc" xlink:from="ns13_PensionPlanFiduciaryNetPositionIncreaseDecrease" xlink:to="ns13_PensionActualContributionsFromOthers" order="2" weight="1.0"/>
  </link:calculationLink>
</link:linkbase>
