<!--
c 2024 XBRL US, Inc.
Notice: Authorized Uses are Set Forth at https://xbrl.us/acfr_legal
 -->
<link:linkbase xmlns:link="http://www.xbrl.org/2003/linkbase" xmlns:xlink="http://www.w3.org/1999/xlink" xmlns:xsi="http://www.w3.org/2001/XMLSchema-instance" xmlns:xbrldt="http://xbrl.org/2005/xbrldt" xsi:schemaLocation="http://www.xbrl.org/2003/linkbase http://www.xbrl.org/2003/xbrl-linkbase-2003-12-31.xsd">
  <link:roleRef roleURI="https://taxonomies.xbrl.us/grip/grants/roles/GrantsManagementApplicationSF424" xlink:href="GrantsManagementApplicationForFederalAssistance_2023.xsd#GrantsManagementApplicationSF424" xlink:type="simple"/>
  <link:arcroleRef arcroleURI="http://xbrl.org/int/dim/arcrole/hypercube-dimension" xlink:href="http://www.xbrl.org/2005/xbrldt-2005.xsd#hypercube-dimension" xlink:type="simple"/>
  <link:arcroleRef arcroleURI="http://xbrl.org/int/dim/arcrole/all" xlink:href="http://www.xbrl.org/2005/xbrldt-2005.xsd#all" xlink:type="simple"/>
  <link:arcroleRef arcroleURI="http://xbrl.org/int/dim/arcrole/domain-member" xlink:href="http://www.xbrl.org/2005/xbrldt-2005.xsd#domain-member" xlink:type="simple"/>
  <link:definitionLink xlink:role="https://taxonomies.xbrl.us/grip/grants/roles/GrantsManagementApplicationSF424" xlink:type="extended">
    <link:loc xlink:label="ns2_ApplicationForFederalAssistanceDetailsAbstract" xlink:href="../../elts/grants_2023.xsd#sap_ApplicationForFederalAssistanceDetailsAbstract" xlink:type="locator"/>
    <link:loc xlink:label="ns2_GrantsManagementApplicationInformationAbstract" xlink:href="../../elts/grants_2023.xsd#sap_GrantsManagementApplicationInformationAbstract" xlink:type="locator"/>
    <link:definitionArc xlink:arcrole="http://xbrl.org/int/dim/arcrole/domain-member" xlink:type="arc" xlink:from="ns2_ApplicationForFederalAssistanceDetailsAbstract" xlink:to="ns2_GrantsManagementApplicationInformationAbstract" order="1"/>
    <link:loc xlink:label="ns2_GrantsManagementApplicantInformationAbstract" xlink:href="../../elts/grants_2023.xsd#sap_GrantsManagementApplicantInformationAbstract" xlink:type="locator"/>
    <link:definitionArc xlink:arcrole="http://xbrl.org/int/dim/arcrole/domain-member" xlink:type="arc" xlink:from="ns2_ApplicationForFederalAssistanceDetailsAbstract" xlink:to="ns2_GrantsManagementApplicantInformationAbstract" order="2"/>
    <link:loc xlink:label="ns2_GrantsApplicantTypeAbstract" xlink:href="../../elts/grants_2023.xsd#sap_GrantsApplicantTypeAbstract" xlink:type="locator"/>
    <link:definitionArc xlink:arcrole="http://xbrl.org/int/dim/arcrole/domain-member" xlink:type="arc" xlink:from="ns2_ApplicationForFederalAssistanceDetailsAbstract" xlink:to="ns2_GrantsApplicantTypeAbstract" order="3"/>
    <link:loc xlink:label="ns2_GrantsManagementProjectInformationAbstract" xlink:href="../../elts/grants_2023.xsd#sap_GrantsManagementProjectInformationAbstract" xlink:type="locator"/>
    <link:definitionArc xlink:arcrole="http://xbrl.org/int/dim/arcrole/domain-member" xlink:type="arc" xlink:from="ns2_ApplicationForFederalAssistanceDetailsAbstract" xlink:to="ns2_GrantsManagementProjectInformationAbstract" order="4"/>
    <link:loc xlink:label="ns2_ApplicationForFederalAssistanceTable" xlink:href="../../elts/grants_2023.xsd#sap_ApplicationForFederalAssistanceTable" xlink:type="locator"/>
    <link:loc xlink:label="ns2_FederalProgramIdentifierAxis" xlink:href="../../elts/grants_2023.xsd#sap_FederalProgramIdentifierAxis" xlink:type="locator"/>
    <link:definitionArc xlink:arcrole="http://xbrl.org/int/dim/arcrole/hypercube-dimension" xlink:type="arc" xlink:from="ns2_ApplicationForFederalAssistanceTable" xlink:to="ns2_FederalProgramIdentifierAxis" order="1"/>
    <link:loc xlink:label="ns2_ApplicationForFederalAssistanceLineItems" xlink:href="../../elts/grants_2023.xsd#sap_ApplicationForFederalAssistanceLineItems" xlink:type="locator"/>
    <link:definitionArc xlink:arcrole="http://xbrl.org/int/dim/arcrole/all" xlink:type="arc" xlink:from="ns2_ApplicationForFederalAssistanceLineItems" xlink:to="ns2_ApplicationForFederalAssistanceTable" order="1" xbrldt:contextElement="segment"/>
    <link:loc xlink:label="ns2_ApplicationForFederalAssistanceDetailsAbstract_1" xlink:href="../../elts/grants_2023.xsd#sap_ApplicationForFederalAssistanceDetailsAbstract" xlink:type="locator"/>
    <link:definitionArc xlink:arcrole="http://xbrl.org/int/dim/arcrole/domain-member" xlink:type="arc" xlink:from="ns2_ApplicationForFederalAssistanceLineItems" xlink:to="ns2_ApplicationForFederalAssistanceDetailsAbstract_1" order="1"/>
    <link:loc xlink:label="ns2_GrantsApplicantTypeStateGovernment" xlink:href="../../elts/grants_2023.xsd#sap_GrantsApplicantTypeStateGovernment" xlink:type="locator"/>
    <link:definitionArc xlink:arcrole="http://xbrl.org/int/dim/arcrole/domain-member" xlink:type="arc" xlink:from="ns2_GrantsApplicantTypeAbstract" xlink:to="ns2_GrantsApplicantTypeStateGovernment" order="1"/>
    <link:loc xlink:label="ns2_GrantsApplicantTypeCountyGovernment" xlink:href="../../elts/grants_2023.xsd#sap_GrantsApplicantTypeCountyGovernment" xlink:type="locator"/>
    <link:definitionArc xlink:arcrole="http://xbrl.org/int/dim/arcrole/domain-member" xlink:type="arc" xlink:from="ns2_GrantsApplicantTypeAbstract" xlink:to="ns2_GrantsApplicantTypeCountyGovernment" order="2"/>
    <link:loc xlink:label="ns2_GrantsApplicantTypeCityOrTownshipGovernment" xlink:href="../../elts/grants_2023.xsd#sap_GrantsApplicantTypeCityOrTownshipGovernment" xlink:type="locator"/>
    <link:definitionArc xlink:arcrole="http://xbrl.org/int/dim/arcrole/domain-member" xlink:type="arc" xlink:from="ns2_GrantsApplicantTypeAbstract" xlink:to="ns2_GrantsApplicantTypeCityOrTownshipGovernment" order="3"/>
    <link:loc xlink:label="ns2_GrantsApplicantTypeSpecialDistrictGovernment" xlink:href="../../elts/grants_2023.xsd#sap_GrantsApplicantTypeSpecialDistrictGovernment" xlink:type="locator"/>
    <link:definitionArc xlink:arcrole="http://xbrl.org/int/dim/arcrole/domain-member" xlink:type="arc" xlink:from="ns2_GrantsApplicantTypeAbstract" xlink:to="ns2_GrantsApplicantTypeSpecialDistrictGovernment" order="4"/>
    <link:loc xlink:label="ns2_GrantsApplicantTypeRegionalOrganization" xlink:href="../../elts/grants_2023.xsd#sap_GrantsApplicantTypeRegionalOrganization" xlink:type="locator"/>
    <link:definitionArc xlink:arcrole="http://xbrl.org/int/dim/arcrole/domain-member" xlink:type="arc" xlink:from="ns2_GrantsApplicantTypeAbstract" xlink:to="ns2_GrantsApplicantTypeRegionalOrganization" order="5"/>
    <link:loc xlink:label="ns2_GrantsApplicantTypeU.S.TerritoryOrPossession" xlink:href="../../elts/grants_2023.xsd#sap_GrantsApplicantTypeU.S.TerritoryOrPossession" xlink:type="locator"/>
    <link:definitionArc xlink:arcrole="http://xbrl.org/int/dim/arcrole/domain-member" xlink:type="arc" xlink:from="ns2_GrantsApplicantTypeAbstract" xlink:to="ns2_GrantsApplicantTypeU.S.TerritoryOrPossession" order="6"/>
    <link:loc xlink:label="ns2_GrantsApplicantTypeIndependentSchoolDistrict" xlink:href="../../elts/grants_2023.xsd#sap_GrantsApplicantTypeIndependentSchoolDistrict" xlink:type="locator"/>
    <link:definitionArc xlink:arcrole="http://xbrl.org/int/dim/arcrole/domain-member" xlink:type="arc" xlink:from="ns2_GrantsApplicantTypeAbstract" xlink:to="ns2_GrantsApplicantTypeIndependentSchoolDistrict" order="7"/>
    <link:loc xlink:label="ns2_GrantsApplicantTypePublicStateControlledInstitutionOfHigherEducation" xlink:href="../../elts/grants_2023.xsd#sap_GrantsApplicantTypePublicStateControlledInstitutionOfHigherEducation" xlink:type="locator"/>
    <link:definitionArc xlink:arcrole="http://xbrl.org/int/dim/arcrole/domain-member" xlink:type="arc" xlink:from="ns2_GrantsApplicantTypeAbstract" xlink:to="ns2_GrantsApplicantTypePublicStateControlledInstitutionOfHigherEducation" order="8"/>
    <link:loc xlink:label="ns2_GrantsApplicantTypeIndianNativeAmericanTribalGovernmentFederallyRecognized" xlink:href="../../elts/grants_2023.xsd#sap_GrantsApplicantTypeIndianNativeAmericanTribalGovernmentFederallyRecognized" xlink:type="locator"/>
    <link:definitionArc xlink:arcrole="http://xbrl.org/int/dim/arcrole/domain-member" xlink:type="arc" xlink:from="ns2_GrantsApplicantTypeAbstract" xlink:to="ns2_GrantsApplicantTypeIndianNativeAmericanTribalGovernmentFederallyRecognized" order="9"/>
    <link:loc xlink:label="ns2_GrantsApplicantTypeIndianNativeAmericanTribalGovernmentOtherThanFederallyRecognized" xlink:href="../../elts/grants_2023.xsd#sap_GrantsApplicantTypeIndianNativeAmericanTribalGovernmentOtherThanFederallyRecognized" xlink:type="locator"/>
    <link:definitionArc xlink:arcrole="http://xbrl.org/int/dim/arcrole/domain-member" xlink:type="arc" xlink:from="ns2_GrantsApplicantTypeAbstract" xlink:to="ns2_GrantsApplicantTypeIndianNativeAmericanTribalGovernmentOtherThanFederallyRecognized" order="10"/>
    <link:loc xlink:label="ns2_GrantsApplicantTypeIndianNativeAmericanTriballyDesignatedOrganization" xlink:href="../../elts/grants_2023.xsd#sap_GrantsApplicantTypeIndianNativeAmericanTriballyDesignatedOrganization" xlink:type="locator"/>
    <link:definitionArc xlink:arcrole="http://xbrl.org/int/dim/arcrole/domain-member" xlink:type="arc" xlink:from="ns2_GrantsApplicantTypeAbstract" xlink:to="ns2_GrantsApplicantTypeIndianNativeAmericanTriballyDesignatedOrganization" order="11"/>
    <link:loc xlink:label="ns2_GrantsApplicantTypePublicIndianHousingAuthority" xlink:href="../../elts/grants_2023.xsd#sap_GrantsApplicantTypePublicIndianHousingAuthority" xlink:type="locator"/>
    <link:definitionArc xlink:arcrole="http://xbrl.org/int/dim/arcrole/domain-member" xlink:type="arc" xlink:from="ns2_GrantsApplicantTypeAbstract" xlink:to="ns2_GrantsApplicantTypePublicIndianHousingAuthority" order="12"/>
    <link:loc xlink:label="ns2_GrantsApplicantTypeNonprofit" xlink:href="../../elts/grants_2023.xsd#sap_GrantsApplicantTypeNonprofit" xlink:type="locator"/>
    <link:definitionArc xlink:arcrole="http://xbrl.org/int/dim/arcrole/domain-member" xlink:type="arc" xlink:from="ns2_GrantsApplicantTypeAbstract" xlink:to="ns2_GrantsApplicantTypeNonprofit" order="13"/>
    <link:loc xlink:label="ns2_GrantsApplicantTypePrivateInstitutionOfHigherEducation" xlink:href="../../elts/grants_2023.xsd#sap_GrantsApplicantTypePrivateInstitutionOfHigherEducation" xlink:type="locator"/>
    <link:definitionArc xlink:arcrole="http://xbrl.org/int/dim/arcrole/domain-member" xlink:type="arc" xlink:from="ns2_GrantsApplicantTypeAbstract" xlink:to="ns2_GrantsApplicantTypePrivateInstitutionOfHigherEducation" order="14"/>
    <link:loc xlink:label="ns2_GrantsApplicantTypeIndividual" xlink:href="../../elts/grants_2023.xsd#sap_GrantsApplicantTypeIndividual" xlink:type="locator"/>
    <link:definitionArc xlink:arcrole="http://xbrl.org/int/dim/arcrole/domain-member" xlink:type="arc" xlink:from="ns2_GrantsApplicantTypeAbstract" xlink:to="ns2_GrantsApplicantTypeIndividual" order="15"/>
    <link:loc xlink:label="ns2_GrantsApplicantTypeForProfitOrganizationOtherThanSmallBusiness" xlink:href="../../elts/grants_2023.xsd#sap_GrantsApplicantTypeForProfitOrganizationOtherThanSmallBusiness" xlink:type="locator"/>
    <link:definitionArc xlink:arcrole="http://xbrl.org/int/dim/arcrole/domain-member" xlink:type="arc" xlink:from="ns2_GrantsApplicantTypeAbstract" xlink:to="ns2_GrantsApplicantTypeForProfitOrganizationOtherThanSmallBusiness" order="16"/>
    <link:loc xlink:label="ns2_GrantsApplicantTypeSmallBusiness" xlink:href="../../elts/grants_2023.xsd#sap_GrantsApplicantTypeSmallBusiness" xlink:type="locator"/>
    <link:definitionArc xlink:arcrole="http://xbrl.org/int/dim/arcrole/domain-member" xlink:type="arc" xlink:from="ns2_GrantsApplicantTypeAbstract" xlink:to="ns2_GrantsApplicantTypeSmallBusiness" order="17"/>
    <link:loc xlink:label="ns2_GrantsApplicantTypeHispanicServingInstitution" xlink:href="../../elts/grants_2023.xsd#sap_GrantsApplicantTypeHispanicServingInstitution" xlink:type="locator"/>
    <link:definitionArc xlink:arcrole="http://xbrl.org/int/dim/arcrole/domain-member" xlink:type="arc" xlink:from="ns2_GrantsApplicantTypeAbstract" xlink:to="ns2_GrantsApplicantTypeHispanicServingInstitution" order="18"/>
    <link:loc xlink:label="ns2_GrantsApplicantTypeHistoricallyBlackCollegesAndUniversitiesHBCUs" xlink:href="../../elts/grants_2023.xsd#sap_GrantsApplicantTypeHistoricallyBlackCollegesAndUniversitiesHBCUs" xlink:type="locator"/>
    <link:definitionArc xlink:arcrole="http://xbrl.org/int/dim/arcrole/domain-member" xlink:type="arc" xlink:from="ns2_GrantsApplicantTypeAbstract" xlink:to="ns2_GrantsApplicantTypeHistoricallyBlackCollegesAndUniversitiesHBCUs" order="19"/>
    <link:loc xlink:label="ns2_GrantsApplicantTypeTriballyControlledCollegesAndUniversitiesTCCUs" xlink:href="../../elts/grants_2023.xsd#sap_GrantsApplicantTypeTriballyControlledCollegesAndUniversitiesTCCUs" xlink:type="locator"/>
    <link:definitionArc xlink:arcrole="http://xbrl.org/int/dim/arcrole/domain-member" xlink:type="arc" xlink:from="ns2_GrantsApplicantTypeAbstract" xlink:to="ns2_GrantsApplicantTypeTriballyControlledCollegesAndUniversitiesTCCUs" order="20"/>
    <link:loc xlink:label="ns2_GrantsApplicantTypeAlaskaNativeAndNativeHawaiianServingInstitutions" xlink:href="../../elts/grants_2023.xsd#sap_GrantsApplicantTypeAlaskaNativeAndNativeHawaiianServingInstitutions" xlink:type="locator"/>
    <link:definitionArc xlink:arcrole="http://xbrl.org/int/dim/arcrole/domain-member" xlink:type="arc" xlink:from="ns2_GrantsApplicantTypeAbstract" xlink:to="ns2_GrantsApplicantTypeAlaskaNativeAndNativeHawaiianServingInstitutions" order="21"/>
    <link:loc xlink:label="ns2_GrantsApplicantTypeNonUSEntity" xlink:href="../../elts/grants_2023.xsd#sap_GrantsApplicantTypeNonUSEntity" xlink:type="locator"/>
    <link:definitionArc xlink:arcrole="http://xbrl.org/int/dim/arcrole/domain-member" xlink:type="arc" xlink:from="ns2_GrantsApplicantTypeAbstract" xlink:to="ns2_GrantsApplicantTypeNonUSEntity" order="22"/>
    <link:loc xlink:label="ns2_GrantsApplicantTypeOther" xlink:href="../../elts/grants_2023.xsd#sap_GrantsApplicantTypeOther" xlink:type="locator"/>
    <link:definitionArc xlink:arcrole="http://xbrl.org/int/dim/arcrole/domain-member" xlink:type="arc" xlink:from="ns2_GrantsApplicantTypeAbstract" xlink:to="ns2_GrantsApplicantTypeOther" order="23"/>
    <link:loc xlink:label="ns2_GranteeApplicantIdentifier" xlink:href="../../elts/grants_2023.xsd#sap_GranteeApplicantIdentifier" xlink:type="locator"/>
    <link:definitionArc xlink:arcrole="http://xbrl.org/int/dim/arcrole/domain-member" xlink:type="arc" xlink:from="ns2_GrantsManagementApplicantInformationAbstract" xlink:to="ns2_GranteeApplicantIdentifier" order="1"/>
    <link:loc xlink:label="ns2_GranteeEmployerIdentificationNumber" xlink:href="../../elts/grants_2023.xsd#sap_GranteeEmployerIdentificationNumber" xlink:type="locator"/>
    <link:definitionArc xlink:arcrole="http://xbrl.org/int/dim/arcrole/domain-member" xlink:type="arc" xlink:from="ns2_GrantsManagementApplicantInformationAbstract" xlink:to="ns2_GranteeEmployerIdentificationNumber" order="2"/>
    <link:loc xlink:label="ns2_GranteeDUNSNumber" xlink:href="../../elts/grants_2023.xsd#sap_GranteeDUNSNumber" xlink:type="locator"/>
    <link:definitionArc xlink:arcrole="http://xbrl.org/int/dim/arcrole/domain-member" xlink:type="arc" xlink:from="ns2_GrantsManagementApplicantInformationAbstract" xlink:to="ns2_GranteeDUNSNumber" order="3"/>
    <link:loc xlink:label="ns2_FederalEntityIdentifier" xlink:href="../../elts/grants_2023.xsd#sap_FederalEntityIdentifier" xlink:type="locator"/>
    <link:definitionArc xlink:arcrole="http://xbrl.org/int/dim/arcrole/domain-member" xlink:type="arc" xlink:from="ns2_GrantsManagementApplicantInformationAbstract" xlink:to="ns2_FederalEntityIdentifier" order="4"/>
    <link:loc xlink:label="ns2_GranteeAddressStreetAddress1" xlink:href="../../elts/grants_2023.xsd#sap_GranteeAddressStreetAddress1" xlink:type="locator"/>
    <link:definitionArc xlink:arcrole="http://xbrl.org/int/dim/arcrole/domain-member" xlink:type="arc" xlink:from="ns2_GrantsManagementApplicantInformationAbstract" xlink:to="ns2_GranteeAddressStreetAddress1" order="5"/>
    <link:loc xlink:label="ns2_GranteeAddressStreetAddress2" xlink:href="../../elts/grants_2023.xsd#sap_GranteeAddressStreetAddress2" xlink:type="locator"/>
    <link:definitionArc xlink:arcrole="http://xbrl.org/int/dim/arcrole/domain-member" xlink:type="arc" xlink:from="ns2_GrantsManagementApplicantInformationAbstract" xlink:to="ns2_GranteeAddressStreetAddress2" order="6"/>
    <link:loc xlink:label="ns2_GranteeAddressCity" xlink:href="../../elts/grants_2023.xsd#sap_GranteeAddressCity" xlink:type="locator"/>
    <link:definitionArc xlink:arcrole="http://xbrl.org/int/dim/arcrole/domain-member" xlink:type="arc" xlink:from="ns2_GrantsManagementApplicantInformationAbstract" xlink:to="ns2_GranteeAddressCity" order="7"/>
    <link:loc xlink:label="ns2_GranteeAddressCountyParish" xlink:href="../../elts/grants_2023.xsd#sap_GranteeAddressCountyParish" xlink:type="locator"/>
    <link:definitionArc xlink:arcrole="http://xbrl.org/int/dim/arcrole/domain-member" xlink:type="arc" xlink:from="ns2_GrantsManagementApplicantInformationAbstract" xlink:to="ns2_GranteeAddressCountyParish" order="8"/>
    <link:loc xlink:label="ns2_GranteeAddressState" xlink:href="../../elts/grants_2023.xsd#sap_GranteeAddressState" xlink:type="locator"/>
    <link:definitionArc xlink:arcrole="http://xbrl.org/int/dim/arcrole/domain-member" xlink:type="arc" xlink:from="ns2_GrantsManagementApplicantInformationAbstract" xlink:to="ns2_GranteeAddressState" order="9"/>
    <link:loc xlink:label="ns2_GranteeAddressProvince" xlink:href="../../elts/grants_2023.xsd#sap_GranteeAddressProvince" xlink:type="locator"/>
    <link:definitionArc xlink:arcrole="http://xbrl.org/int/dim/arcrole/domain-member" xlink:type="arc" xlink:from="ns2_GrantsManagementApplicantInformationAbstract" xlink:to="ns2_GranteeAddressProvince" order="10"/>
    <link:loc xlink:label="ns2_GranteeAddressCountry" xlink:href="../../elts/grants_2023.xsd#sap_GranteeAddressCountry" xlink:type="locator"/>
    <link:definitionArc xlink:arcrole="http://xbrl.org/int/dim/arcrole/domain-member" xlink:type="arc" xlink:from="ns2_GrantsManagementApplicantInformationAbstract" xlink:to="ns2_GranteeAddressCountry" order="11"/>
    <link:loc xlink:label="ns2_GranteeAddressZipCode" xlink:href="../../elts/grants_2023.xsd#sap_GranteeAddressZipCode" xlink:type="locator"/>
    <link:definitionArc xlink:arcrole="http://xbrl.org/int/dim/arcrole/domain-member" xlink:type="arc" xlink:from="ns2_GrantsManagementApplicantInformationAbstract" xlink:to="ns2_GranteeAddressZipCode" order="12"/>
    <link:loc xlink:label="ns2_GranteeContactFirstName" xlink:href="../../elts/grants_2023.xsd#sap_GranteeContactFirstName" xlink:type="locator"/>
    <link:definitionArc xlink:arcrole="http://xbrl.org/int/dim/arcrole/domain-member" xlink:type="arc" xlink:from="ns2_GrantsManagementApplicantInformationAbstract" xlink:to="ns2_GranteeContactFirstName" order="13"/>
    <link:loc xlink:label="ns2_GranteeContactLastName" xlink:href="../../elts/grants_2023.xsd#sap_GranteeContactLastName" xlink:type="locator"/>
    <link:definitionArc xlink:arcrole="http://xbrl.org/int/dim/arcrole/domain-member" xlink:type="arc" xlink:from="ns2_GrantsManagementApplicantInformationAbstract" xlink:to="ns2_GranteeContactLastName" order="14"/>
    <link:loc xlink:label="ns2_GranteeContactTitle" xlink:href="../../elts/grants_2023.xsd#sap_GranteeContactTitle" xlink:type="locator"/>
    <link:definitionArc xlink:arcrole="http://xbrl.org/int/dim/arcrole/domain-member" xlink:type="arc" xlink:from="ns2_GrantsManagementApplicantInformationAbstract" xlink:to="ns2_GranteeContactTitle" order="15"/>
    <link:loc xlink:label="ns2_GranteeContactOrganizationalAffiliation" xlink:href="../../elts/grants_2023.xsd#sap_GranteeContactOrganizationalAffiliation" xlink:type="locator"/>
    <link:definitionArc xlink:arcrole="http://xbrl.org/int/dim/arcrole/domain-member" xlink:type="arc" xlink:from="ns2_GrantsManagementApplicantInformationAbstract" xlink:to="ns2_GranteeContactOrganizationalAffiliation" order="16"/>
    <link:loc xlink:label="ns2_GranteeContactPhone" xlink:href="../../elts/grants_2023.xsd#sap_GranteeContactPhone" xlink:type="locator"/>
    <link:definitionArc xlink:arcrole="http://xbrl.org/int/dim/arcrole/domain-member" xlink:type="arc" xlink:from="ns2_GrantsManagementApplicantInformationAbstract" xlink:to="ns2_GranteeContactPhone" order="17"/>
    <link:loc xlink:label="ns2_GranteeContactFaxNumber" xlink:href="../../elts/grants_2023.xsd#sap_GranteeContactFaxNumber" xlink:type="locator"/>
    <link:definitionArc xlink:arcrole="http://xbrl.org/int/dim/arcrole/domain-member" xlink:type="arc" xlink:from="ns2_GrantsManagementApplicantInformationAbstract" xlink:to="ns2_GranteeContactFaxNumber" order="18"/>
    <link:loc xlink:label="ns2_GranteeContactEmail" xlink:href="../../elts/grants_2023.xsd#sap_GranteeContactEmail" xlink:type="locator"/>
    <link:definitionArc xlink:arcrole="http://xbrl.org/int/dim/arcrole/domain-member" xlink:type="arc" xlink:from="ns2_GrantsManagementApplicantInformationAbstract" xlink:to="ns2_GranteeContactEmail" order="19"/>
    <link:loc xlink:label="ns2_OrganizationalUnitDepartmentName" xlink:href="../../elts/grants_2023.xsd#sap_OrganizationalUnitDepartmentName" xlink:type="locator"/>
    <link:definitionArc xlink:arcrole="http://xbrl.org/int/dim/arcrole/domain-member" xlink:type="arc" xlink:from="ns2_GrantsManagementApplicantInformationAbstract" xlink:to="ns2_OrganizationalUnitDepartmentName" order="20"/>
    <link:loc xlink:label="ns2_OrganizationalUnitDivisionName" xlink:href="../../elts/grants_2023.xsd#sap_OrganizationalUnitDivisionName" xlink:type="locator"/>
    <link:definitionArc xlink:arcrole="http://xbrl.org/int/dim/arcrole/domain-member" xlink:type="arc" xlink:from="ns2_GrantsManagementApplicantInformationAbstract" xlink:to="ns2_OrganizationalUnitDivisionName" order="21"/>
    <link:loc xlink:label="ns2_GrantApplicationSubmissionTypeCode" xlink:href="../../elts/grants_2023.xsd#sap_GrantApplicationSubmissionTypeCode" xlink:type="locator"/>
    <link:definitionArc xlink:arcrole="http://xbrl.org/int/dim/arcrole/domain-member" xlink:type="arc" xlink:from="ns2_GrantsManagementApplicationInformationAbstract" xlink:to="ns2_GrantApplicationSubmissionTypeCode" order="1"/>
    <link:loc xlink:label="ns2_GrantTypeOfApplication" xlink:href="../../elts/grants_2023.xsd#sap_GrantTypeOfApplication" xlink:type="locator"/>
    <link:definitionArc xlink:arcrole="http://xbrl.org/int/dim/arcrole/domain-member" xlink:type="arc" xlink:from="ns2_GrantsManagementApplicationInformationAbstract" xlink:to="ns2_GrantTypeOfApplication" order="2"/>
    <link:loc xlink:label="ns2_GrantApplicationTypeOfRevision" xlink:href="../../elts/grants_2023.xsd#sap_GrantApplicationTypeOfRevision" xlink:type="locator"/>
    <link:definitionArc xlink:arcrole="http://xbrl.org/int/dim/arcrole/domain-member" xlink:type="arc" xlink:from="ns2_GrantsManagementApplicationInformationAbstract" xlink:to="ns2_GrantApplicationTypeOfRevision" order="3"/>
    <link:loc xlink:label="ns2_GrantApplicationOtherRevisionDescription" xlink:href="../../elts/grants_2023.xsd#sap_GrantApplicationOtherRevisionDescription" xlink:type="locator"/>
    <link:definitionArc xlink:arcrole="http://xbrl.org/int/dim/arcrole/domain-member" xlink:type="arc" xlink:from="ns2_GrantsManagementApplicationInformationAbstract" xlink:to="ns2_GrantApplicationOtherRevisionDescription" order="4"/>
    <link:loc xlink:label="ns2_ApplicationDateReceived" xlink:href="../../elts/grants_2023.xsd#sap_ApplicationDateReceived" xlink:type="locator"/>
    <link:definitionArc xlink:arcrole="http://xbrl.org/int/dim/arcrole/domain-member" xlink:type="arc" xlink:from="ns2_GrantsManagementApplicationInformationAbstract" xlink:to="ns2_ApplicationDateReceived" order="5"/>
    <link:loc xlink:label="ns2_ApplicationDateReceivedByState" xlink:href="../../elts/grants_2023.xsd#sap_ApplicationDateReceivedByState" xlink:type="locator"/>
    <link:definitionArc xlink:arcrole="http://xbrl.org/int/dim/arcrole/domain-member" xlink:type="arc" xlink:from="ns2_GrantsManagementApplicationInformationAbstract" xlink:to="ns2_ApplicationDateReceivedByState" order="6"/>
    <link:loc xlink:label="ns2_FederalAwardIdentifier" xlink:href="../../elts/grants_2023.xsd#sap_FederalAwardIdentifier" xlink:type="locator"/>
    <link:definitionArc xlink:arcrole="http://xbrl.org/int/dim/arcrole/domain-member" xlink:type="arc" xlink:from="ns2_GrantsManagementApplicationInformationAbstract" xlink:to="ns2_FederalAwardIdentifier" order="7"/>
    <link:loc xlink:label="ns2_StateApplicationIdentifier" xlink:href="../../elts/grants_2023.xsd#sap_StateApplicationIdentifier" xlink:type="locator"/>
    <link:definitionArc xlink:arcrole="http://xbrl.org/int/dim/arcrole/domain-member" xlink:type="arc" xlink:from="ns2_GrantsManagementApplicationInformationAbstract" xlink:to="ns2_StateApplicationIdentifier" order="8"/>
    <link:loc xlink:label="ns2_FederalAwardingAgencyEnumerated" xlink:href="../../elts/grants_2023.xsd#sap_FederalAwardingAgencyEnumerated" xlink:type="locator"/>
    <link:definitionArc xlink:arcrole="http://xbrl.org/int/dim/arcrole/domain-member" xlink:type="arc" xlink:from="ns2_GrantsManagementProjectInformationAbstract" xlink:to="ns2_FederalAwardingAgencyEnumerated" order="1"/>
    <link:loc xlink:label="ns2_CFDANumber" xlink:href="../../elts/grants_2023.xsd#sap_CFDANumber" xlink:type="locator"/>
    <link:definitionArc xlink:arcrole="http://xbrl.org/int/dim/arcrole/domain-member" xlink:type="arc" xlink:from="ns2_GrantsManagementProjectInformationAbstract" xlink:to="ns2_CFDANumber" order="2"/>
    <link:loc xlink:label="ns2_FederalProgramName" xlink:href="../../elts/grants_2023.xsd#sap_FederalProgramName" xlink:type="locator"/>
    <link:definitionArc xlink:arcrole="http://xbrl.org/int/dim/arcrole/domain-member" xlink:type="arc" xlink:from="ns2_GrantsManagementProjectInformationAbstract" xlink:to="ns2_FederalProgramName" order="3"/>
    <link:loc xlink:label="ns2_FundingOpportunityNumber" xlink:href="../../elts/grants_2023.xsd#sap_FundingOpportunityNumber" xlink:type="locator"/>
    <link:definitionArc xlink:arcrole="http://xbrl.org/int/dim/arcrole/domain-member" xlink:type="arc" xlink:from="ns2_GrantsManagementProjectInformationAbstract" xlink:to="ns2_FundingOpportunityNumber" order="4"/>
    <link:loc xlink:label="ns2_FundingOpportunityTitle" xlink:href="../../elts/grants_2023.xsd#sap_FundingOpportunityTitle" xlink:type="locator"/>
    <link:definitionArc xlink:arcrole="http://xbrl.org/int/dim/arcrole/domain-member" xlink:type="arc" xlink:from="ns2_GrantsManagementProjectInformationAbstract" xlink:to="ns2_FundingOpportunityTitle" order="5"/>
    <link:loc xlink:label="ns2_CompetitionIdentificationNumber" xlink:href="../../elts/grants_2023.xsd#sap_CompetitionIdentificationNumber" xlink:type="locator"/>
    <link:definitionArc xlink:arcrole="http://xbrl.org/int/dim/arcrole/domain-member" xlink:type="arc" xlink:from="ns2_GrantsManagementProjectInformationAbstract" xlink:to="ns2_CompetitionIdentificationNumber" order="6"/>
    <link:loc xlink:label="ns2_CompetitionIdentificationTitle" xlink:href="../../elts/grants_2023.xsd#sap_CompetitionIdentificationTitle" xlink:type="locator"/>
    <link:definitionArc xlink:arcrole="http://xbrl.org/int/dim/arcrole/domain-member" xlink:type="arc" xlink:from="ns2_GrantsManagementProjectInformationAbstract" xlink:to="ns2_CompetitionIdentificationTitle" order="7"/>
    <link:loc xlink:label="ns2_DescriptiveTitleOfApplicantsProject" xlink:href="../../elts/grants_2023.xsd#sap_DescriptiveTitleOfApplicantsProject" xlink:type="locator"/>
    <link:definitionArc xlink:arcrole="http://xbrl.org/int/dim/arcrole/domain-member" xlink:type="arc" xlink:from="ns2_GrantsManagementProjectInformationAbstract" xlink:to="ns2_DescriptiveTitleOfApplicantsProject" order="8"/>
    <link:loc xlink:label="ns2_SupportingDocumentsLink" xlink:href="../../elts/grants_2023.xsd#sap_SupportingDocumentsLink" xlink:type="locator"/>
    <link:definitionArc xlink:arcrole="http://xbrl.org/int/dim/arcrole/domain-member" xlink:type="arc" xlink:from="ns2_GrantsManagementProjectInformationAbstract" xlink:to="ns2_SupportingDocumentsLink" order="9"/>
    <link:loc xlink:label="ns2_AreasAffectedByProject" xlink:href="../../elts/grants_2023.xsd#sap_AreasAffectedByProject" xlink:type="locator"/>
    <link:definitionArc xlink:arcrole="http://xbrl.org/int/dim/arcrole/domain-member" xlink:type="arc" xlink:from="ns2_GrantsManagementProjectInformationAbstract" xlink:to="ns2_AreasAffectedByProject" order="10"/>
    <link:loc xlink:label="ns2_AreasAffectedByProjectSupportingDocumentsLink" xlink:href="../../elts/grants_2023.xsd#sap_AreasAffectedByProjectSupportingDocumentsLink" xlink:type="locator"/>
    <link:definitionArc xlink:arcrole="http://xbrl.org/int/dim/arcrole/domain-member" xlink:type="arc" xlink:from="ns2_GrantsManagementProjectInformationAbstract" xlink:to="ns2_AreasAffectedByProjectSupportingDocumentsLink" order="11"/>
    <link:loc xlink:label="ns2_CongressionalDistrictsOfApplicant" xlink:href="../../elts/grants_2023.xsd#sap_CongressionalDistrictsOfApplicant" xlink:type="locator"/>
    <link:definitionArc xlink:arcrole="http://xbrl.org/int/dim/arcrole/domain-member" xlink:type="arc" xlink:from="ns2_GrantsManagementProjectInformationAbstract" xlink:to="ns2_CongressionalDistrictsOfApplicant" order="12"/>
    <link:loc xlink:label="ns2_CongressionalDistrictsOfProgramOrProject" xlink:href="../../elts/grants_2023.xsd#sap_CongressionalDistrictsOfProgramOrProject" xlink:type="locator"/>
    <link:definitionArc xlink:arcrole="http://xbrl.org/int/dim/arcrole/domain-member" xlink:type="arc" xlink:from="ns2_GrantsManagementProjectInformationAbstract" xlink:to="ns2_CongressionalDistrictsOfProgramOrProject" order="13"/>
    <link:loc xlink:label="ns2_CongressionalDistrictsSupportingDocumentsLink" xlink:href="../../elts/grants_2023.xsd#sap_CongressionalDistrictsSupportingDocumentsLink" xlink:type="locator"/>
    <link:definitionArc xlink:arcrole="http://xbrl.org/int/dim/arcrole/domain-member" xlink:type="arc" xlink:from="ns2_GrantsManagementProjectInformationAbstract" xlink:to="ns2_CongressionalDistrictsSupportingDocumentsLink" order="14"/>
    <link:loc xlink:label="ns2_ProposedProjectStartDate" xlink:href="../../elts/grants_2023.xsd#sap_ProposedProjectStartDate" xlink:type="locator"/>
    <link:definitionArc xlink:arcrole="http://xbrl.org/int/dim/arcrole/domain-member" xlink:type="arc" xlink:from="ns2_GrantsManagementProjectInformationAbstract" xlink:to="ns2_ProposedProjectStartDate" order="15"/>
    <link:loc xlink:label="ns2_ProposedProjectEndDate" xlink:href="../../elts/grants_2023.xsd#sap_ProposedProjectEndDate" xlink:type="locator"/>
    <link:definitionArc xlink:arcrole="http://xbrl.org/int/dim/arcrole/domain-member" xlink:type="arc" xlink:from="ns2_GrantsManagementProjectInformationAbstract" xlink:to="ns2_ProposedProjectEndDate" order="16"/>
    <link:loc xlink:label="ns2_EstimatedFundingFederalContribution" xlink:href="../../elts/grants_2023.xsd#sap_EstimatedFundingFederalContribution" xlink:type="locator"/>
    <link:definitionArc xlink:arcrole="http://xbrl.org/int/dim/arcrole/domain-member" xlink:type="arc" xlink:from="ns2_GrantsManagementProjectInformationAbstract" xlink:to="ns2_EstimatedFundingFederalContribution" order="17"/>
    <link:loc xlink:label="ns2_EstimatedFundingApplicantContribution" xlink:href="../../elts/grants_2023.xsd#sap_EstimatedFundingApplicantContribution" xlink:type="locator"/>
    <link:definitionArc xlink:arcrole="http://xbrl.org/int/dim/arcrole/domain-member" xlink:type="arc" xlink:from="ns2_GrantsManagementProjectInformationAbstract" xlink:to="ns2_EstimatedFundingApplicantContribution" order="18"/>
    <link:loc xlink:label="ns2_EstimatedFundingStateContribution" xlink:href="../../elts/grants_2023.xsd#sap_EstimatedFundingStateContribution" xlink:type="locator"/>
    <link:definitionArc xlink:arcrole="http://xbrl.org/int/dim/arcrole/domain-member" xlink:type="arc" xlink:from="ns2_GrantsManagementProjectInformationAbstract" xlink:to="ns2_EstimatedFundingStateContribution" order="19"/>
    <link:loc xlink:label="ns2_EstimatedFundingLocalContribution" xlink:href="../../elts/grants_2023.xsd#sap_EstimatedFundingLocalContribution" xlink:type="locator"/>
    <link:definitionArc xlink:arcrole="http://xbrl.org/int/dim/arcrole/domain-member" xlink:type="arc" xlink:from="ns2_GrantsManagementProjectInformationAbstract" xlink:to="ns2_EstimatedFundingLocalContribution" order="20"/>
    <link:loc xlink:label="ns2_EstimatedFundingOtherContribution" xlink:href="../../elts/grants_2023.xsd#sap_EstimatedFundingOtherContribution" xlink:type="locator"/>
    <link:definitionArc xlink:arcrole="http://xbrl.org/int/dim/arcrole/domain-member" xlink:type="arc" xlink:from="ns2_GrantsManagementProjectInformationAbstract" xlink:to="ns2_EstimatedFundingOtherContribution" order="21"/>
    <link:loc xlink:label="ns2_EstimatedFundingProgramIncome" xlink:href="../../elts/grants_2023.xsd#sap_EstimatedFundingProgramIncome" xlink:type="locator"/>
    <link:definitionArc xlink:arcrole="http://xbrl.org/int/dim/arcrole/domain-member" xlink:type="arc" xlink:from="ns2_GrantsManagementProjectInformationAbstract" xlink:to="ns2_EstimatedFundingProgramIncome" order="22"/>
    <link:loc xlink:label="ns2_EstimatedFunding" xlink:href="../../elts/grants_2023.xsd#sap_EstimatedFunding" xlink:type="locator"/>
    <link:definitionArc xlink:arcrole="http://xbrl.org/int/dim/arcrole/domain-member" xlink:type="arc" xlink:from="ns2_GrantsManagementProjectInformationAbstract" xlink:to="ns2_EstimatedFunding" order="23"/>
    <link:loc xlink:label="ns2_ApplicationSubjectToExecutiveOrder12372" xlink:href="../../elts/grants_2023.xsd#sap_ApplicationSubjectToExecutiveOrder12372" xlink:type="locator"/>
    <link:definitionArc xlink:arcrole="http://xbrl.org/int/dim/arcrole/domain-member" xlink:type="arc" xlink:from="ns2_GrantsManagementProjectInformationAbstract" xlink:to="ns2_ApplicationSubjectToExecutiveOrder12372" order="24"/>
    <link:loc xlink:label="ns2_State12372ReviewDate" xlink:href="../../elts/grants_2023.xsd#sap_State12372ReviewDate" xlink:type="locator"/>
    <link:definitionArc xlink:arcrole="http://xbrl.org/int/dim/arcrole/domain-member" xlink:type="arc" xlink:from="ns2_GrantsManagementProjectInformationAbstract" xlink:to="ns2_State12372ReviewDate" order="25"/>
    <link:loc xlink:label="ns2_ApplicantIsDelinquentOnAnyFederalDebt" xlink:href="../../elts/grants_2023.xsd#sap_ApplicantIsDelinquentOnAnyFederalDebt" xlink:type="locator"/>
    <link:definitionArc xlink:arcrole="http://xbrl.org/int/dim/arcrole/domain-member" xlink:type="arc" xlink:from="ns2_GrantsManagementProjectInformationAbstract" xlink:to="ns2_ApplicantIsDelinquentOnAnyFederalDebt" order="26"/>
    <link:loc xlink:label="ns2_ApplicantIsDelinquentOnFederalDebtExplanationText" xlink:href="../../elts/grants_2023.xsd#sap_ApplicantIsDelinquentOnFederalDebtExplanationText" xlink:type="locator"/>
    <link:definitionArc xlink:arcrole="http://xbrl.org/int/dim/arcrole/domain-member" xlink:type="arc" xlink:from="ns2_GrantsManagementProjectInformationAbstract" xlink:to="ns2_ApplicantIsDelinquentOnFederalDebtExplanationText" order="27"/>
    <link:loc xlink:label="ns2_CertificationAgreement" xlink:href="../../elts/grants_2023.xsd#sap_CertificationAgreement" xlink:type="locator"/>
    <link:definitionArc xlink:arcrole="http://xbrl.org/int/dim/arcrole/domain-member" xlink:type="arc" xlink:from="ns2_GrantsManagementProjectInformationAbstract" xlink:to="ns2_CertificationAgreement" order="28"/>
    <link:loc xlink:label="ns2_AuthorizedRepresentativeFirstName" xlink:href="../../elts/grants_2023.xsd#sap_AuthorizedRepresentativeFirstName" xlink:type="locator"/>
    <link:definitionArc xlink:arcrole="http://xbrl.org/int/dim/arcrole/domain-member" xlink:type="arc" xlink:from="ns2_GrantsManagementProjectInformationAbstract" xlink:to="ns2_AuthorizedRepresentativeFirstName" order="29"/>
    <link:loc xlink:label="ns2_AuthorizedRepresentativeLastName" xlink:href="../../elts/grants_2023.xsd#sap_AuthorizedRepresentativeLastName" xlink:type="locator"/>
    <link:definitionArc xlink:arcrole="http://xbrl.org/int/dim/arcrole/domain-member" xlink:type="arc" xlink:from="ns2_GrantsManagementProjectInformationAbstract" xlink:to="ns2_AuthorizedRepresentativeLastName" order="30"/>
    <link:loc xlink:label="ns2_AuthorizedRepresentativeTitle" xlink:href="../../elts/grants_2023.xsd#sap_AuthorizedRepresentativeTitle" xlink:type="locator"/>
    <link:definitionArc xlink:arcrole="http://xbrl.org/int/dim/arcrole/domain-member" xlink:type="arc" xlink:from="ns2_GrantsManagementProjectInformationAbstract" xlink:to="ns2_AuthorizedRepresentativeTitle" order="31"/>
    <link:loc xlink:label="ns2_AuthorizedRepresentativeEmail" xlink:href="../../elts/grants_2023.xsd#sap_AuthorizedRepresentativeEmail" xlink:type="locator"/>
    <link:definitionArc xlink:arcrole="http://xbrl.org/int/dim/arcrole/domain-member" xlink:type="arc" xlink:from="ns2_GrantsManagementProjectInformationAbstract" xlink:to="ns2_AuthorizedRepresentativeEmail" order="32"/>
    <link:loc xlink:label="ns2_AuthorizedRepresentativeTelephoneNumber" xlink:href="../../elts/grants_2023.xsd#sap_AuthorizedRepresentativeTelephoneNumber" xlink:type="locator"/>
    <link:definitionArc xlink:arcrole="http://xbrl.org/int/dim/arcrole/domain-member" xlink:type="arc" xlink:from="ns2_GrantsManagementProjectInformationAbstract" xlink:to="ns2_AuthorizedRepresentativeTelephoneNumber" order="33"/>
    <link:loc xlink:label="ns2_SignatureOfAuthorizedRepresentative" xlink:href="../../elts/grants_2023.xsd#sap_SignatureOfAuthorizedRepresentative" xlink:type="locator"/>
    <link:definitionArc xlink:arcrole="http://xbrl.org/int/dim/arcrole/domain-member" xlink:type="arc" xlink:from="ns2_GrantsManagementProjectInformationAbstract" xlink:to="ns2_SignatureOfAuthorizedRepresentative" order="34"/>
    <link:loc xlink:label="ns2_DateSigned" xlink:href="../../elts/grants_2023.xsd#sap_DateSigned" xlink:type="locator"/>
    <link:definitionArc xlink:arcrole="http://xbrl.org/int/dim/arcrole/domain-member" xlink:type="arc" xlink:from="ns2_GrantsManagementProjectInformationAbstract" xlink:to="ns2_DateSigned" order="35"/>
  </link:definitionLink>
</link:linkbase>
