<link:linkbase xmlns:link="http://www.xbrl.org/2003/linkbase" xmlns:xlink="http://www.w3.org/1999/xlink" xmlns:xsi="http://www.w3.org/2001/XMLSchema-instance" xsi:schemaLocation="http://www.xbrl.org/2003/linkbase http://www.xbrl.org/2003/xbrl-linkbase-2003-12-31.xsd">
  <link:roleRef roleURI="https://taxonomies.xbrl.us/grip/singleaudit/roles/SingleAuditGeneralDUNSContinuationList" xlink:href="AuditeeDUNSContinuationList_2023.xsd#SingleAuditGeneralDUNSContinuationList" xlink:type="simple"/>
  <link:presentationLink xlink:role="https://taxonomies.xbrl.us/grip/singleaudit/roles/SingleAuditGeneralDUNSContinuationList" xlink:type="extended">
    <link:loc xlink:label="ns11_AuditeeDUNSContinuationListTable" xlink:href="../../elts/singleaudit_2023.xsd#sap_AuditeeDUNSContinuationListTable" xlink:type="locator"/>
    <link:loc xlink:label="ns11_AuditeeDUNSContinuationListLineItems" xlink:href="../../elts/singleaudit_2023.xsd#sap_AuditeeDUNSContinuationListLineItems" xlink:type="locator"/>
    <link:presentationArc xlink:arcrole="http://www.xbrl.org/2003/arcrole/parent-child" xlink:type="arc" xlink:from="ns11_AuditeeDUNSContinuationListTable" xlink:to="ns11_AuditeeDUNSContinuationListLineItems" order="2"/>
    <link:loc xlink:label="ns11_AuditeeDUNSContinuationListAxis" xlink:href="../../elts/singleaudit_2023.xsd#sap_AuditeeDUNSContinuationListAxis" xlink:type="locator"/>
    <link:presentationArc xlink:arcrole="http://www.xbrl.org/2003/arcrole/parent-child" xlink:type="arc" xlink:from="ns11_AuditeeDUNSContinuationListTable" xlink:to="ns11_AuditeeDUNSContinuationListAxis" order="1"/>
    <link:loc xlink:label="ns11_AuditeeDUNSContinuationListAbstract" xlink:href="../../elts/singleaudit_2023.xsd#sap_AuditeeDUNSContinuationListAbstract" xlink:type="locator"/>
    <link:loc xlink:label="ns11_AuditeeDUNSContinuationListTable_1" xlink:href="../../elts/singleaudit_2023.xsd#sap_AuditeeDUNSContinuationListTable" xlink:type="locator"/>
    <link:presentationArc xlink:arcrole="http://www.xbrl.org/2003/arcrole/parent-child" xlink:type="arc" xlink:from="ns11_AuditeeDUNSContinuationListAbstract" xlink:to="ns11_AuditeeDUNSContinuationListTable_1" order="1"/>
    <link:loc xlink:label="ns2_GranteeDUNSNumber" xlink:href="../../../grants/elts/grants_2023.xsd#sap_GranteeDUNSNumber" xlink:type="locator"/>
    <link:presentationArc xlink:arcrole="http://www.xbrl.org/2003/arcrole/parent-child" xlink:type="arc" xlink:from="ns11_AuditeeDUNSContinuationListLineItems" xlink:to="ns2_GranteeDUNSNumber" order="1"/>
  </link:presentationLink>
</link:linkbase>
