<link:linkbase xmlns:link="http://www.xbrl.org/2003/linkbase" xmlns:xlink="http://www.w3.org/1999/xlink" xmlns:xsi="http://www.w3.org/2001/XMLSchema-instance" xmlns:grip="https://taxonomies.xbrl.us/grip/2023/grip" xsi:schemaLocation="http://www.xbrl.org/2003/linkbase http://www.xbrl.org/2003/xbrl-linkbase-2003-12-31.xsd https://taxonomies.xbrl.us/grip/2023/grip ../../grip/elts/grip_2023.xsd">
  <link:referenceLink xlink:role="http://www.xbrl.org/2003/role/link" xlink:type="extended">
    <link:loc xlink:label="ns2_GranteeAddressStreetAddress1" xlink:href="grants_2023.xsd#sap_GranteeAddressStreetAddress1" xlink:type="locator"/>
    <link:referenceArc xlink:arcrole="http://www.xbrl.org/2003/arcrole/concept-reference" xlink:type="arc" xlink:from="ns2_GranteeAddressStreetAddress1" xlink:to="lbl_ref_ns2_GranteeAddressStreetAddress1"/>
    <link:reference xlink:role="http://www.xbrl.org/2003/role/reference" xlink:type="resource" xlink:label="lbl_ref_ns2_GranteeAddressStreetAddress1">
      <grip:Publisher>OMB</grip:Publisher>
      <grip:Name>SF 424</grip:Name>
    </link:reference>
    <link:loc xlink:label="ns2_CompetitionIdentificationTitle" xlink:href="grants_2023.xsd#sap_CompetitionIdentificationTitle" xlink:type="locator"/>
    <link:referenceArc xlink:arcrole="http://www.xbrl.org/2003/arcrole/concept-reference" xlink:type="arc" xlink:from="ns2_CompetitionIdentificationTitle" xlink:to="lbl_ref_ns2_CompetitionIdentificationTitle"/>
    <link:reference xlink:role="http://www.xbrl.org/2003/role/reference" xlink:type="resource" xlink:label="lbl_ref_ns2_CompetitionIdentificationTitle">
      <grip:Publisher>OMB</grip:Publisher>
      <grip:Name>SF 424</grip:Name>
    </link:reference>
    <link:loc xlink:label="ns2_GrantsApplicantTypeIndianNativeAmericanTribalGovernmentFederallyRecognized" xlink:href="grants_2023.xsd#sap_GrantsApplicantTypeIndianNativeAmericanTribalGovernmentFederallyRecognized" xlink:type="locator"/>
    <link:referenceArc xlink:arcrole="http://www.xbrl.org/2003/arcrole/concept-reference" xlink:type="arc" xlink:from="ns2_GrantsApplicantTypeIndianNativeAmericanTribalGovernmentFederallyRecognized" xlink:to="lbl_ref_ns2_GrantsApplicantTypeIndianNativeAmericanTribalGovernmentFederallyRecognized"/>
    <link:reference xlink:role="http://www.xbrl.org/2003/role/reference" xlink:type="resource" xlink:label="lbl_ref_ns2_GrantsApplicantTypeIndianNativeAmericanTribalGovernmentFederallyRecognized">
      <grip:Publisher>OMB</grip:Publisher>
      <grip:Name>SF 424</grip:Name>
    </link:reference>
    <link:loc xlink:label="ns2_FederalFinancialReportType" xlink:href="grants_2023.xsd#sap_FederalFinancialReportType" xlink:type="locator"/>
    <link:referenceArc xlink:arcrole="http://www.xbrl.org/2003/arcrole/concept-reference" xlink:type="arc" xlink:from="ns2_FederalFinancialReportType" xlink:to="lbl_ref_ns2_FederalFinancialReportType"/>
    <link:reference xlink:role="http://www.xbrl.org/2003/role/reference" xlink:type="resource" xlink:label="lbl_ref_ns2_FederalFinancialReportType">
      <grip:Publisher>OMB</grip:Publisher>
      <grip:Name>SF 425</grip:Name>
    </link:reference>
    <link:loc xlink:label="ns2_NewOrRevisedBudgetFederal" xlink:href="grants_2023.xsd#sap_NewOrRevisedBudgetFederal" xlink:type="locator"/>
    <link:referenceArc xlink:arcrole="http://www.xbrl.org/2003/arcrole/concept-reference" xlink:type="arc" xlink:from="ns2_NewOrRevisedBudgetFederal" xlink:to="lbl_ref_ns2_NewOrRevisedBudgetFederal"/>
    <link:reference xlink:role="http://www.xbrl.org/2003/role/reference" xlink:type="resource" xlink:label="lbl_ref_ns2_NewOrRevisedBudgetFederal">
      <grip:Publisher>OMB</grip:Publisher>
      <grip:Name>SF 424A</grip:Name>
    </link:reference>
    <link:loc xlink:label="ns2_CongressionalDistrictsOfProgramOrProject" xlink:href="grants_2023.xsd#sap_CongressionalDistrictsOfProgramOrProject" xlink:type="locator"/>
    <link:referenceArc xlink:arcrole="http://www.xbrl.org/2003/arcrole/concept-reference" xlink:type="arc" xlink:from="ns2_CongressionalDistrictsOfProgramOrProject" xlink:to="lbl_ref_ns2_CongressionalDistrictsOfProgramOrProject"/>
    <link:reference xlink:role="http://www.xbrl.org/2003/role/reference" xlink:type="resource" xlink:label="lbl_ref_ns2_CongressionalDistrictsOfProgramOrProject">
      <grip:Publisher>OMB</grip:Publisher>
      <grip:Name>SF 424</grip:Name>
    </link:reference>
    <link:loc xlink:label="ns2_GranteeContactPhone" xlink:href="grants_2023.xsd#sap_GranteeContactPhone" xlink:type="locator"/>
    <link:referenceArc xlink:arcrole="http://www.xbrl.org/2003/arcrole/concept-reference" xlink:type="arc" xlink:from="ns2_GranteeContactPhone" xlink:to="lbl_ref_ns2_GranteeContactPhone"/>
    <link:reference xlink:role="http://www.xbrl.org/2003/role/reference" xlink:type="resource" xlink:label="lbl_ref_ns2_GranteeContactPhone">
      <grip:Publisher>OMB</grip:Publisher>
      <grip:Name>SF 424</grip:Name>
    </link:reference>
    <link:loc xlink:label="ns2_FederalFinancialReportRemarks" xlink:href="grants_2023.xsd#sap_FederalFinancialReportRemarks" xlink:type="locator"/>
    <link:referenceArc xlink:arcrole="http://www.xbrl.org/2003/arcrole/concept-reference" xlink:type="arc" xlink:from="ns2_FederalFinancialReportRemarks" xlink:to="lbl_ref_ns2_FederalFinancialReportRemarks"/>
    <link:reference xlink:role="http://www.xbrl.org/2003/role/reference" xlink:type="resource" xlink:label="lbl_ref_ns2_FederalFinancialReportRemarks">
      <grip:Publisher>OMB</grip:Publisher>
      <grip:Name>SF 425</grip:Name>
    </link:reference>
    <link:loc xlink:label="ns2_OtherMember" xlink:href="grants_2023.xsd#sap_OtherMember" xlink:type="locator"/>
    <link:referenceArc xlink:arcrole="http://www.xbrl.org/2003/arcrole/concept-reference" xlink:type="arc" xlink:from="ns2_OtherMember" xlink:to="lbl_ref_ns2_OtherMember"/>
    <link:reference xlink:role="http://www.xbrl.org/2003/role/reference" xlink:type="resource" xlink:label="lbl_ref_ns2_OtherMember">
      <grip:Publisher>OMB</grip:Publisher>
      <grip:Name>SF 425</grip:Name>
    </link:reference>
    <link:loc xlink:label="ns2_GranteeApplicantIdentifier" xlink:href="grants_2023.xsd#sap_GranteeApplicantIdentifier" xlink:type="locator"/>
    <link:referenceArc xlink:arcrole="http://www.xbrl.org/2003/arcrole/concept-reference" xlink:type="arc" xlink:from="ns2_GranteeApplicantIdentifier" xlink:to="lbl_ref_ns2_GranteeApplicantIdentifier"/>
    <link:reference xlink:role="http://www.xbrl.org/2003/role/reference" xlink:type="resource" xlink:label="lbl_ref_ns2_GranteeApplicantIdentifier">
      <grip:Publisher>OMB</grip:Publisher>
      <grip:Name>SF 424</grip:Name>
    </link:reference>
    <link:loc xlink:label="ns2_DirectChargesDescription" xlink:href="grants_2023.xsd#sap_DirectChargesDescription" xlink:type="locator"/>
    <link:referenceArc xlink:arcrole="http://www.xbrl.org/2003/arcrole/concept-reference" xlink:type="arc" xlink:from="ns2_DirectChargesDescription" xlink:to="lbl_ref_ns2_DirectChargesDescription"/>
    <link:reference xlink:role="http://www.xbrl.org/2003/role/reference" xlink:type="resource" xlink:label="lbl_ref_ns2_DirectChargesDescription">
      <grip:Publisher>OMB</grip:Publisher>
      <grip:Name>SF 424A</grip:Name>
    </link:reference>
    <link:loc xlink:label="ns2_GrantsApplicantTypeSmallBusiness" xlink:href="grants_2023.xsd#sap_GrantsApplicantTypeSmallBusiness" xlink:type="locator"/>
    <link:referenceArc xlink:arcrole="http://www.xbrl.org/2003/arcrole/concept-reference" xlink:type="arc" xlink:from="ns2_GrantsApplicantTypeSmallBusiness" xlink:to="lbl_ref_ns2_GrantsApplicantTypeSmallBusiness"/>
    <link:reference xlink:role="http://www.xbrl.org/2003/role/reference" xlink:type="resource" xlink:label="lbl_ref_ns2_GrantsApplicantTypeSmallBusiness">
      <grip:Publisher>OMB</grip:Publisher>
      <grip:Name>SF 424</grip:Name>
    </link:reference>
    <link:loc xlink:label="ns2_CertifyingOfficialLastName" xlink:href="grants_2023.xsd#sap_CertifyingOfficialLastName" xlink:type="locator"/>
    <link:referenceArc xlink:arcrole="http://www.xbrl.org/2003/arcrole/concept-reference" xlink:type="arc" xlink:from="ns2_CertifyingOfficialLastName" xlink:to="lbl_ref_ns2_CertifyingOfficialLastName"/>
    <link:reference xlink:role="http://www.xbrl.org/2003/role/reference" xlink:type="resource" xlink:label="lbl_ref_ns2_CertifyingOfficialLastName">
      <grip:Publisher>OMB</grip:Publisher>
      <grip:Name>SF 425</grip:Name>
    </link:reference>
    <link:loc xlink:label="ns2_ReportingPeriodEnd" xlink:href="grants_2023.xsd#sap_ReportingPeriodEnd" xlink:type="locator"/>
    <link:referenceArc xlink:arcrole="http://www.xbrl.org/2003/arcrole/concept-reference" xlink:type="arc" xlink:from="ns2_ReportingPeriodEnd" xlink:to="lbl_ref_ns2_ReportingPeriodEnd"/>
    <link:reference xlink:role="http://www.xbrl.org/2003/role/reference" xlink:type="resource" xlink:label="lbl_ref_ns2_ReportingPeriodEnd">
      <grip:Publisher>OMB</grip:Publisher>
      <grip:Name>SF 425</grip:Name>
    </link:reference>
    <link:loc xlink:label="ns2_FundsRequiredForDirectCharges" xlink:href="grants_2023.xsd#sap_FundsRequiredForDirectCharges" xlink:type="locator"/>
    <link:referenceArc xlink:arcrole="http://www.xbrl.org/2003/arcrole/concept-reference" xlink:type="arc" xlink:from="ns2_FundsRequiredForDirectCharges" xlink:to="lbl_ref_ns2_FundsRequiredForDirectCharges"/>
    <link:reference xlink:role="http://www.xbrl.org/2003/role/reference" xlink:type="resource" xlink:label="lbl_ref_ns2_FundsRequiredForDirectCharges">
      <grip:Publisher>OMB</grip:Publisher>
      <grip:Name>SF 424A</grip:Name>
    </link:reference>
    <link:loc xlink:label="ns2_ApplicationSubjectToExecutiveOrder12372" xlink:href="grants_2023.xsd#sap_ApplicationSubjectToExecutiveOrder12372" xlink:type="locator"/>
    <link:referenceArc xlink:arcrole="http://www.xbrl.org/2003/arcrole/concept-reference" xlink:type="arc" xlink:from="ns2_ApplicationSubjectToExecutiveOrder12372" xlink:to="lbl_ref_ns2_ApplicationSubjectToExecutiveOrder12372"/>
    <link:reference xlink:role="http://www.xbrl.org/2003/role/reference" xlink:type="resource" xlink:label="lbl_ref_ns2_ApplicationSubjectToExecutiveOrder12372">
      <grip:Publisher>OMB</grip:Publisher>
      <grip:Name>SF 424</grip:Name>
    </link:reference>
    <link:loc xlink:label="ns2_GranteeDUNSNumber" xlink:href="grants_2023.xsd#sap_GranteeDUNSNumber" xlink:type="locator"/>
    <link:referenceArc xlink:arcrole="http://www.xbrl.org/2003/arcrole/concept-reference" xlink:type="arc" xlink:from="ns2_GranteeDUNSNumber" xlink:to="lbl_ref_ns2_GranteeDUNSNumber"/>
    <link:reference xlink:role="http://www.xbrl.org/2003/role/reference" xlink:type="resource" xlink:label="lbl_ref_ns2_GranteeDUNSNumber">
      <grip:Publisher>OMB</grip:Publisher>
      <grip:Name>SF 424</grip:Name>
    </link:reference>
    <link:loc xlink:label="ns2_GrantsApplicantTypeOther" xlink:href="grants_2023.xsd#sap_GrantsApplicantTypeOther" xlink:type="locator"/>
    <link:referenceArc xlink:arcrole="http://www.xbrl.org/2003/arcrole/concept-reference" xlink:type="arc" xlink:from="ns2_GrantsApplicantTypeOther" xlink:to="lbl_ref_ns2_GrantsApplicantTypeOther"/>
    <link:reference xlink:role="http://www.xbrl.org/2003/role/reference" xlink:type="resource" xlink:label="lbl_ref_ns2_GrantsApplicantTypeOther">
      <grip:Publisher>OMB</grip:Publisher>
      <grip:Name>SF 424</grip:Name>
    </link:reference>
    <link:loc xlink:label="ns2_FundingOpportunityTitle" xlink:href="grants_2023.xsd#sap_FundingOpportunityTitle" xlink:type="locator"/>
    <link:referenceArc xlink:arcrole="http://www.xbrl.org/2003/arcrole/concept-reference" xlink:type="arc" xlink:from="ns2_FundingOpportunityTitle" xlink:to="lbl_ref_ns2_FundingOpportunityTitle"/>
    <link:reference xlink:role="http://www.xbrl.org/2003/role/reference" xlink:type="resource" xlink:label="lbl_ref_ns2_FundingOpportunityTitle">
      <grip:Publisher>OMB</grip:Publisher>
      <grip:Name>SF 424</grip:Name>
    </link:reference>
    <link:loc xlink:label="ns2_GranteeAddressCountyParish" xlink:href="grants_2023.xsd#sap_GranteeAddressCountyParish" xlink:type="locator"/>
    <link:referenceArc xlink:arcrole="http://www.xbrl.org/2003/arcrole/concept-reference" xlink:type="arc" xlink:from="ns2_GranteeAddressCountyParish" xlink:to="lbl_ref_ns2_GranteeAddressCountyParish"/>
    <link:reference xlink:role="http://www.xbrl.org/2003/role/reference" xlink:type="resource" xlink:label="lbl_ref_ns2_GranteeAddressCountyParish">
      <grip:Publisher>OMB</grip:Publisher>
      <grip:Name>SF 424</grip:Name>
    </link:reference>
    <link:loc xlink:label="ns2_GranteeAddressZipCode" xlink:href="grants_2023.xsd#sap_GranteeAddressZipCode" xlink:type="locator"/>
    <link:referenceArc xlink:arcrole="http://www.xbrl.org/2003/arcrole/concept-reference" xlink:type="arc" xlink:from="ns2_GranteeAddressZipCode" xlink:to="lbl_ref_ns2_GranteeAddressZipCode"/>
    <link:reference xlink:role="http://www.xbrl.org/2003/role/reference" xlink:type="resource" xlink:label="lbl_ref_ns2_GranteeAddressZipCode">
      <grip:Publisher>OMB</grip:Publisher>
      <grip:Name>SF 424</grip:Name>
    </link:reference>
    <link:loc xlink:label="ns2_NewOrRevisedBudgetNonFederal" xlink:href="grants_2023.xsd#sap_NewOrRevisedBudgetNonFederal" xlink:type="locator"/>
    <link:referenceArc xlink:arcrole="http://www.xbrl.org/2003/arcrole/concept-reference" xlink:type="arc" xlink:from="ns2_NewOrRevisedBudgetNonFederal" xlink:to="lbl_ref_ns2_NewOrRevisedBudgetNonFederal"/>
    <link:reference xlink:role="http://www.xbrl.org/2003/role/reference" xlink:type="resource" xlink:label="lbl_ref_ns2_NewOrRevisedBudgetNonFederal">
      <grip:Publisher>OMB</grip:Publisher>
      <grip:Name>SF 424A</grip:Name>
    </link:reference>
    <link:loc xlink:label="ns2_CongressionalDistrictsSupportingDocumentsLink" xlink:href="grants_2023.xsd#sap_CongressionalDistrictsSupportingDocumentsLink" xlink:type="locator"/>
    <link:referenceArc xlink:arcrole="http://www.xbrl.org/2003/arcrole/concept-reference" xlink:type="arc" xlink:from="ns2_CongressionalDistrictsSupportingDocumentsLink" xlink:to="lbl_ref_ns2_CongressionalDistrictsSupportingDocumentsLink"/>
    <link:reference xlink:role="http://www.xbrl.org/2003/role/reference" xlink:type="resource" xlink:label="lbl_ref_ns2_CongressionalDistrictsSupportingDocumentsLink">
      <grip:Publisher>OMB</grip:Publisher>
      <grip:Name>SF 424</grip:Name>
    </link:reference>
    <link:loc xlink:label="ns2_EstimatedFundingFederalContribution" xlink:href="grants_2023.xsd#sap_EstimatedFundingFederalContribution" xlink:type="locator"/>
    <link:referenceArc xlink:arcrole="http://www.xbrl.org/2003/arcrole/concept-reference" xlink:type="arc" xlink:from="ns2_EstimatedFundingFederalContribution" xlink:to="lbl_ref_ns2_EstimatedFundingFederalContribution"/>
    <link:reference xlink:role="http://www.xbrl.org/2003/role/reference" xlink:type="resource" xlink:label="lbl_ref_ns2_EstimatedFundingFederalContribution">
      <grip:Publisher>OMB</grip:Publisher>
      <grip:Name>SF 424</grip:Name>
    </link:reference>
    <link:loc xlink:label="ns2_BaseAmount" xlink:href="grants_2023.xsd#sap_BaseAmount" xlink:type="locator"/>
    <link:referenceArc xlink:arcrole="http://www.xbrl.org/2003/arcrole/concept-reference" xlink:type="arc" xlink:from="ns2_BaseAmount" xlink:to="lbl_ref_ns2_BaseAmount"/>
    <link:reference xlink:role="http://www.xbrl.org/2003/role/reference" xlink:type="resource" xlink:label="lbl_ref_ns2_BaseAmount">
      <grip:Publisher>OMB</grip:Publisher>
      <grip:Name>SF 425</grip:Name>
    </link:reference>
    <link:loc xlink:label="ns2_IndirectChargesDescription" xlink:href="grants_2023.xsd#sap_IndirectChargesDescription" xlink:type="locator"/>
    <link:referenceArc xlink:arcrole="http://www.xbrl.org/2003/arcrole/concept-reference" xlink:type="arc" xlink:from="ns2_IndirectChargesDescription" xlink:to="lbl_ref_ns2_IndirectChargesDescription"/>
    <link:reference xlink:role="http://www.xbrl.org/2003/role/reference" xlink:type="resource" xlink:label="lbl_ref_ns2_IndirectChargesDescription">
      <grip:Publisher>OMB</grip:Publisher>
      <grip:Name>SF 424A</grip:Name>
    </link:reference>
    <link:loc xlink:label="ns2_OrganizationalUnitDivisionName" xlink:href="grants_2023.xsd#sap_OrganizationalUnitDivisionName" xlink:type="locator"/>
    <link:referenceArc xlink:arcrole="http://www.xbrl.org/2003/arcrole/concept-reference" xlink:type="arc" xlink:from="ns2_OrganizationalUnitDivisionName" xlink:to="lbl_ref_ns2_OrganizationalUnitDivisionName"/>
    <link:reference xlink:role="http://www.xbrl.org/2003/role/reference" xlink:type="resource" xlink:label="lbl_ref_ns2_OrganizationalUnitDivisionName">
      <grip:Publisher>OMB</grip:Publisher>
      <grip:Name>SF 424</grip:Name>
    </link:reference>
    <link:loc xlink:label="ns2_DateReportSubmitted" xlink:href="grants_2023.xsd#sap_DateReportSubmitted" xlink:type="locator"/>
    <link:referenceArc xlink:arcrole="http://www.xbrl.org/2003/arcrole/concept-reference" xlink:type="arc" xlink:from="ns2_DateReportSubmitted" xlink:to="lbl_ref_ns2_DateReportSubmitted"/>
    <link:reference xlink:role="http://www.xbrl.org/2003/role/reference" xlink:type="resource" xlink:label="lbl_ref_ns2_DateReportSubmitted">
      <grip:Publisher>OMB</grip:Publisher>
      <grip:Name>SF 425</grip:Name>
    </link:reference>
    <link:loc xlink:label="ns2_FundsRequiredForPersonnel" xlink:href="grants_2023.xsd#sap_FundsRequiredForPersonnel" xlink:type="locator"/>
    <link:referenceArc xlink:arcrole="http://www.xbrl.org/2003/arcrole/concept-reference" xlink:type="arc" xlink:from="ns2_FundsRequiredForPersonnel" xlink:to="lbl_ref_ns2_FundsRequiredForPersonnel"/>
    <link:reference xlink:role="http://www.xbrl.org/2003/role/reference" xlink:type="resource" xlink:label="lbl_ref_ns2_FundsRequiredForPersonnel">
      <grip:Publisher>OMB</grip:Publisher>
      <grip:Name>SF 424A</grip:Name>
    </link:reference>
    <link:loc xlink:label="ns2_FundsRequiredForIndirectDirectCharges" xlink:href="grants_2023.xsd#sap_FundsRequiredForIndirectDirectCharges" xlink:type="locator"/>
    <link:referenceArc xlink:arcrole="http://www.xbrl.org/2003/arcrole/concept-reference" xlink:type="arc" xlink:from="ns2_FundsRequiredForIndirectDirectCharges" xlink:to="lbl_ref_ns2_FundsRequiredForIndirectDirectCharges"/>
    <link:reference xlink:role="http://www.xbrl.org/2003/role/reference" xlink:type="resource" xlink:label="lbl_ref_ns2_FundsRequiredForIndirectDirectCharges">
      <grip:Publisher>OMB</grip:Publisher>
      <grip:Name>SF 424A</grip:Name>
    </link:reference>
    <link:loc xlink:label="ns2_GrantsApplicantTypeAlaskaNativeAndNativeHawaiianServingInstitutions" xlink:href="grants_2023.xsd#sap_GrantsApplicantTypeAlaskaNativeAndNativeHawaiianServingInstitutions" xlink:type="locator"/>
    <link:referenceArc xlink:arcrole="http://www.xbrl.org/2003/arcrole/concept-reference" xlink:type="arc" xlink:from="ns2_GrantsApplicantTypeAlaskaNativeAndNativeHawaiianServingInstitutions" xlink:to="lbl_ref_ns2_GrantsApplicantTypeAlaskaNativeAndNativeHawaiianServingInstitutions"/>
    <link:reference xlink:role="http://www.xbrl.org/2003/role/reference" xlink:type="resource" xlink:label="lbl_ref_ns2_GrantsApplicantTypeAlaskaNativeAndNativeHawaiianServingInstitutions">
      <grip:Publisher>OMB</grip:Publisher>
      <grip:Name>SF 424</grip:Name>
    </link:reference>
    <link:loc xlink:label="ns2_FederalProgramName" xlink:href="grants_2023.xsd#sap_FederalProgramName" xlink:type="locator"/>
    <link:referenceArc xlink:arcrole="http://www.xbrl.org/2003/arcrole/concept-reference" xlink:type="arc" xlink:from="ns2_FederalProgramName" xlink:to="lbl_ref_ns2_FederalProgramName"/>
    <link:reference xlink:role="http://www.xbrl.org/2003/role/reference" xlink:type="resource" xlink:label="lbl_ref_ns2_FederalProgramName">
      <grip:Publisher>OMB</grip:Publisher>
      <grip:Name>SF 424</grip:Name>
    </link:reference>
    <link:loc xlink:label="ns2_AuthorizedRepresentativeTitle" xlink:href="grants_2023.xsd#sap_AuthorizedRepresentativeTitle" xlink:type="locator"/>
    <link:referenceArc xlink:arcrole="http://www.xbrl.org/2003/arcrole/concept-reference" xlink:type="arc" xlink:from="ns2_AuthorizedRepresentativeTitle" xlink:to="lbl_ref_ns2_AuthorizedRepresentativeTitle"/>
    <link:reference xlink:role="http://www.xbrl.org/2003/role/reference" xlink:type="resource" xlink:label="lbl_ref_ns2_AuthorizedRepresentativeTitle">
      <grip:Publisher>OMB</grip:Publisher>
      <grip:Name>SF 424</grip:Name>
    </link:reference>
    <link:loc xlink:label="ns2_ProvisionalMember" xlink:href="grants_2023.xsd#sap_ProvisionalMember" xlink:type="locator"/>
    <link:referenceArc xlink:arcrole="http://www.xbrl.org/2003/arcrole/concept-reference" xlink:type="arc" xlink:from="ns2_ProvisionalMember" xlink:to="lbl_ref_ns2_ProvisionalMember"/>
    <link:reference xlink:role="http://www.xbrl.org/2003/role/reference" xlink:type="resource" xlink:label="lbl_ref_ns2_ProvisionalMember">
      <grip:Publisher>OMB</grip:Publisher>
      <grip:Name>SF 425</grip:Name>
    </link:reference>
    <link:loc xlink:label="ns2_FederalCashCashDisbursements" xlink:href="grants_2023.xsd#sap_FederalCashCashDisbursements" xlink:type="locator"/>
    <link:referenceArc xlink:arcrole="http://www.xbrl.org/2003/arcrole/concept-reference" xlink:type="arc" xlink:from="ns2_FederalCashCashDisbursements" xlink:to="lbl_ref_ns2_FederalCashCashDisbursements"/>
    <link:reference xlink:role="http://www.xbrl.org/2003/role/reference" xlink:type="resource" xlink:label="lbl_ref_ns2_FederalCashCashDisbursements">
      <grip:Publisher>OMB</grip:Publisher>
      <grip:Name>SF 425</grip:Name>
    </link:reference>
    <link:loc xlink:label="ns2_ApplicationDateReceivedByState" xlink:href="grants_2023.xsd#sap_ApplicationDateReceivedByState" xlink:type="locator"/>
    <link:referenceArc xlink:arcrole="http://www.xbrl.org/2003/arcrole/concept-reference" xlink:type="arc" xlink:from="ns2_ApplicationDateReceivedByState" xlink:to="lbl_ref_ns2_ApplicationDateReceivedByState"/>
    <link:reference xlink:role="http://www.xbrl.org/2003/role/reference" xlink:type="resource" xlink:label="lbl_ref_ns2_ApplicationDateReceivedByState">
      <grip:Publisher>OMB</grip:Publisher>
      <grip:Name>SF 424</grip:Name>
    </link:reference>
    <link:loc xlink:label="ns2_StateApplicationIdentifier" xlink:href="grants_2023.xsd#sap_StateApplicationIdentifier" xlink:type="locator"/>
    <link:referenceArc xlink:arcrole="http://www.xbrl.org/2003/arcrole/concept-reference" xlink:type="arc" xlink:from="ns2_StateApplicationIdentifier" xlink:to="lbl_ref_ns2_StateApplicationIdentifier"/>
    <link:reference xlink:role="http://www.xbrl.org/2003/role/reference" xlink:type="resource" xlink:label="lbl_ref_ns2_StateApplicationIdentifier">
      <grip:Publisher>OMB</grip:Publisher>
      <grip:Name>Sf 424</grip:Name>
    </link:reference>
    <link:loc xlink:label="ns2_FederalAwardingAgencyEnumerated" xlink:href="grants_2023.xsd#sap_FederalAwardingAgencyEnumerated" xlink:type="locator"/>
    <link:referenceArc xlink:arcrole="http://www.xbrl.org/2003/arcrole/concept-reference" xlink:type="arc" xlink:from="ns2_FederalAwardingAgencyEnumerated" xlink:to="lbl_ref_ns2_FederalAwardingAgencyEnumerated"/>
    <link:reference xlink:role="http://www.xbrl.org/2003/role/reference" xlink:type="resource" xlink:label="lbl_ref_ns2_FederalAwardingAgencyEnumerated">
      <grip:Publisher>OMB</grip:Publisher>
      <grip:Name>SF 424</grip:Name>
    </link:reference>
    <link:loc xlink:label="ns2_AreasAffectedByProject" xlink:href="grants_2023.xsd#sap_AreasAffectedByProject" xlink:type="locator"/>
    <link:referenceArc xlink:arcrole="http://www.xbrl.org/2003/arcrole/concept-reference" xlink:type="arc" xlink:from="ns2_AreasAffectedByProject" xlink:to="lbl_ref_ns2_AreasAffectedByProject"/>
    <link:reference xlink:role="http://www.xbrl.org/2003/role/reference" xlink:type="resource" xlink:label="lbl_ref_ns2_AreasAffectedByProject">
      <grip:Publisher>OMB</grip:Publisher>
      <grip:Name>SF 424</grip:Name>
    </link:reference>
    <link:loc xlink:label="ns2_NewOrRevisedBudget" xlink:href="grants_2023.xsd#sap_NewOrRevisedBudget" xlink:type="locator"/>
    <link:referenceArc xlink:arcrole="http://www.xbrl.org/2003/arcrole/concept-reference" xlink:type="arc" xlink:from="ns2_NewOrRevisedBudget" xlink:to="lbl_ref_ns2_NewOrRevisedBudget"/>
    <link:reference xlink:role="http://www.xbrl.org/2003/role/reference" xlink:type="resource" xlink:label="lbl_ref_ns2_NewOrRevisedBudget">
      <grip:Publisher>OMB</grip:Publisher>
      <grip:Name>SF 424A</grip:Name>
    </link:reference>
    <link:loc xlink:label="ns2_FederalExpendituresFederalShare" xlink:href="grants_2023.xsd#sap_FederalExpendituresFederalShare" xlink:type="locator"/>
    <link:referenceArc xlink:arcrole="http://www.xbrl.org/2003/arcrole/concept-reference" xlink:type="arc" xlink:from="ns2_FederalExpendituresFederalShare" xlink:to="lbl_ref_ns2_FederalExpendituresFederalShare"/>
    <link:reference xlink:role="http://www.xbrl.org/2003/role/reference" xlink:type="resource" xlink:label="lbl_ref_ns2_FederalExpendituresFederalShare">
      <grip:Publisher>OMB</grip:Publisher>
      <grip:Name>SF 425</grip:Name>
    </link:reference>
    <link:loc xlink:label="ns2_GrantsApplicantTypePublicIndianHousingAuthority" xlink:href="grants_2023.xsd#sap_GrantsApplicantTypePublicIndianHousingAuthority" xlink:type="locator"/>
    <link:referenceArc xlink:arcrole="http://www.xbrl.org/2003/arcrole/concept-reference" xlink:type="arc" xlink:from="ns2_GrantsApplicantTypePublicIndianHousingAuthority" xlink:to="lbl_ref_ns2_GrantsApplicantTypePublicIndianHousingAuthority"/>
    <link:reference xlink:role="http://www.xbrl.org/2003/role/reference" xlink:type="resource" xlink:label="lbl_ref_ns2_GrantsApplicantTypePublicIndianHousingAuthority">
      <grip:Publisher>OMB</grip:Publisher>
      <grip:Name>SF 424</grip:Name>
    </link:reference>
    <link:loc xlink:label="ns2_GranteeContactFaxNumber" xlink:href="grants_2023.xsd#sap_GranteeContactFaxNumber" xlink:type="locator"/>
    <link:referenceArc xlink:arcrole="http://www.xbrl.org/2003/arcrole/concept-reference" xlink:type="arc" xlink:from="ns2_GranteeContactFaxNumber" xlink:to="lbl_ref_ns2_GranteeContactFaxNumber"/>
    <link:reference xlink:role="http://www.xbrl.org/2003/role/reference" xlink:type="resource" xlink:label="lbl_ref_ns2_GranteeContactFaxNumber">
      <grip:Publisher>OMB</grip:Publisher>
      <grip:Name>SF 424</grip:Name>
    </link:reference>
    <link:loc xlink:label="ns2_IndirectCostAmountCharged" xlink:href="grants_2023.xsd#sap_IndirectCostAmountCharged" xlink:type="locator"/>
    <link:referenceArc xlink:arcrole="http://www.xbrl.org/2003/arcrole/concept-reference" xlink:type="arc" xlink:from="ns2_IndirectCostAmountCharged" xlink:to="lbl_ref_ns2_IndirectCostAmountCharged"/>
    <link:reference xlink:role="http://www.xbrl.org/2003/role/reference" xlink:type="resource" xlink:label="lbl_ref_ns2_IndirectCostAmountCharged">
      <grip:Publisher>OMB</grip:Publisher>
      <grip:Name>SF 425</grip:Name>
    </link:reference>
    <link:loc xlink:label="ns2_Remarks" xlink:href="grants_2023.xsd#sap_Remarks" xlink:type="locator"/>
    <link:referenceArc xlink:arcrole="http://www.xbrl.org/2003/arcrole/concept-reference" xlink:type="arc" xlink:from="ns2_Remarks" xlink:to="lbl_ref_ns2_Remarks"/>
    <link:reference xlink:role="http://www.xbrl.org/2003/role/reference" xlink:type="resource" xlink:label="lbl_ref_ns2_Remarks">
      <grip:Publisher>OMB</grip:Publisher>
      <grip:Name>SF 424A</grip:Name>
    </link:reference>
    <link:loc xlink:label="ns2_EstimatedFundingLocalContribution" xlink:href="grants_2023.xsd#sap_EstimatedFundingLocalContribution" xlink:type="locator"/>
    <link:referenceArc xlink:arcrole="http://www.xbrl.org/2003/arcrole/concept-reference" xlink:type="arc" xlink:from="ns2_EstimatedFundingLocalContribution" xlink:to="lbl_ref_ns2_EstimatedFundingLocalContribution"/>
    <link:reference xlink:role="http://www.xbrl.org/2003/role/reference" xlink:type="resource" xlink:label="lbl_ref_ns2_EstimatedFundingLocalContribution">
      <grip:Publisher>OMB</grip:Publisher>
      <grip:Name>SF 424</grip:Name>
    </link:reference>
    <link:loc xlink:label="ns2_FundsRequiredForFringeBenefits" xlink:href="grants_2023.xsd#sap_FundsRequiredForFringeBenefits" xlink:type="locator"/>
    <link:referenceArc xlink:arcrole="http://www.xbrl.org/2003/arcrole/concept-reference" xlink:type="arc" xlink:from="ns2_FundsRequiredForFringeBenefits" xlink:to="lbl_ref_ns2_FundsRequiredForFringeBenefits"/>
    <link:reference xlink:role="http://www.xbrl.org/2003/role/reference" xlink:type="resource" xlink:label="lbl_ref_ns2_FundsRequiredForFringeBenefits">
      <grip:Publisher>OMB</grip:Publisher>
      <grip:Name>SF 424A</grip:Name>
    </link:reference>
    <link:loc xlink:label="ns2_NonFederalResourceContribution" xlink:href="grants_2023.xsd#sap_NonFederalResourceContribution" xlink:type="locator"/>
    <link:referenceArc xlink:arcrole="http://www.xbrl.org/2003/arcrole/concept-reference" xlink:type="arc" xlink:from="ns2_NonFederalResourceContribution" xlink:to="lbl_ref_ns2_NonFederalResourceContribution"/>
    <link:reference xlink:role="http://www.xbrl.org/2003/role/reference" xlink:type="resource" xlink:label="lbl_ref_ns2_NonFederalResourceContribution">
      <grip:Publisher>OMB</grip:Publisher>
      <grip:Name>SF 424A</grip:Name>
    </link:reference>
    <link:loc xlink:label="ns2_FundsRequiredForDirectAndIndirectDirectCharges" xlink:href="grants_2023.xsd#sap_FundsRequiredForDirectAndIndirectDirectCharges" xlink:type="locator"/>
    <link:referenceArc xlink:arcrole="http://www.xbrl.org/2003/arcrole/concept-reference" xlink:type="arc" xlink:from="ns2_FundsRequiredForDirectAndIndirectDirectCharges" xlink:to="lbl_ref_ns2_FundsRequiredForDirectAndIndirectDirectCharges"/>
    <link:reference xlink:role="http://www.xbrl.org/2003/role/reference" xlink:type="resource" xlink:label="lbl_ref_ns2_FundsRequiredForDirectAndIndirectDirectCharges">
      <grip:Publisher>OMB</grip:Publisher>
      <grip:Name>SF 424A</grip:Name>
    </link:reference>
    <link:loc xlink:label="ns2_ProjectOrGrantEndingPeriod" xlink:href="grants_2023.xsd#sap_ProjectOrGrantEndingPeriod" xlink:type="locator"/>
    <link:referenceArc xlink:arcrole="http://www.xbrl.org/2003/arcrole/concept-reference" xlink:type="arc" xlink:from="ns2_ProjectOrGrantEndingPeriod" xlink:to="lbl_ref_ns2_ProjectOrGrantEndingPeriod"/>
    <link:reference xlink:role="http://www.xbrl.org/2003/role/reference" xlink:type="resource" xlink:label="lbl_ref_ns2_ProjectOrGrantEndingPeriod">
      <grip:Publisher>OMB</grip:Publisher>
      <grip:Name>SF 425</grip:Name>
    </link:reference>
    <link:loc xlink:label="ns2_State12372ReviewDate" xlink:href="grants_2023.xsd#sap_State12372ReviewDate" xlink:type="locator"/>
    <link:referenceArc xlink:arcrole="http://www.xbrl.org/2003/arcrole/concept-reference" xlink:type="arc" xlink:from="ns2_State12372ReviewDate" xlink:to="lbl_ref_ns2_State12372ReviewDate"/>
    <link:reference xlink:role="http://www.xbrl.org/2003/role/reference" xlink:type="resource" xlink:label="lbl_ref_ns2_State12372ReviewDate">
      <grip:Publisher>OMB</grip:Publisher>
      <grip:Name>SF 424</grip:Name>
    </link:reference>
    <link:loc xlink:label="ns2_GrantApplicationOtherRevisionDescription" xlink:href="grants_2023.xsd#sap_GrantApplicationOtherRevisionDescription" xlink:type="locator"/>
    <link:referenceArc xlink:arcrole="http://www.xbrl.org/2003/arcrole/concept-reference" xlink:type="arc" xlink:from="ns2_GrantApplicationOtherRevisionDescription" xlink:to="lbl_ref_ns2_GrantApplicationOtherRevisionDescription"/>
    <link:reference xlink:role="http://www.xbrl.org/2003/role/reference" xlink:type="resource" xlink:label="lbl_ref_ns2_GrantApplicationOtherRevisionDescription">
      <grip:Publisher>OMB</grip:Publisher>
      <grip:Name>SF424</grip:Name>
    </link:reference>
    <link:loc xlink:label="ns2_AuthorizedRepresentativeEmail" xlink:href="grants_2023.xsd#sap_AuthorizedRepresentativeEmail" xlink:type="locator"/>
    <link:referenceArc xlink:arcrole="http://www.xbrl.org/2003/arcrole/concept-reference" xlink:type="arc" xlink:from="ns2_AuthorizedRepresentativeEmail" xlink:to="lbl_ref_ns2_AuthorizedRepresentativeEmail"/>
    <link:reference xlink:role="http://www.xbrl.org/2003/role/reference" xlink:type="resource" xlink:label="lbl_ref_ns2_AuthorizedRepresentativeEmail">
      <grip:Publisher>OMB</grip:Publisher>
      <grip:Name>SF 424</grip:Name>
    </link:reference>
    <link:loc xlink:label="ns2_CashReceipts" xlink:href="grants_2023.xsd#sap_CashReceipts" xlink:type="locator"/>
    <link:referenceArc xlink:arcrole="http://www.xbrl.org/2003/arcrole/concept-reference" xlink:type="arc" xlink:from="ns2_CashReceipts" xlink:to="lbl_ref_ns2_CashReceipts"/>
    <link:reference xlink:role="http://www.xbrl.org/2003/role/reference" xlink:type="resource" xlink:label="lbl_ref_ns2_CashReceipts">
      <grip:Publisher>OMB</grip:Publisher>
      <grip:Name>SF 425</grip:Name>
    </link:reference>
    <link:loc xlink:label="ns2_GrantsApplicantTypeU.S.TerritoryOrPossession" xlink:href="grants_2023.xsd#sap_GrantsApplicantTypeU.S.TerritoryOrPossession" xlink:type="locator"/>
    <link:referenceArc xlink:arcrole="http://www.xbrl.org/2003/arcrole/concept-reference" xlink:type="arc" xlink:from="ns2_GrantsApplicantTypeU.S.TerritoryOrPossession" xlink:to="lbl_ref_ns2_GrantsApplicantTypeU.S.TerritoryOrPossession"/>
    <link:reference xlink:role="http://www.xbrl.org/2003/role/reference" xlink:type="resource" xlink:label="lbl_ref_ns2_GrantsApplicantTypeU.S.TerritoryOrPossession">
      <grip:Publisher>OMB</grip:Publisher>
      <grip:Name>SF 424</grip:Name>
    </link:reference>
    <link:loc xlink:label="ns2_GrantsApplicantTypePublicStateControlledInstitutionOfHigherEducation" xlink:href="grants_2023.xsd#sap_GrantsApplicantTypePublicStateControlledInstitutionOfHigherEducation" xlink:type="locator"/>
    <link:referenceArc xlink:arcrole="http://www.xbrl.org/2003/arcrole/concept-reference" xlink:type="arc" xlink:from="ns2_GrantsApplicantTypePublicStateControlledInstitutionOfHigherEducation" xlink:to="lbl_ref_ns2_GrantsApplicantTypePublicStateControlledInstitutionOfHigherEducation"/>
    <link:reference xlink:role="http://www.xbrl.org/2003/role/reference" xlink:type="resource" xlink:label="lbl_ref_ns2_GrantsApplicantTypePublicStateControlledInstitutionOfHigherEducation">
      <grip:Publisher>OMB</grip:Publisher>
      <grip:Name>SF 424</grip:Name>
    </link:reference>
    <link:loc xlink:label="ns2_AreasAffectedByProjectSupportingDocumentsLink" xlink:href="grants_2023.xsd#sap_AreasAffectedByProjectSupportingDocumentsLink" xlink:type="locator"/>
    <link:referenceArc xlink:arcrole="http://www.xbrl.org/2003/arcrole/concept-reference" xlink:type="arc" xlink:from="ns2_AreasAffectedByProjectSupportingDocumentsLink" xlink:to="lbl_ref_ns2_AreasAffectedByProjectSupportingDocumentsLink"/>
    <link:reference xlink:role="http://www.xbrl.org/2003/role/reference" xlink:type="resource" xlink:label="lbl_ref_ns2_AreasAffectedByProjectSupportingDocumentsLink">
      <grip:Publisher>OMB</grip:Publisher>
      <grip:Name>SF 424</grip:Name>
    </link:reference>
    <link:loc xlink:label="ns2_RemainingRecipientShareToBeProvided" xlink:href="grants_2023.xsd#sap_RemainingRecipientShareToBeProvided" xlink:type="locator"/>
    <link:referenceArc xlink:arcrole="http://www.xbrl.org/2003/arcrole/concept-reference" xlink:type="arc" xlink:from="ns2_RemainingRecipientShareToBeProvided" xlink:to="lbl_ref_ns2_RemainingRecipientShareToBeProvided"/>
    <link:reference xlink:role="http://www.xbrl.org/2003/role/reference" xlink:type="resource" xlink:label="lbl_ref_ns2_RemainingRecipientShareToBeProvided">
      <grip:Publisher>OMB</grip:Publisher>
      <grip:Name>SF 425</grip:Name>
    </link:reference>
    <link:loc xlink:label="ns2_GranteeContactTitle" xlink:href="grants_2023.xsd#sap_GranteeContactTitle" xlink:type="locator"/>
    <link:referenceArc xlink:arcrole="http://www.xbrl.org/2003/arcrole/concept-reference" xlink:type="arc" xlink:from="ns2_GranteeContactTitle" xlink:to="lbl_ref_ns2_GranteeContactTitle"/>
    <link:reference xlink:role="http://www.xbrl.org/2003/role/reference" xlink:type="resource" xlink:label="lbl_ref_ns2_GranteeContactTitle">
      <grip:Publisher>OMB</grip:Publisher>
      <grip:Name>SF 424</grip:Name>
    </link:reference>
    <link:loc xlink:label="ns2_GrantsApplicantTypeIndividual" xlink:href="grants_2023.xsd#sap_GrantsApplicantTypeIndividual" xlink:type="locator"/>
    <link:referenceArc xlink:arcrole="http://www.xbrl.org/2003/arcrole/concept-reference" xlink:type="arc" xlink:from="ns2_GrantsApplicantTypeIndividual" xlink:to="lbl_ref_ns2_GrantsApplicantTypeIndividual"/>
    <link:reference xlink:role="http://www.xbrl.org/2003/role/reference" xlink:type="resource" xlink:label="lbl_ref_ns2_GrantsApplicantTypeIndividual">
      <grip:Publisher>OMB</grip:Publisher>
      <grip:Name>SF 424</grip:Name>
    </link:reference>
    <link:loc xlink:label="ns2_FederalFinancialReportBasisOfAccounting" xlink:href="grants_2023.xsd#sap_FederalFinancialReportBasisOfAccounting" xlink:type="locator"/>
    <link:referenceArc xlink:arcrole="http://www.xbrl.org/2003/arcrole/concept-reference" xlink:type="arc" xlink:from="ns2_FederalFinancialReportBasisOfAccounting" xlink:to="lbl_ref_ns2_FederalFinancialReportBasisOfAccounting"/>
    <link:reference xlink:role="http://www.xbrl.org/2003/role/reference" xlink:type="resource" xlink:label="lbl_ref_ns2_FederalFinancialReportBasisOfAccounting">
      <grip:Publisher>OMB</grip:Publisher>
      <grip:Name>SF 425</grip:Name>
    </link:reference>
    <link:loc xlink:label="ns2_FederalShareOfIndirectCostAmountCharged" xlink:href="grants_2023.xsd#sap_FederalShareOfIndirectCostAmountCharged" xlink:type="locator"/>
    <link:referenceArc xlink:arcrole="http://www.xbrl.org/2003/arcrole/concept-reference" xlink:type="arc" xlink:from="ns2_FederalShareOfIndirectCostAmountCharged" xlink:to="lbl_ref_ns2_FederalShareOfIndirectCostAmountCharged"/>
    <link:reference xlink:role="http://www.xbrl.org/2003/role/reference" xlink:type="resource" xlink:label="lbl_ref_ns2_FederalShareOfIndirectCostAmountCharged">
      <grip:Publisher>OMB</grip:Publisher>
      <grip:Name>SF 425</grip:Name>
    </link:reference>
    <link:loc xlink:label="ns2_GrantsApplicantTypeHispanicServingInstitution" xlink:href="grants_2023.xsd#sap_GrantsApplicantTypeHispanicServingInstitution" xlink:type="locator"/>
    <link:referenceArc xlink:arcrole="http://www.xbrl.org/2003/arcrole/concept-reference" xlink:type="arc" xlink:from="ns2_GrantsApplicantTypeHispanicServingInstitution" xlink:to="lbl_ref_ns2_GrantsApplicantTypeHispanicServingInstitution"/>
    <link:reference xlink:role="http://www.xbrl.org/2003/role/reference" xlink:type="resource" xlink:label="lbl_ref_ns2_GrantsApplicantTypeHispanicServingInstitution">
      <grip:Publisher>OMB</grip:Publisher>
      <grip:Name>SF 424</grip:Name>
    </link:reference>
    <link:loc xlink:label="ns2_FundsRequiredForTravel" xlink:href="grants_2023.xsd#sap_FundsRequiredForTravel" xlink:type="locator"/>
    <link:referenceArc xlink:arcrole="http://www.xbrl.org/2003/arcrole/concept-reference" xlink:type="arc" xlink:from="ns2_FundsRequiredForTravel" xlink:to="lbl_ref_ns2_FundsRequiredForTravel"/>
    <link:reference xlink:role="http://www.xbrl.org/2003/role/reference" xlink:type="resource" xlink:label="lbl_ref_ns2_FundsRequiredForTravel">
      <grip:Publisher>OMB</grip:Publisher>
      <grip:Name>SF 424A</grip:Name>
    </link:reference>
    <link:loc xlink:label="ns2_ProgramIncome" xlink:href="grants_2023.xsd#sap_ProgramIncome" xlink:type="locator"/>
    <link:referenceArc xlink:arcrole="http://www.xbrl.org/2003/arcrole/concept-reference" xlink:type="arc" xlink:from="ns2_ProgramIncome" xlink:to="lbl_ref_ns2_ProgramIncome"/>
    <link:reference xlink:role="http://www.xbrl.org/2003/role/reference" xlink:type="resource" xlink:label="lbl_ref_ns2_ProgramIncome">
      <grip:Publisher>OMB</grip:Publisher>
      <grip:Name>SF 424A</grip:Name>
    </link:reference>
    <link:loc xlink:label="ns2_AuthorizedRepresentativeLastName" xlink:href="grants_2023.xsd#sap_AuthorizedRepresentativeLastName" xlink:type="locator"/>
    <link:referenceArc xlink:arcrole="http://www.xbrl.org/2003/arcrole/concept-reference" xlink:type="arc" xlink:from="ns2_AuthorizedRepresentativeLastName" xlink:to="lbl_ref_ns2_AuthorizedRepresentativeLastName"/>
    <link:reference xlink:role="http://www.xbrl.org/2003/role/reference" xlink:type="resource" xlink:label="lbl_ref_ns2_AuthorizedRepresentativeLastName">
      <grip:Publisher>OMB</grip:Publisher>
      <grip:Name>SF 424</grip:Name>
    </link:reference>
    <link:loc xlink:label="ns2_ForecastedCashNeedsFederal" xlink:href="grants_2023.xsd#sap_ForecastedCashNeedsFederal" xlink:type="locator"/>
    <link:referenceArc xlink:arcrole="http://www.xbrl.org/2003/arcrole/concept-reference" xlink:type="arc" xlink:from="ns2_ForecastedCashNeedsFederal" xlink:to="lbl_ref_ns2_ForecastedCashNeedsFederal"/>
    <link:reference xlink:role="http://www.xbrl.org/2003/role/reference" xlink:type="resource" xlink:label="lbl_ref_ns2_ForecastedCashNeedsFederal">
      <grip:Publisher>OMB</grip:Publisher>
      <grip:Name>SF 424A</grip:Name>
    </link:reference>
    <link:loc xlink:label="ns2_GrantsApplicantTypeNonUSEntity" xlink:href="grants_2023.xsd#sap_GrantsApplicantTypeNonUSEntity" xlink:type="locator"/>
    <link:referenceArc xlink:arcrole="http://www.xbrl.org/2003/arcrole/concept-reference" xlink:type="arc" xlink:from="ns2_GrantsApplicantTypeNonUSEntity" xlink:to="lbl_ref_ns2_GrantsApplicantTypeNonUSEntity"/>
    <link:reference xlink:role="http://www.xbrl.org/2003/role/reference" xlink:type="resource" xlink:label="lbl_ref_ns2_GrantsApplicantTypeNonUSEntity">
      <grip:Publisher>OMB</grip:Publisher>
      <grip:Name>SF 424</grip:Name>
    </link:reference>
    <link:loc xlink:label="ns2_CertifyingOfficialTitle" xlink:href="grants_2023.xsd#sap_CertifyingOfficialTitle" xlink:type="locator"/>
    <link:referenceArc xlink:arcrole="http://www.xbrl.org/2003/arcrole/concept-reference" xlink:type="arc" xlink:from="ns2_CertifyingOfficialTitle" xlink:to="lbl_ref_ns2_CertifyingOfficialTitle"/>
    <link:reference xlink:role="http://www.xbrl.org/2003/role/reference" xlink:type="resource" xlink:label="lbl_ref_ns2_CertifyingOfficialTitle">
      <grip:Publisher>OMB</grip:Publisher>
      <grip:Name>SF 425</grip:Name>
    </link:reference>
    <link:loc xlink:label="ns2_GrantsApplicantTypeSpecialDistrictGovernment" xlink:href="grants_2023.xsd#sap_GrantsApplicantTypeSpecialDistrictGovernment" xlink:type="locator"/>
    <link:referenceArc xlink:arcrole="http://www.xbrl.org/2003/arcrole/concept-reference" xlink:type="arc" xlink:from="ns2_GrantsApplicantTypeSpecialDistrictGovernment" xlink:to="lbl_ref_ns2_GrantsApplicantTypeSpecialDistrictGovernment"/>
    <link:reference xlink:role="http://www.xbrl.org/2003/role/reference" xlink:type="resource" xlink:label="lbl_ref_ns2_GrantsApplicantTypeSpecialDistrictGovernment">
      <grip:Publisher>OMB</grip:Publisher>
      <grip:Name>SF 424</grip:Name>
    </link:reference>
    <link:loc xlink:label="ns2_AuthorizedRepresentativeTelephoneNumber" xlink:href="grants_2023.xsd#sap_AuthorizedRepresentativeTelephoneNumber" xlink:type="locator"/>
    <link:referenceArc xlink:arcrole="http://www.xbrl.org/2003/arcrole/concept-reference" xlink:type="arc" xlink:from="ns2_AuthorizedRepresentativeTelephoneNumber" xlink:to="lbl_ref_ns2_AuthorizedRepresentativeTelephoneNumber"/>
    <link:reference xlink:role="http://www.xbrl.org/2003/role/reference" xlink:type="resource" xlink:label="lbl_ref_ns2_AuthorizedRepresentativeTelephoneNumber">
      <grip:Publisher>OMB</grip:Publisher>
      <grip:Name>SF 424</grip:Name>
    </link:reference>
    <link:loc xlink:label="ns2_GranteeAddressStreetAddress2" xlink:href="grants_2023.xsd#sap_GranteeAddressStreetAddress2" xlink:type="locator"/>
    <link:referenceArc xlink:arcrole="http://www.xbrl.org/2003/arcrole/concept-reference" xlink:type="arc" xlink:from="ns2_GranteeAddressStreetAddress2" xlink:to="lbl_ref_ns2_GranteeAddressStreetAddress2"/>
    <link:reference xlink:role="http://www.xbrl.org/2003/role/reference" xlink:type="resource" xlink:label="lbl_ref_ns2_GranteeAddressStreetAddress2">
      <grip:Publisher>OMB</grip:Publisher>
      <grip:Name>SF 424</grip:Name>
    </link:reference>
    <link:loc xlink:label="ns2_ApplicantMember" xlink:href="grants_2023.xsd#sap_ApplicantMember" xlink:type="locator"/>
    <link:referenceArc xlink:arcrole="http://www.xbrl.org/2003/arcrole/concept-reference" xlink:type="arc" xlink:from="ns2_ApplicantMember" xlink:to="lbl_ref_ns2_ApplicantMember"/>
    <link:reference xlink:role="http://www.xbrl.org/2003/role/reference" xlink:type="resource" xlink:label="lbl_ref_ns2_ApplicantMember">
      <grip:Publisher>OMB</grip:Publisher>
      <grip:Name>SF 424A</grip:Name>
    </link:reference>
    <link:loc xlink:label="ns2_GranteeAddressState" xlink:href="grants_2023.xsd#sap_GranteeAddressState" xlink:type="locator"/>
    <link:referenceArc xlink:arcrole="http://www.xbrl.org/2003/arcrole/concept-reference" xlink:type="arc" xlink:from="ns2_GranteeAddressState" xlink:to="lbl_ref_ns2_GranteeAddressState"/>
    <link:reference xlink:role="http://www.xbrl.org/2003/role/reference" xlink:type="resource" xlink:label="lbl_ref_ns2_GranteeAddressState">
      <grip:Publisher>OMB</grip:Publisher>
      <grip:Name>SF 424</grip:Name>
    </link:reference>
    <link:loc xlink:label="ns2_GrantsApplicantTypeIndianNativeAmericanTribalGovernmentOtherThanFederallyRecognized" xlink:href="grants_2023.xsd#sap_GrantsApplicantTypeIndianNativeAmericanTribalGovernmentOtherThanFederallyRecognized" xlink:type="locator"/>
    <link:referenceArc xlink:arcrole="http://www.xbrl.org/2003/arcrole/concept-reference" xlink:type="arc" xlink:from="ns2_GrantsApplicantTypeIndianNativeAmericanTribalGovernmentOtherThanFederallyRecognized" xlink:to="lbl_ref_ns2_GrantsApplicantTypeIndianNativeAmericanTribalGovernmentOtherThanFederallyRecognized"/>
    <link:reference xlink:role="http://www.xbrl.org/2003/role/reference" xlink:type="resource" xlink:label="lbl_ref_ns2_GrantsApplicantTypeIndianNativeAmericanTribalGovernmentOtherThanFederallyRecognized">
      <grip:Publisher>OMB</grip:Publisher>
      <grip:Name>SF 424</grip:Name>
    </link:reference>
    <link:loc xlink:label="ns2_IndirectCostRate" xlink:href="grants_2023.xsd#sap_IndirectCostRate" xlink:type="locator"/>
    <link:referenceArc xlink:arcrole="http://www.xbrl.org/2003/arcrole/concept-reference" xlink:type="arc" xlink:from="ns2_IndirectCostRate" xlink:to="lbl_ref_ns2_IndirectCostRate"/>
    <link:reference xlink:role="http://www.xbrl.org/2003/role/reference" xlink:type="resource" xlink:label="lbl_ref_ns2_IndirectCostRate">
      <grip:Publisher>OMB</grip:Publisher>
      <grip:Name>SF 425</grip:Name>
    </link:reference>
    <link:loc xlink:label="ns2_GrantTypeOfApplication" xlink:href="grants_2023.xsd#sap_GrantTypeOfApplication" xlink:type="locator"/>
    <link:referenceArc xlink:arcrole="http://www.xbrl.org/2003/arcrole/concept-reference" xlink:type="arc" xlink:from="ns2_GrantTypeOfApplication" xlink:to="lbl_ref_ns2_GrantTypeOfApplication"/>
    <link:reference xlink:role="http://www.xbrl.org/2003/role/reference" xlink:type="resource" xlink:label="lbl_ref_ns2_GrantTypeOfApplication">
      <grip:Publisher>OMB</grip:Publisher>
      <grip:Name>SF 424</grip:Name>
    </link:reference>
    <link:loc xlink:label="ns2_ProgramIncomeExpendedInAccordanceWithTheAdditionAlternative" xlink:href="grants_2023.xsd#sap_ProgramIncomeExpendedInAccordanceWithTheAdditionAlternative" xlink:type="locator"/>
    <link:referenceArc xlink:arcrole="http://www.xbrl.org/2003/arcrole/concept-reference" xlink:type="arc" xlink:from="ns2_ProgramIncomeExpendedInAccordanceWithTheAdditionAlternative" xlink:to="lbl_ref_ns2_ProgramIncomeExpendedInAccordanceWithTheAdditionAlternative"/>
    <link:reference xlink:role="http://www.xbrl.org/2003/role/reference" xlink:type="resource" xlink:label="lbl_ref_ns2_ProgramIncomeExpendedInAccordanceWithTheAdditionAlternative">
      <grip:Publisher>OMB</grip:Publisher>
      <grip:Name>SF 425</grip:Name>
    </link:reference>
    <link:loc xlink:label="ns2_ProposedProjectStartDate" xlink:href="grants_2023.xsd#sap_ProposedProjectStartDate" xlink:type="locator"/>
    <link:referenceArc xlink:arcrole="http://www.xbrl.org/2003/arcrole/concept-reference" xlink:type="arc" xlink:from="ns2_ProposedProjectStartDate" xlink:to="lbl_ref_ns2_ProposedProjectStartDate"/>
    <link:reference xlink:role="http://www.xbrl.org/2003/role/reference" xlink:type="resource" xlink:label="lbl_ref_ns2_ProposedProjectStartDate">
      <grip:Publisher>OMB</grip:Publisher>
      <grip:Name>SF 424</grip:Name>
    </link:reference>
    <link:loc xlink:label="ns2_GranteeContactEmail" xlink:href="grants_2023.xsd#sap_GranteeContactEmail" xlink:type="locator"/>
    <link:referenceArc xlink:arcrole="http://www.xbrl.org/2003/arcrole/concept-reference" xlink:type="arc" xlink:from="ns2_GranteeContactEmail" xlink:to="lbl_ref_ns2_GranteeContactEmail"/>
    <link:reference xlink:role="http://www.xbrl.org/2003/role/reference" xlink:type="resource" xlink:label="lbl_ref_ns2_GranteeContactEmail">
      <grip:Publisher>OMB</grip:Publisher>
      <grip:Name>SF 424</grip:Name>
    </link:reference>
    <link:loc xlink:label="ns2_FederalCashCashOnHand" xlink:href="grants_2023.xsd#sap_FederalCashCashOnHand" xlink:type="locator"/>
    <link:referenceArc xlink:arcrole="http://www.xbrl.org/2003/arcrole/concept-reference" xlink:type="arc" xlink:from="ns2_FederalCashCashOnHand" xlink:to="lbl_ref_ns2_FederalCashCashOnHand"/>
    <link:reference xlink:role="http://www.xbrl.org/2003/role/reference" xlink:type="resource" xlink:label="lbl_ref_ns2_FederalCashCashOnHand">
      <grip:Publisher>OMB</grip:Publisher>
      <grip:Name>SF 425</grip:Name>
    </link:reference>
    <link:loc xlink:label="ns2_EstimatedFundingOtherContribution" xlink:href="grants_2023.xsd#sap_EstimatedFundingOtherContribution" xlink:type="locator"/>
    <link:referenceArc xlink:arcrole="http://www.xbrl.org/2003/arcrole/concept-reference" xlink:type="arc" xlink:from="ns2_EstimatedFundingOtherContribution" xlink:to="lbl_ref_ns2_EstimatedFundingOtherContribution"/>
    <link:reference xlink:role="http://www.xbrl.org/2003/role/reference" xlink:type="resource" xlink:label="lbl_ref_ns2_EstimatedFundingOtherContribution">
      <grip:Publisher>OMB</grip:Publisher>
      <grip:Name>SF 424</grip:Name>
    </link:reference>
    <link:loc xlink:label="ns2_FederalExpendituresFederalFundsAuthorized" xlink:href="grants_2023.xsd#sap_FederalExpendituresFederalFundsAuthorized" xlink:type="locator"/>
    <link:referenceArc xlink:arcrole="http://www.xbrl.org/2003/arcrole/concept-reference" xlink:type="arc" xlink:from="ns2_FederalExpendituresFederalFundsAuthorized" xlink:to="lbl_ref_ns2_FederalExpendituresFederalFundsAuthorized"/>
    <link:reference xlink:role="http://www.xbrl.org/2003/role/reference" xlink:type="resource" xlink:label="lbl_ref_ns2_FederalExpendituresFederalFundsAuthorized">
      <grip:Publisher>OMB</grip:Publisher>
      <grip:Name>SF 425</grip:Name>
    </link:reference>
    <link:loc xlink:label="ns2_FundsRequiredForEquipment" xlink:href="grants_2023.xsd#sap_FundsRequiredForEquipment" xlink:type="locator"/>
    <link:referenceArc xlink:arcrole="http://www.xbrl.org/2003/arcrole/concept-reference" xlink:type="arc" xlink:from="ns2_FundsRequiredForEquipment" xlink:to="lbl_ref_ns2_FundsRequiredForEquipment"/>
    <link:reference xlink:role="http://www.xbrl.org/2003/role/reference" xlink:type="resource" xlink:label="lbl_ref_ns2_FundsRequiredForEquipment">
      <grip:Publisher>OMB</grip:Publisher>
      <grip:Name>SF 424A</grip:Name>
    </link:reference>
    <link:loc xlink:label="ns2_ApplicantIsDelinquentOnAnyFederalDebt" xlink:href="grants_2023.xsd#sap_ApplicantIsDelinquentOnAnyFederalDebt" xlink:type="locator"/>
    <link:referenceArc xlink:arcrole="http://www.xbrl.org/2003/arcrole/concept-reference" xlink:type="arc" xlink:from="ns2_ApplicantIsDelinquentOnAnyFederalDebt" xlink:to="lbl_ref_ns2_ApplicantIsDelinquentOnAnyFederalDebt"/>
    <link:reference xlink:role="http://www.xbrl.org/2003/role/reference" xlink:type="resource" xlink:label="lbl_ref_ns2_ApplicantIsDelinquentOnAnyFederalDebt">
      <grip:Publisher>OMB</grip:Publisher>
      <grip:Name>SF 424</grip:Name>
    </link:reference>
    <link:loc xlink:label="ns2_FederalEntityIdentifier" xlink:href="grants_2023.xsd#sap_FederalEntityIdentifier" xlink:type="locator"/>
    <link:referenceArc xlink:arcrole="http://www.xbrl.org/2003/arcrole/concept-reference" xlink:type="arc" xlink:from="ns2_FederalEntityIdentifier" xlink:to="lbl_ref_ns2_FederalEntityIdentifier"/>
    <link:reference xlink:role="http://www.xbrl.org/2003/role/reference" xlink:type="resource" xlink:label="lbl_ref_ns2_FederalEntityIdentifier">
      <grip:Publisher>OMB</grip:Publisher>
      <grip:Name>SF 424</grip:Name>
    </link:reference>
    <link:loc xlink:label="ns2_SignatureOfAuthorizedRepresentative" xlink:href="grants_2023.xsd#sap_SignatureOfAuthorizedRepresentative" xlink:type="locator"/>
    <link:referenceArc xlink:arcrole="http://www.xbrl.org/2003/arcrole/concept-reference" xlink:type="arc" xlink:from="ns2_SignatureOfAuthorizedRepresentative" xlink:to="lbl_ref_ns2_SignatureOfAuthorizedRepresentative"/>
    <link:reference xlink:role="http://www.xbrl.org/2003/role/reference" xlink:type="resource" xlink:label="lbl_ref_ns2_SignatureOfAuthorizedRepresentative">
      <grip:Publisher>OMB</grip:Publisher>
      <grip:Name>SF 424</grip:Name>
    </link:reference>
    <link:loc xlink:label="ns2_CertifyingOfficialTelephone" xlink:href="grants_2023.xsd#sap_CertifyingOfficialTelephone" xlink:type="locator"/>
    <link:referenceArc xlink:arcrole="http://www.xbrl.org/2003/arcrole/concept-reference" xlink:type="arc" xlink:from="ns2_CertifyingOfficialTelephone" xlink:to="lbl_ref_ns2_CertifyingOfficialTelephone"/>
    <link:reference xlink:role="http://www.xbrl.org/2003/role/reference" xlink:type="resource" xlink:label="lbl_ref_ns2_CertifyingOfficialTelephone">
      <grip:Publisher>OMB</grip:Publisher>
      <grip:Name>SF 425</grip:Name>
    </link:reference>
    <link:loc xlink:label="ns2_FirstFutureFundingPeriod" xlink:href="grants_2023.xsd#sap_FirstFutureFundingPeriod" xlink:type="locator"/>
    <link:referenceArc xlink:arcrole="http://www.xbrl.org/2003/arcrole/concept-reference" xlink:type="arc" xlink:from="ns2_FirstFutureFundingPeriod" xlink:to="lbl_ref_ns2_FirstFutureFundingPeriod"/>
    <link:reference xlink:role="http://www.xbrl.org/2003/role/reference" xlink:type="resource" xlink:label="lbl_ref_ns2_FirstFutureFundingPeriod">
      <grip:Publisher>OMB</grip:Publisher>
      <grip:Name>SF 424A</grip:Name>
    </link:reference>
    <link:loc xlink:label="ns2_StateMember" xlink:href="grants_2023.xsd#sap_StateMember" xlink:type="locator"/>
    <link:referenceArc xlink:arcrole="http://www.xbrl.org/2003/arcrole/concept-reference" xlink:type="arc" xlink:from="ns2_StateMember" xlink:to="lbl_ref_ns2_StateMember"/>
    <link:reference xlink:role="http://www.xbrl.org/2003/role/reference" xlink:type="resource" xlink:label="lbl_ref_ns2_StateMember">
      <grip:Publisher>OMB</grip:Publisher>
      <grip:Name>SF 424A</grip:Name>
    </link:reference>
    <link:loc xlink:label="ns2_CompetitionIdentificationNumber" xlink:href="grants_2023.xsd#sap_CompetitionIdentificationNumber" xlink:type="locator"/>
    <link:referenceArc xlink:arcrole="http://www.xbrl.org/2003/arcrole/concept-reference" xlink:type="arc" xlink:from="ns2_CompetitionIdentificationNumber" xlink:to="lbl_ref_ns2_CompetitionIdentificationNumber"/>
    <link:reference xlink:role="http://www.xbrl.org/2003/role/reference" xlink:type="resource" xlink:label="lbl_ref_ns2_CompetitionIdentificationNumber">
      <grip:Publisher>OMB</grip:Publisher>
      <grip:Name>SF 424</grip:Name>
    </link:reference>
    <link:loc xlink:label="ns2_DescriptiveTitleOfApplicantsProject" xlink:href="grants_2023.xsd#sap_DescriptiveTitleOfApplicantsProject" xlink:type="locator"/>
    <link:referenceArc xlink:arcrole="http://www.xbrl.org/2003/arcrole/concept-reference" xlink:type="arc" xlink:from="ns2_DescriptiveTitleOfApplicantsProject" xlink:to="lbl_ref_ns2_DescriptiveTitleOfApplicantsProject"/>
    <link:reference xlink:role="http://www.xbrl.org/2003/role/reference" xlink:type="resource" xlink:label="lbl_ref_ns2_DescriptiveTitleOfApplicantsProject">
      <grip:Publisher>OMB</grip:Publisher>
      <grip:Name>SF 424</grip:Name>
    </link:reference>
    <link:loc xlink:label="ns2_GranteeContactFirstName" xlink:href="grants_2023.xsd#sap_GranteeContactFirstName" xlink:type="locator"/>
    <link:referenceArc xlink:arcrole="http://www.xbrl.org/2003/arcrole/concept-reference" xlink:type="arc" xlink:from="ns2_GranteeContactFirstName" xlink:to="lbl_ref_ns2_GranteeContactFirstName"/>
    <link:reference xlink:role="http://www.xbrl.org/2003/role/reference" xlink:type="resource" xlink:label="lbl_ref_ns2_GranteeContactFirstName">
      <grip:Publisher>OMB</grip:Publisher>
      <grip:Name>SF 424</grip:Name>
    </link:reference>
    <link:loc xlink:label="ns2_CertifyingOfficialFirstName" xlink:href="grants_2023.xsd#sap_CertifyingOfficialFirstName" xlink:type="locator"/>
    <link:referenceArc xlink:arcrole="http://www.xbrl.org/2003/arcrole/concept-reference" xlink:type="arc" xlink:from="ns2_CertifyingOfficialFirstName" xlink:to="lbl_ref_ns2_CertifyingOfficialFirstName"/>
    <link:reference xlink:role="http://www.xbrl.org/2003/role/reference" xlink:type="resource" xlink:label="lbl_ref_ns2_CertifyingOfficialFirstName">
      <grip:Publisher>OMB</grip:Publisher>
      <grip:Name>SF 425</grip:Name>
    </link:reference>
    <link:loc xlink:label="ns2_PredeterminedMember" xlink:href="grants_2023.xsd#sap_PredeterminedMember" xlink:type="locator"/>
    <link:referenceArc xlink:arcrole="http://www.xbrl.org/2003/arcrole/concept-reference" xlink:type="arc" xlink:from="ns2_PredeterminedMember" xlink:to="lbl_ref_ns2_PredeterminedMember"/>
    <link:reference xlink:role="http://www.xbrl.org/2003/role/reference" xlink:type="resource" xlink:label="lbl_ref_ns2_PredeterminedMember">
      <grip:Publisher>OMB</grip:Publisher>
      <grip:Name>SF 425</grip:Name>
    </link:reference>
    <link:loc xlink:label="ns2_GrantsApplicantTypeNonprofit" xlink:href="grants_2023.xsd#sap_GrantsApplicantTypeNonprofit" xlink:type="locator"/>
    <link:referenceArc xlink:arcrole="http://www.xbrl.org/2003/arcrole/concept-reference" xlink:type="arc" xlink:from="ns2_GrantsApplicantTypeNonprofit" xlink:to="lbl_ref_ns2_GrantsApplicantTypeNonprofit"/>
    <link:reference xlink:role="http://www.xbrl.org/2003/role/reference" xlink:type="resource" xlink:label="lbl_ref_ns2_GrantsApplicantTypeNonprofit">
      <grip:Publisher>OMB</grip:Publisher>
      <grip:Name>SF 424</grip:Name>
    </link:reference>
    <link:loc xlink:label="ns2_GrantsApplicantTypeCountyGovernment" xlink:href="grants_2023.xsd#sap_GrantsApplicantTypeCountyGovernment" xlink:type="locator"/>
    <link:referenceArc xlink:arcrole="http://www.xbrl.org/2003/arcrole/concept-reference" xlink:type="arc" xlink:from="ns2_GrantsApplicantTypeCountyGovernment" xlink:to="lbl_ref_ns2_GrantsApplicantTypeCountyGovernment"/>
    <link:reference xlink:role="http://www.xbrl.org/2003/role/reference" xlink:type="resource" xlink:label="lbl_ref_ns2_GrantsApplicantTypeCountyGovernment">
      <grip:Publisher>OMB</grip:Publisher>
      <grip:Name>SF 424</grip:Name>
    </link:reference>
    <link:loc xlink:label="ns2_EstimatedFundingApplicantContribution" xlink:href="grants_2023.xsd#sap_EstimatedFundingApplicantContribution" xlink:type="locator"/>
    <link:referenceArc xlink:arcrole="http://www.xbrl.org/2003/arcrole/concept-reference" xlink:type="arc" xlink:from="ns2_EstimatedFundingApplicantContribution" xlink:to="lbl_ref_ns2_EstimatedFundingApplicantContribution"/>
    <link:reference xlink:role="http://www.xbrl.org/2003/role/reference" xlink:type="resource" xlink:label="lbl_ref_ns2_EstimatedFundingApplicantContribution">
      <grip:Publisher>OMB</grip:Publisher>
      <grip:Name>SF 424</grip:Name>
    </link:reference>
    <link:loc xlink:label="ns2_FederalExpendituresFederalShareOfUnliquidatedObligations" xlink:href="grants_2023.xsd#sap_FederalExpendituresFederalShareOfUnliquidatedObligations" xlink:type="locator"/>
    <link:referenceArc xlink:arcrole="http://www.xbrl.org/2003/arcrole/concept-reference" xlink:type="arc" xlink:from="ns2_FederalExpendituresFederalShareOfUnliquidatedObligations" xlink:to="lbl_ref_ns2_FederalExpendituresFederalShareOfUnliquidatedObligations"/>
    <link:reference xlink:role="http://www.xbrl.org/2003/role/reference" xlink:type="resource" xlink:label="lbl_ref_ns2_FederalExpendituresFederalShareOfUnliquidatedObligations">
      <grip:Publisher>OMB</grip:Publisher>
      <grip:Name>SF 425</grip:Name>
    </link:reference>
    <link:loc xlink:label="ns2_ForecastedCashNeedsNonFederal" xlink:href="grants_2023.xsd#sap_ForecastedCashNeedsNonFederal" xlink:type="locator"/>
    <link:referenceArc xlink:arcrole="http://www.xbrl.org/2003/arcrole/concept-reference" xlink:type="arc" xlink:from="ns2_ForecastedCashNeedsNonFederal" xlink:to="lbl_ref_ns2_ForecastedCashNeedsNonFederal"/>
    <link:reference xlink:role="http://www.xbrl.org/2003/role/reference" xlink:type="resource" xlink:label="lbl_ref_ns2_ForecastedCashNeedsNonFederal">
      <grip:Publisher>OMB</grip:Publisher>
      <grip:Name>SF 424A</grip:Name>
    </link:reference>
    <link:loc xlink:label="ns2_EstimatedFundingProgramIncome" xlink:href="grants_2023.xsd#sap_EstimatedFundingProgramIncome" xlink:type="locator"/>
    <link:referenceArc xlink:arcrole="http://www.xbrl.org/2003/arcrole/concept-reference" xlink:type="arc" xlink:from="ns2_EstimatedFundingProgramIncome" xlink:to="lbl_ref_ns2_EstimatedFundingProgramIncome"/>
    <link:reference xlink:role="http://www.xbrl.org/2003/role/reference" xlink:type="resource" xlink:label="lbl_ref_ns2_EstimatedFundingProgramIncome">
      <grip:Publisher>OMB</grip:Publisher>
      <grip:Name>SF 424</grip:Name>
    </link:reference>
    <link:loc xlink:label="ns2_CFDANumber" xlink:href="grants_2023.xsd#sap_CFDANumber" xlink:type="locator"/>
    <link:referenceArc xlink:arcrole="http://www.xbrl.org/2003/arcrole/concept-reference" xlink:type="arc" xlink:from="ns2_CFDANumber" xlink:to="lbl_ref_ns2_CFDANumber"/>
    <link:reference xlink:role="http://www.xbrl.org/2003/role/reference" xlink:type="resource" xlink:label="lbl_ref_ns2_CFDANumber">
      <grip:Publisher>OMB</grip:Publisher>
      <grip:Name>SF 424</grip:Name>
    </link:reference>
    <link:loc xlink:label="ns2_FundsRequiredForSupplies" xlink:href="grants_2023.xsd#sap_FundsRequiredForSupplies" xlink:type="locator"/>
    <link:referenceArc xlink:arcrole="http://www.xbrl.org/2003/arcrole/concept-reference" xlink:type="arc" xlink:from="ns2_FundsRequiredForSupplies" xlink:to="lbl_ref_ns2_FundsRequiredForSupplies"/>
    <link:reference xlink:role="http://www.xbrl.org/2003/role/reference" xlink:type="resource" xlink:label="lbl_ref_ns2_FundsRequiredForSupplies">
      <grip:Publisher>OMB</grip:Publisher>
      <grip:Name>SF 424A</grip:Name>
    </link:reference>
    <link:loc xlink:label="ns2_ApplicantIsDelinquentOnFederalDebtExplanationText" xlink:href="grants_2023.xsd#sap_ApplicantIsDelinquentOnFederalDebtExplanationText" xlink:type="locator"/>
    <link:referenceArc xlink:arcrole="http://www.xbrl.org/2003/arcrole/concept-reference" xlink:type="arc" xlink:from="ns2_ApplicantIsDelinquentOnFederalDebtExplanationText" xlink:to="lbl_ref_ns2_ApplicantIsDelinquentOnFederalDebtExplanationText"/>
    <link:reference xlink:role="http://www.xbrl.org/2003/role/reference" xlink:type="resource" xlink:label="lbl_ref_ns2_ApplicantIsDelinquentOnFederalDebtExplanationText">
      <grip:Publisher>OMB</grip:Publisher>
      <grip:Name>SF 424</grip:Name>
    </link:reference>
    <link:loc xlink:label="ns2_DateSigned" xlink:href="grants_2023.xsd#sap_DateSigned" xlink:type="locator"/>
    <link:referenceArc xlink:arcrole="http://www.xbrl.org/2003/arcrole/concept-reference" xlink:type="arc" xlink:from="ns2_DateSigned" xlink:to="lbl_ref_ns2_DateSigned"/>
    <link:reference xlink:role="http://www.xbrl.org/2003/role/reference" xlink:type="resource" xlink:label="lbl_ref_ns2_DateSigned">
      <grip:Publisher>OMB</grip:Publisher>
      <grip:Name>SF 424</grip:Name>
    </link:reference>
    <link:loc xlink:label="ns2_FundingOpportunityNumber" xlink:href="grants_2023.xsd#sap_FundingOpportunityNumber" xlink:type="locator"/>
    <link:referenceArc xlink:arcrole="http://www.xbrl.org/2003/arcrole/concept-reference" xlink:type="arc" xlink:from="ns2_FundingOpportunityNumber" xlink:to="lbl_ref_ns2_FundingOpportunityNumber"/>
    <link:reference xlink:role="http://www.xbrl.org/2003/role/reference" xlink:type="resource" xlink:label="lbl_ref_ns2_FundingOpportunityNumber">
      <grip:Publisher>OMB</grip:Publisher>
      <grip:Name>SF 424</grip:Name>
    </link:reference>
    <link:loc xlink:label="ns2_CertifyingOfficialEmailAddress" xlink:href="grants_2023.xsd#sap_CertifyingOfficialEmailAddress" xlink:type="locator"/>
    <link:referenceArc xlink:arcrole="http://www.xbrl.org/2003/arcrole/concept-reference" xlink:type="arc" xlink:from="ns2_CertifyingOfficialEmailAddress" xlink:to="lbl_ref_ns2_CertifyingOfficialEmailAddress"/>
    <link:reference xlink:role="http://www.xbrl.org/2003/role/reference" xlink:type="resource" xlink:label="lbl_ref_ns2_CertifyingOfficialEmailAddress">
      <grip:Publisher>OMB</grip:Publisher>
      <grip:Name>SF 425</grip:Name>
    </link:reference>
    <link:loc xlink:label="ns2_GrantApplicationSubmissionTypeCode" xlink:href="grants_2023.xsd#sap_GrantApplicationSubmissionTypeCode" xlink:type="locator"/>
    <link:referenceArc xlink:arcrole="http://www.xbrl.org/2003/arcrole/concept-reference" xlink:type="arc" xlink:from="ns2_GrantApplicationSubmissionTypeCode" xlink:to="lbl_ref_ns2_GrantApplicationSubmissionTypeCode"/>
    <link:reference xlink:role="http://www.xbrl.org/2003/role/reference" xlink:type="resource" xlink:label="lbl_ref_ns2_GrantApplicationSubmissionTypeCode">
      <grip:Publisher>OMB</grip:Publisher>
      <grip:Name>SF 424</grip:Name>
    </link:reference>
    <link:loc xlink:label="ns2_SecondFutureFundingPeriod" xlink:href="grants_2023.xsd#sap_SecondFutureFundingPeriod" xlink:type="locator"/>
    <link:referenceArc xlink:arcrole="http://www.xbrl.org/2003/arcrole/concept-reference" xlink:type="arc" xlink:from="ns2_SecondFutureFundingPeriod" xlink:to="lbl_ref_ns2_SecondFutureFundingPeriod"/>
    <link:reference xlink:role="http://www.xbrl.org/2003/role/reference" xlink:type="resource" xlink:label="lbl_ref_ns2_SecondFutureFundingPeriod">
      <grip:Publisher>OMB</grip:Publisher>
      <grip:Name>SF 424A</grip:Name>
    </link:reference>
    <link:loc xlink:label="ns2_RecipientShareRequired" xlink:href="grants_2023.xsd#sap_RecipientShareRequired" xlink:type="locator"/>
    <link:referenceArc xlink:arcrole="http://www.xbrl.org/2003/arcrole/concept-reference" xlink:type="arc" xlink:from="ns2_RecipientShareRequired" xlink:to="lbl_ref_ns2_RecipientShareRequired"/>
    <link:reference xlink:role="http://www.xbrl.org/2003/role/reference" xlink:type="resource" xlink:label="lbl_ref_ns2_RecipientShareRequired">
      <grip:Publisher>OMB</grip:Publisher>
      <grip:Name>SF 425</grip:Name>
    </link:reference>
    <link:loc xlink:label="ns2_OtherSourcesMember" xlink:href="grants_2023.xsd#sap_OtherSourcesMember" xlink:type="locator"/>
    <link:referenceArc xlink:arcrole="http://www.xbrl.org/2003/arcrole/concept-reference" xlink:type="arc" xlink:from="ns2_OtherSourcesMember" xlink:to="lbl_ref_ns2_OtherSourcesMember"/>
    <link:reference xlink:role="http://www.xbrl.org/2003/role/reference" xlink:type="resource" xlink:label="lbl_ref_ns2_OtherSourcesMember">
      <grip:Publisher>OMB</grip:Publisher>
      <grip:Name>SF 424A</grip:Name>
    </link:reference>
    <link:loc xlink:label="ns2_FederalAwardIdentifier" xlink:href="grants_2023.xsd#sap_FederalAwardIdentifier" xlink:type="locator"/>
    <link:referenceArc xlink:arcrole="http://www.xbrl.org/2003/arcrole/concept-reference" xlink:type="arc" xlink:from="ns2_FederalAwardIdentifier" xlink:to="lbl_ref_ns2_FederalAwardIdentifier"/>
    <link:reference xlink:role="http://www.xbrl.org/2003/role/reference" xlink:type="resource" xlink:label="lbl_ref_ns2_FederalAwardIdentifier">
      <grip:Publisher>OMB</grip:Publisher>
      <grip:Name>SF 424</grip:Name>
    </link:reference>
    <link:loc xlink:label="ns2_GranteeAddressProvince" xlink:href="grants_2023.xsd#sap_GranteeAddressProvince" xlink:type="locator"/>
    <link:referenceArc xlink:arcrole="http://www.xbrl.org/2003/arcrole/concept-reference" xlink:type="arc" xlink:from="ns2_GranteeAddressProvince" xlink:to="lbl_ref_ns2_GranteeAddressProvince"/>
    <link:reference xlink:role="http://www.xbrl.org/2003/role/reference" xlink:type="resource" xlink:label="lbl_ref_ns2_GranteeAddressProvince">
      <grip:Publisher>OMB</grip:Publisher>
      <grip:Name>SF 424</grip:Name>
    </link:reference>
    <link:loc xlink:label="ns2_CongressionalDistrictsOfApplicant" xlink:href="grants_2023.xsd#sap_CongressionalDistrictsOfApplicant" xlink:type="locator"/>
    <link:referenceArc xlink:arcrole="http://www.xbrl.org/2003/arcrole/concept-reference" xlink:type="arc" xlink:from="ns2_CongressionalDistrictsOfApplicant" xlink:to="lbl_ref_ns2_CongressionalDistrictsOfApplicant"/>
    <link:reference xlink:role="http://www.xbrl.org/2003/role/reference" xlink:type="resource" xlink:label="lbl_ref_ns2_CongressionalDistrictsOfApplicant">
      <grip:Publisher>OMB</grip:Publisher>
      <grip:Name>SF 424</grip:Name>
    </link:reference>
    <link:loc xlink:label="ns2_BeginningEffectiveDateForIndirectCostRate" xlink:href="grants_2023.xsd#sap_BeginningEffectiveDateForIndirectCostRate" xlink:type="locator"/>
    <link:referenceArc xlink:arcrole="http://www.xbrl.org/2003/arcrole/concept-reference" xlink:type="arc" xlink:from="ns2_BeginningEffectiveDateForIndirectCostRate" xlink:to="lbl_ref_ns2_BeginningEffectiveDateForIndirectCostRate"/>
    <link:reference xlink:role="http://www.xbrl.org/2003/role/reference" xlink:type="resource" xlink:label="lbl_ref_ns2_BeginningEffectiveDateForIndirectCostRate">
      <grip:Publisher>OMB</grip:Publisher>
      <grip:Name>SF 425</grip:Name>
    </link:reference>
    <link:loc xlink:label="ns2_GranteeContactOrganizationalAffiliation" xlink:href="grants_2023.xsd#sap_GranteeContactOrganizationalAffiliation" xlink:type="locator"/>
    <link:referenceArc xlink:arcrole="http://www.xbrl.org/2003/arcrole/concept-reference" xlink:type="arc" xlink:from="ns2_GranteeContactOrganizationalAffiliation" xlink:to="lbl_ref_ns2_GranteeContactOrganizationalAffiliation"/>
    <link:reference xlink:role="http://www.xbrl.org/2003/role/reference" xlink:type="resource" xlink:label="lbl_ref_ns2_GranteeContactOrganizationalAffiliation">
      <grip:Publisher>OMB</grip:Publisher>
      <grip:Name>SF 424</grip:Name>
    </link:reference>
    <link:loc xlink:label="ns2_GranteeEmployerIdentificationNumber" xlink:href="grants_2023.xsd#sap_GranteeEmployerIdentificationNumber" xlink:type="locator"/>
    <link:referenceArc xlink:arcrole="http://www.xbrl.org/2003/arcrole/concept-reference" xlink:type="arc" xlink:from="ns2_GranteeEmployerIdentificationNumber" xlink:to="lbl_ref_ns2_GranteeEmployerIdentificationNumber"/>
    <link:reference xlink:role="http://www.xbrl.org/2003/role/reference" xlink:type="resource" xlink:label="lbl_ref_ns2_GranteeEmployerIdentificationNumber">
      <grip:Publisher>OMB</grip:Publisher>
      <grip:Name>SF 424</grip:Name>
    </link:reference>
    <link:loc xlink:label="ns2_GrantsApplicantTypeForProfitOrganizationOtherThanSmallBusiness" xlink:href="grants_2023.xsd#sap_GrantsApplicantTypeForProfitOrganizationOtherThanSmallBusiness" xlink:type="locator"/>
    <link:referenceArc xlink:arcrole="http://www.xbrl.org/2003/arcrole/concept-reference" xlink:type="arc" xlink:from="ns2_GrantsApplicantTypeForProfitOrganizationOtherThanSmallBusiness" xlink:to="lbl_ref_ns2_GrantsApplicantTypeForProfitOrganizationOtherThanSmallBusiness"/>
    <link:reference xlink:role="http://www.xbrl.org/2003/role/reference" xlink:type="resource" xlink:label="lbl_ref_ns2_GrantsApplicantTypeForProfitOrganizationOtherThanSmallBusiness">
      <grip:Publisher>OMB</grip:Publisher>
      <grip:Name>SF 424</grip:Name>
    </link:reference>
    <link:loc xlink:label="ns2_RecipientShareOfExpenditures" xlink:href="grants_2023.xsd#sap_RecipientShareOfExpenditures" xlink:type="locator"/>
    <link:referenceArc xlink:arcrole="http://www.xbrl.org/2003/arcrole/concept-reference" xlink:type="arc" xlink:from="ns2_RecipientShareOfExpenditures" xlink:to="lbl_ref_ns2_RecipientShareOfExpenditures"/>
    <link:reference xlink:role="http://www.xbrl.org/2003/role/reference" xlink:type="resource" xlink:label="lbl_ref_ns2_RecipientShareOfExpenditures">
      <grip:Publisher>OMB</grip:Publisher>
      <grip:Name>SF 425</grip:Name>
    </link:reference>
    <link:loc xlink:label="ns2_ProjectOrGrantStartPeriod" xlink:href="grants_2023.xsd#sap_ProjectOrGrantStartPeriod" xlink:type="locator"/>
    <link:referenceArc xlink:arcrole="http://www.xbrl.org/2003/arcrole/concept-reference" xlink:type="arc" xlink:from="ns2_ProjectOrGrantStartPeriod" xlink:to="lbl_ref_ns2_ProjectOrGrantStartPeriod"/>
    <link:reference xlink:role="http://www.xbrl.org/2003/role/reference" xlink:type="resource" xlink:label="lbl_ref_ns2_ProjectOrGrantStartPeriod">
      <grip:Publisher>OMB</grip:Publisher>
      <grip:Name>SF 425</grip:Name>
    </link:reference>
    <link:loc xlink:label="ns2_GrantsApplicantTypeHistoricallyBlackCollegesAndUniversitiesHBCUs" xlink:href="grants_2023.xsd#sap_GrantsApplicantTypeHistoricallyBlackCollegesAndUniversitiesHBCUs" xlink:type="locator"/>
    <link:referenceArc xlink:arcrole="http://www.xbrl.org/2003/arcrole/concept-reference" xlink:type="arc" xlink:from="ns2_GrantsApplicantTypeHistoricallyBlackCollegesAndUniversitiesHBCUs" xlink:to="lbl_ref_ns2_GrantsApplicantTypeHistoricallyBlackCollegesAndUniversitiesHBCUs"/>
    <link:reference xlink:role="http://www.xbrl.org/2003/role/reference" xlink:type="resource" xlink:label="lbl_ref_ns2_GrantsApplicantTypeHistoricallyBlackCollegesAndUniversitiesHBCUs">
      <grip:Publisher>OMB</grip:Publisher>
      <grip:Name>SF 424</grip:Name>
    </link:reference>
    <link:loc xlink:label="ns2_FundsRequiredForContractualCosts" xlink:href="grants_2023.xsd#sap_FundsRequiredForContractualCosts" xlink:type="locator"/>
    <link:referenceArc xlink:arcrole="http://www.xbrl.org/2003/arcrole/concept-reference" xlink:type="arc" xlink:from="ns2_FundsRequiredForContractualCosts" xlink:to="lbl_ref_ns2_FundsRequiredForContractualCosts"/>
    <link:reference xlink:role="http://www.xbrl.org/2003/role/reference" xlink:type="resource" xlink:label="lbl_ref_ns2_FundsRequiredForContractualCosts">
      <grip:Publisher>OMB</grip:Publisher>
      <grip:Name>SF 424A</grip:Name>
    </link:reference>
    <link:loc xlink:label="ns2_CertificationAgreement" xlink:href="grants_2023.xsd#sap_CertificationAgreement" xlink:type="locator"/>
    <link:referenceArc xlink:arcrole="http://www.xbrl.org/2003/arcrole/concept-reference" xlink:type="arc" xlink:from="ns2_CertificationAgreement" xlink:to="lbl_ref_ns2_CertificationAgreement"/>
    <link:reference xlink:role="http://www.xbrl.org/2003/role/reference" xlink:type="resource" xlink:label="lbl_ref_ns2_CertificationAgreement">
      <grip:Publisher>OMB</grip:Publisher>
      <grip:Name>SF 424</grip:Name>
    </link:reference>
    <link:loc xlink:label="ns2_ThirdFutureFundingPeriod" xlink:href="grants_2023.xsd#sap_ThirdFutureFundingPeriod" xlink:type="locator"/>
    <link:referenceArc xlink:arcrole="http://www.xbrl.org/2003/arcrole/concept-reference" xlink:type="arc" xlink:from="ns2_ThirdFutureFundingPeriod" xlink:to="lbl_ref_ns2_ThirdFutureFundingPeriod"/>
    <link:reference xlink:role="http://www.xbrl.org/2003/role/reference" xlink:type="resource" xlink:label="lbl_ref_ns2_ThirdFutureFundingPeriod">
      <grip:Publisher>OMB</grip:Publisher>
      <grip:Name>SF 424A</grip:Name>
    </link:reference>
    <link:loc xlink:label="ns2_EstimatedFundingStateContribution" xlink:href="grants_2023.xsd#sap_EstimatedFundingStateContribution" xlink:type="locator"/>
    <link:referenceArc xlink:arcrole="http://www.xbrl.org/2003/arcrole/concept-reference" xlink:type="arc" xlink:from="ns2_EstimatedFundingStateContribution" xlink:to="lbl_ref_ns2_EstimatedFundingStateContribution"/>
    <link:reference xlink:role="http://www.xbrl.org/2003/role/reference" xlink:type="resource" xlink:label="lbl_ref_ns2_EstimatedFundingStateContribution">
      <grip:Publisher>OMB</grip:Publisher>
      <grip:Name>SF 424</grip:Name>
    </link:reference>
    <link:loc xlink:label="ns2_ForecastedCashNeeds" xlink:href="grants_2023.xsd#sap_ForecastedCashNeeds" xlink:type="locator"/>
    <link:referenceArc xlink:arcrole="http://www.xbrl.org/2003/arcrole/concept-reference" xlink:type="arc" xlink:from="ns2_ForecastedCashNeeds" xlink:to="lbl_ref_ns2_ForecastedCashNeeds"/>
    <link:reference xlink:role="http://www.xbrl.org/2003/role/reference" xlink:type="resource" xlink:label="lbl_ref_ns2_ForecastedCashNeeds">
      <grip:Publisher>OMB</grip:Publisher>
      <grip:Name>SF 424A</grip:Name>
    </link:reference>
    <link:loc xlink:label="ns2_ApplicationDateReceived" xlink:href="grants_2023.xsd#sap_ApplicationDateReceived" xlink:type="locator"/>
    <link:referenceArc xlink:arcrole="http://www.xbrl.org/2003/arcrole/concept-reference" xlink:type="arc" xlink:from="ns2_ApplicationDateReceived" xlink:to="lbl_ref_ns2_ApplicationDateReceived"/>
    <link:reference xlink:role="http://www.xbrl.org/2003/role/reference" xlink:type="resource" xlink:label="lbl_ref_ns2_ApplicationDateReceived">
      <grip:Publisher>OMB</grip:Publisher>
      <grip:Name>SF 424</grip:Name>
    </link:reference>
    <link:loc xlink:label="ns2_GrantsApplicantTypeIndependentSchoolDistrict" xlink:href="grants_2023.xsd#sap_GrantsApplicantTypeIndependentSchoolDistrict" xlink:type="locator"/>
    <link:referenceArc xlink:arcrole="http://www.xbrl.org/2003/arcrole/concept-reference" xlink:type="arc" xlink:from="ns2_GrantsApplicantTypeIndependentSchoolDistrict" xlink:to="lbl_ref_ns2_GrantsApplicantTypeIndependentSchoolDistrict"/>
    <link:reference xlink:role="http://www.xbrl.org/2003/role/reference" xlink:type="resource" xlink:label="lbl_ref_ns2_GrantsApplicantTypeIndependentSchoolDistrict">
      <grip:Publisher>OMB</grip:Publisher>
      <grip:Name>SF 424</grip:Name>
    </link:reference>
    <link:loc xlink:label="ns2_SupportingDocumentsLink" xlink:href="grants_2023.xsd#sap_SupportingDocumentsLink" xlink:type="locator"/>
    <link:referenceArc xlink:arcrole="http://www.xbrl.org/2003/arcrole/concept-reference" xlink:type="arc" xlink:from="ns2_SupportingDocumentsLink" xlink:to="lbl_ref_ns2_SupportingDocumentsLink"/>
    <link:reference xlink:role="http://www.xbrl.org/2003/role/reference" xlink:type="resource" xlink:label="lbl_ref_ns2_SupportingDocumentsLink">
      <grip:Publisher>OMB</grip:Publisher>
      <grip:Name>SF 424</grip:Name>
    </link:reference>
    <link:loc xlink:label="ns2_GrantsApplicantTypeIndianNativeAmericanTriballyDesignatedOrganization" xlink:href="grants_2023.xsd#sap_GrantsApplicantTypeIndianNativeAmericanTriballyDesignatedOrganization" xlink:type="locator"/>
    <link:referenceArc xlink:arcrole="http://www.xbrl.org/2003/arcrole/concept-reference" xlink:type="arc" xlink:from="ns2_GrantsApplicantTypeIndianNativeAmericanTriballyDesignatedOrganization" xlink:to="lbl_ref_ns2_GrantsApplicantTypeIndianNativeAmericanTriballyDesignatedOrganization"/>
    <link:reference xlink:role="http://www.xbrl.org/2003/role/reference" xlink:type="resource" xlink:label="lbl_ref_ns2_GrantsApplicantTypeIndianNativeAmericanTriballyDesignatedOrganization">
      <grip:Publisher>OMB</grip:Publisher>
      <grip:Name>SF 424</grip:Name>
    </link:reference>
    <link:loc xlink:label="ns2_EstimatedUnobligatedFundsFederal" xlink:href="grants_2023.xsd#sap_EstimatedUnobligatedFundsFederal" xlink:type="locator"/>
    <link:referenceArc xlink:arcrole="http://www.xbrl.org/2003/arcrole/concept-reference" xlink:type="arc" xlink:from="ns2_EstimatedUnobligatedFundsFederal" xlink:to="lbl_ref_ns2_EstimatedUnobligatedFundsFederal"/>
    <link:reference xlink:role="http://www.xbrl.org/2003/role/reference" xlink:type="resource" xlink:label="lbl_ref_ns2_EstimatedUnobligatedFundsFederal">
      <grip:Publisher>OMB</grip:Publisher>
      <grip:Name>SF 424A</grip:Name>
    </link:reference>
    <link:loc xlink:label="ns2_FinalMember" xlink:href="grants_2023.xsd#sap_FinalMember" xlink:type="locator"/>
    <link:referenceArc xlink:arcrole="http://www.xbrl.org/2003/arcrole/concept-reference" xlink:type="arc" xlink:from="ns2_FinalMember" xlink:to="lbl_ref_ns2_FinalMember"/>
    <link:reference xlink:role="http://www.xbrl.org/2003/role/reference" xlink:type="resource" xlink:label="lbl_ref_ns2_FinalMember">
      <grip:Publisher>OMB</grip:Publisher>
      <grip:Name>SF 425</grip:Name>
    </link:reference>
    <link:loc xlink:label="ns2_ProposedProjectEndDate" xlink:href="grants_2023.xsd#sap_ProposedProjectEndDate" xlink:type="locator"/>
    <link:referenceArc xlink:arcrole="http://www.xbrl.org/2003/arcrole/concept-reference" xlink:type="arc" xlink:from="ns2_ProposedProjectEndDate" xlink:to="lbl_ref_ns2_ProposedProjectEndDate"/>
    <link:reference xlink:role="http://www.xbrl.org/2003/role/reference" xlink:type="resource" xlink:label="lbl_ref_ns2_ProposedProjectEndDate">
      <grip:Publisher>OMB</grip:Publisher>
      <grip:Name>SF 424</grip:Name>
    </link:reference>
    <link:loc xlink:label="ns2_OrganizationalUnitDepartmentName" xlink:href="grants_2023.xsd#sap_OrganizationalUnitDepartmentName" xlink:type="locator"/>
    <link:referenceArc xlink:arcrole="http://www.xbrl.org/2003/arcrole/concept-reference" xlink:type="arc" xlink:from="ns2_OrganizationalUnitDepartmentName" xlink:to="lbl_ref_ns2_OrganizationalUnitDepartmentName"/>
    <link:reference xlink:role="http://www.xbrl.org/2003/role/reference" xlink:type="resource" xlink:label="lbl_ref_ns2_OrganizationalUnitDepartmentName">
      <grip:Publisher>OMB</grip:Publisher>
      <grip:Name>SF 424</grip:Name>
    </link:reference>
    <link:loc xlink:label="ns2_ProgramIncomeExpendedInAccordanceWithTheDeductionAlternative" xlink:href="grants_2023.xsd#sap_ProgramIncomeExpendedInAccordanceWithTheDeductionAlternative" xlink:type="locator"/>
    <link:referenceArc xlink:arcrole="http://www.xbrl.org/2003/arcrole/concept-reference" xlink:type="arc" xlink:from="ns2_ProgramIncomeExpendedInAccordanceWithTheDeductionAlternative" xlink:to="lbl_ref_ns2_ProgramIncomeExpendedInAccordanceWithTheDeductionAlternative"/>
    <link:reference xlink:role="http://www.xbrl.org/2003/role/reference" xlink:type="resource" xlink:label="lbl_ref_ns2_ProgramIncomeExpendedInAccordanceWithTheDeductionAlternative">
      <grip:Publisher>OMB</grip:Publisher>
      <grip:Name>SF 425</grip:Name>
    </link:reference>
    <link:loc xlink:label="ns2_EstimatedFunding" xlink:href="grants_2023.xsd#sap_EstimatedFunding" xlink:type="locator"/>
    <link:referenceArc xlink:arcrole="http://www.xbrl.org/2003/arcrole/concept-reference" xlink:type="arc" xlink:from="ns2_EstimatedFunding" xlink:to="lbl_ref_ns2_EstimatedFunding"/>
    <link:reference xlink:role="http://www.xbrl.org/2003/role/reference" xlink:type="resource" xlink:label="lbl_ref_ns2_EstimatedFunding">
      <grip:Publisher>OMB</grip:Publisher>
      <grip:Name>SF 424</grip:Name>
    </link:reference>
    <link:loc xlink:label="ns2_UnobligatedBalanceOfFederalFunds" xlink:href="grants_2023.xsd#sap_UnobligatedBalanceOfFederalFunds" xlink:type="locator"/>
    <link:referenceArc xlink:arcrole="http://www.xbrl.org/2003/arcrole/concept-reference" xlink:type="arc" xlink:from="ns2_UnobligatedBalanceOfFederalFunds" xlink:to="lbl_ref_ns2_UnobligatedBalanceOfFederalFunds"/>
    <link:reference xlink:role="http://www.xbrl.org/2003/role/reference" xlink:type="resource" xlink:label="lbl_ref_ns2_UnobligatedBalanceOfFederalFunds">
      <grip:Publisher>OMB</grip:Publisher>
      <grip:Name>SF 425</grip:Name>
    </link:reference>
    <link:loc xlink:label="ns2_FundsRequiredForConstruction" xlink:href="grants_2023.xsd#sap_FundsRequiredForConstruction" xlink:type="locator"/>
    <link:referenceArc xlink:arcrole="http://www.xbrl.org/2003/arcrole/concept-reference" xlink:type="arc" xlink:from="ns2_FundsRequiredForConstruction" xlink:to="lbl_ref_ns2_FundsRequiredForConstruction"/>
    <link:reference xlink:role="http://www.xbrl.org/2003/role/reference" xlink:type="resource" xlink:label="lbl_ref_ns2_FundsRequiredForConstruction">
      <grip:Publisher>OMB</grip:Publisher>
      <grip:Name>SF 424A</grip:Name>
    </link:reference>
    <link:loc xlink:label="ns2_TotalFederalProgramIncomeEarned" xlink:href="grants_2023.xsd#sap_TotalFederalProgramIncomeEarned" xlink:type="locator"/>
    <link:referenceArc xlink:arcrole="http://www.xbrl.org/2003/arcrole/concept-reference" xlink:type="arc" xlink:from="ns2_TotalFederalProgramIncomeEarned" xlink:to="lbl_ref_ns2_TotalFederalProgramIncomeEarned"/>
    <link:reference xlink:role="http://www.xbrl.org/2003/role/reference" xlink:type="resource" xlink:label="lbl_ref_ns2_TotalFederalProgramIncomeEarned">
      <grip:Publisher>OMB</grip:Publisher>
      <grip:Name>SF 425</grip:Name>
    </link:reference>
    <link:loc xlink:label="ns2_GrantApplicationTypeOfRevision" xlink:href="grants_2023.xsd#sap_GrantApplicationTypeOfRevision" xlink:type="locator"/>
    <link:referenceArc xlink:arcrole="http://www.xbrl.org/2003/arcrole/concept-reference" xlink:type="arc" xlink:from="ns2_GrantApplicationTypeOfRevision" xlink:to="lbl_ref_ns2_GrantApplicationTypeOfRevision"/>
    <link:reference xlink:role="http://www.xbrl.org/2003/role/reference" xlink:type="resource" xlink:label="lbl_ref_ns2_GrantApplicationTypeOfRevision">
      <grip:Publisher>OMB</grip:Publisher>
      <grip:Name>SF 424</grip:Name>
    </link:reference>
    <link:loc xlink:label="ns2_AuthorizedRepresentativeFirstName" xlink:href="grants_2023.xsd#sap_AuthorizedRepresentativeFirstName" xlink:type="locator"/>
    <link:referenceArc xlink:arcrole="http://www.xbrl.org/2003/arcrole/concept-reference" xlink:type="arc" xlink:from="ns2_AuthorizedRepresentativeFirstName" xlink:to="lbl_ref_ns2_AuthorizedRepresentativeFirstName"/>
    <link:reference xlink:role="http://www.xbrl.org/2003/role/reference" xlink:type="resource" xlink:label="lbl_ref_ns2_AuthorizedRepresentativeFirstName">
      <grip:Publisher>OMB</grip:Publisher>
      <grip:Name>SF 424</grip:Name>
    </link:reference>
    <link:loc xlink:label="ns2_GrantsApplicantTypeStateGovernment" xlink:href="grants_2023.xsd#sap_GrantsApplicantTypeStateGovernment" xlink:type="locator"/>
    <link:referenceArc xlink:arcrole="http://www.xbrl.org/2003/arcrole/concept-reference" xlink:type="arc" xlink:from="ns2_GrantsApplicantTypeStateGovernment" xlink:to="lbl_ref_ns2_GrantsApplicantTypeStateGovernment"/>
    <link:reference xlink:role="http://www.xbrl.org/2003/role/reference" xlink:type="resource" xlink:label="lbl_ref_ns2_GrantsApplicantTypeStateGovernment">
      <grip:Publisher>OMB</grip:Publisher>
      <grip:Name>SF 424</grip:Name>
    </link:reference>
    <link:loc xlink:label="ns2_FourthFutureFundingPeriod" xlink:href="grants_2023.xsd#sap_FourthFutureFundingPeriod" xlink:type="locator"/>
    <link:referenceArc xlink:arcrole="http://www.xbrl.org/2003/arcrole/concept-reference" xlink:type="arc" xlink:from="ns2_FourthFutureFundingPeriod" xlink:to="lbl_ref_ns2_FourthFutureFundingPeriod"/>
    <link:reference xlink:role="http://www.xbrl.org/2003/role/reference" xlink:type="resource" xlink:label="lbl_ref_ns2_FourthFutureFundingPeriod">
      <grip:Publisher>OMB</grip:Publisher>
      <grip:Name>SF 424A</grip:Name>
    </link:reference>
    <link:loc xlink:label="ns2_GranteeAddressCity" xlink:href="grants_2023.xsd#sap_GranteeAddressCity" xlink:type="locator"/>
    <link:referenceArc xlink:arcrole="http://www.xbrl.org/2003/arcrole/concept-reference" xlink:type="arc" xlink:from="ns2_GranteeAddressCity" xlink:to="lbl_ref_ns2_GranteeAddressCity"/>
    <link:reference xlink:role="http://www.xbrl.org/2003/role/reference" xlink:type="resource" xlink:label="lbl_ref_ns2_GranteeAddressCity">
      <grip:Publisher>OMB</grip:Publisher>
      <grip:Name>SF 424</grip:Name>
    </link:reference>
    <link:loc xlink:label="ns2_GrantsApplicantTypeRegionalOrganization" xlink:href="grants_2023.xsd#sap_GrantsApplicantTypeRegionalOrganization" xlink:type="locator"/>
    <link:referenceArc xlink:arcrole="http://www.xbrl.org/2003/arcrole/concept-reference" xlink:type="arc" xlink:from="ns2_GrantsApplicantTypeRegionalOrganization" xlink:to="lbl_ref_ns2_GrantsApplicantTypeRegionalOrganization"/>
    <link:reference xlink:role="http://www.xbrl.org/2003/role/reference" xlink:type="resource" xlink:label="lbl_ref_ns2_GrantsApplicantTypeRegionalOrganization">
      <grip:Publisher>OMB</grip:Publisher>
      <grip:Name>SF 424</grip:Name>
    </link:reference>
    <link:loc xlink:label="ns2_GranteeContactLastName" xlink:href="grants_2023.xsd#sap_GranteeContactLastName" xlink:type="locator"/>
    <link:referenceArc xlink:arcrole="http://www.xbrl.org/2003/arcrole/concept-reference" xlink:type="arc" xlink:from="ns2_GranteeContactLastName" xlink:to="lbl_ref_ns2_GranteeContactLastName"/>
    <link:reference xlink:role="http://www.xbrl.org/2003/role/reference" xlink:type="resource" xlink:label="lbl_ref_ns2_GranteeContactLastName">
      <grip:Publisher>OMB</grip:Publisher>
      <grip:Name>SF 424</grip:Name>
    </link:reference>
    <link:loc xlink:label="ns2_UnexpendedProgramIncome" xlink:href="grants_2023.xsd#sap_UnexpendedProgramIncome" xlink:type="locator"/>
    <link:referenceArc xlink:arcrole="http://www.xbrl.org/2003/arcrole/concept-reference" xlink:type="arc" xlink:from="ns2_UnexpendedProgramIncome" xlink:to="lbl_ref_ns2_UnexpendedProgramIncome"/>
    <link:reference xlink:role="http://www.xbrl.org/2003/role/reference" xlink:type="resource" xlink:label="lbl_ref_ns2_UnexpendedProgramIncome">
      <grip:Publisher>OMB</grip:Publisher>
      <grip:Name>SF 425</grip:Name>
    </link:reference>
    <link:loc xlink:label="ns2_GranteeAddressCountry" xlink:href="grants_2023.xsd#sap_GranteeAddressCountry" xlink:type="locator"/>
    <link:referenceArc xlink:arcrole="http://www.xbrl.org/2003/arcrole/concept-reference" xlink:type="arc" xlink:from="ns2_GranteeAddressCountry" xlink:to="lbl_ref_ns2_GranteeAddressCountry"/>
    <link:reference xlink:role="http://www.xbrl.org/2003/role/reference" xlink:type="resource" xlink:label="lbl_ref_ns2_GranteeAddressCountry">
      <grip:Publisher>OMB</grip:Publisher>
      <grip:Name>SF 424</grip:Name>
    </link:reference>
    <link:loc xlink:label="ns2_EndingEffectiveDateForIndirectCostRate" xlink:href="grants_2023.xsd#sap_EndingEffectiveDateForIndirectCostRate" xlink:type="locator"/>
    <link:referenceArc xlink:arcrole="http://www.xbrl.org/2003/arcrole/concept-reference" xlink:type="arc" xlink:from="ns2_EndingEffectiveDateForIndirectCostRate" xlink:to="lbl_ref_ns2_EndingEffectiveDateForIndirectCostRate"/>
    <link:reference xlink:role="http://www.xbrl.org/2003/role/reference" xlink:type="resource" xlink:label="lbl_ref_ns2_EndingEffectiveDateForIndirectCostRate">
      <grip:Publisher>OMB</grip:Publisher>
      <grip:Name>SF 425</grip:Name>
    </link:reference>
    <link:loc xlink:label="ns2_EstimatedUnobligatedFundsNonFederal" xlink:href="grants_2023.xsd#sap_EstimatedUnobligatedFundsNonFederal" xlink:type="locator"/>
    <link:referenceArc xlink:arcrole="http://www.xbrl.org/2003/arcrole/concept-reference" xlink:type="arc" xlink:from="ns2_EstimatedUnobligatedFundsNonFederal" xlink:to="lbl_ref_ns2_EstimatedUnobligatedFundsNonFederal"/>
    <link:reference xlink:role="http://www.xbrl.org/2003/role/reference" xlink:type="resource" xlink:label="lbl_ref_ns2_EstimatedUnobligatedFundsNonFederal">
      <grip:Publisher>OMB</grip:Publisher>
      <grip:Name>SF 424A</grip:Name>
    </link:reference>
    <link:loc xlink:label="ns2_GrantsApplicantTypePrivateInstitutionOfHigherEducation" xlink:href="grants_2023.xsd#sap_GrantsApplicantTypePrivateInstitutionOfHigherEducation" xlink:type="locator"/>
    <link:referenceArc xlink:arcrole="http://www.xbrl.org/2003/arcrole/concept-reference" xlink:type="arc" xlink:from="ns2_GrantsApplicantTypePrivateInstitutionOfHigherEducation" xlink:to="lbl_ref_ns2_GrantsApplicantTypePrivateInstitutionOfHigherEducation"/>
    <link:reference xlink:role="http://www.xbrl.org/2003/role/reference" xlink:type="resource" xlink:label="lbl_ref_ns2_GrantsApplicantTypePrivateInstitutionOfHigherEducation">
      <grip:Publisher>OMB</grip:Publisher>
      <grip:Name>SF 424</grip:Name>
    </link:reference>
    <link:loc xlink:label="ns2_CertifyingOfficialPrefix" xlink:href="grants_2023.xsd#sap_CertifyingOfficialPrefix" xlink:type="locator"/>
    <link:referenceArc xlink:arcrole="http://www.xbrl.org/2003/arcrole/concept-reference" xlink:type="arc" xlink:from="ns2_CertifyingOfficialPrefix" xlink:to="lbl_ref_ns2_CertifyingOfficialPrefix"/>
    <link:reference xlink:role="http://www.xbrl.org/2003/role/reference" xlink:type="resource" xlink:label="lbl_ref_ns2_CertifyingOfficialPrefix">
      <grip:Publisher>OMB</grip:Publisher>
      <grip:Name>SF 425</grip:Name>
    </link:reference>
    <link:loc xlink:label="ns2_GrantsApplicantTypeTriballyControlledCollegesAndUniversitiesTCCUs" xlink:href="grants_2023.xsd#sap_GrantsApplicantTypeTriballyControlledCollegesAndUniversitiesTCCUs" xlink:type="locator"/>
    <link:referenceArc xlink:arcrole="http://www.xbrl.org/2003/arcrole/concept-reference" xlink:type="arc" xlink:from="ns2_GrantsApplicantTypeTriballyControlledCollegesAndUniversitiesTCCUs" xlink:to="lbl_ref_ns2_GrantsApplicantTypeTriballyControlledCollegesAndUniversitiesTCCUs"/>
    <link:reference xlink:role="http://www.xbrl.org/2003/role/reference" xlink:type="resource" xlink:label="lbl_ref_ns2_GrantsApplicantTypeTriballyControlledCollegesAndUniversitiesTCCUs">
      <grip:Publisher>OMB</grip:Publisher>
      <grip:Name>SF 424</grip:Name>
    </link:reference>
    <link:loc xlink:label="ns2_FundsRequiredForOtherCosts" xlink:href="grants_2023.xsd#sap_FundsRequiredForOtherCosts" xlink:type="locator"/>
    <link:referenceArc xlink:arcrole="http://www.xbrl.org/2003/arcrole/concept-reference" xlink:type="arc" xlink:from="ns2_FundsRequiredForOtherCosts" xlink:to="lbl_ref_ns2_FundsRequiredForOtherCosts"/>
    <link:reference xlink:role="http://www.xbrl.org/2003/role/reference" xlink:type="resource" xlink:label="lbl_ref_ns2_FundsRequiredForOtherCosts">
      <grip:Publisher>OMB</grip:Publisher>
      <grip:Name>SF 424A</grip:Name>
    </link:reference>
    <link:loc xlink:label="ns2_GrantsApplicantTypeCityOrTownshipGovernment" xlink:href="grants_2023.xsd#sap_GrantsApplicantTypeCityOrTownshipGovernment" xlink:type="locator"/>
    <link:referenceArc xlink:arcrole="http://www.xbrl.org/2003/arcrole/concept-reference" xlink:type="arc" xlink:from="ns2_GrantsApplicantTypeCityOrTownshipGovernment" xlink:to="lbl_ref_ns2_GrantsApplicantTypeCityOrTownshipGovernment"/>
    <link:reference xlink:role="http://www.xbrl.org/2003/role/reference" xlink:type="resource" xlink:label="lbl_ref_ns2_GrantsApplicantTypeCityOrTownshipGovernment">
      <grip:Publisher>OMB</grip:Publisher>
      <grip:Name>SF 424</grip:Name>
    </link:reference>
  </link:referenceLink>
</link:linkbase>
