<!--
c 2024 XBRL US, Inc.
Notice: Authorized Uses are Set Forth at https://xbrl.us/acfr_legal
 -->
<link:linkbase xmlns:link="http://www.xbrl.org/2003/linkbase" xmlns:xlink="http://www.w3.org/1999/xlink" xmlns:xsi="http://www.w3.org/2001/XMLSchema-instance" xsi:schemaLocation="http://www.xbrl.org/2003/linkbase http://www.xbrl.org/2003/xbrl-linkbase-2003-12-31.xsd">
  <link:roleRef roleURI="https://taxonomies.xbrl.us/grip/grants/roles/GrantsManagementApplicationEstimatedFederalFundsNeededBalanceProject" xlink:href="ApplicationForFederalAssistanceFederalFundsNeededBalanceOfProject_2023.xsd#GrantsManagementApplicationEstimatedFederalFundsNeededBalanceProject" xlink:type="simple"/>
  <link:presentationLink xlink:role="https://taxonomies.xbrl.us/grip/grants/roles/GrantsManagementApplicationEstimatedFederalFundsNeededBalanceProject" xlink:type="extended">
    <link:loc xlink:label="ns2_ApplicationForFederalAssistanceLineItems" xlink:href="../../elts/grants_2023.xsd#sap_ApplicationForFederalAssistanceLineItems" xlink:type="locator"/>
    <link:loc xlink:label="ns2_ThirdFutureFundingPeriod" xlink:href="../../elts/grants_2023.xsd#sap_ThirdFutureFundingPeriod" xlink:type="locator"/>
    <link:presentationArc xlink:arcrole="http://www.xbrl.org/2003/arcrole/parent-child" xlink:type="arc" xlink:from="ns2_ApplicationForFederalAssistanceLineItems" xlink:to="ns2_ThirdFutureFundingPeriod" order="3"/>
    <link:loc xlink:label="ns2_FirstFutureFundingPeriod" xlink:href="../../elts/grants_2023.xsd#sap_FirstFutureFundingPeriod" xlink:type="locator"/>
    <link:presentationArc xlink:arcrole="http://www.xbrl.org/2003/arcrole/parent-child" xlink:type="arc" xlink:from="ns2_ApplicationForFederalAssistanceLineItems" xlink:to="ns2_FirstFutureFundingPeriod" order="1"/>
    <link:loc xlink:label="ns2_ApplicationForFederalAssistanceTable" xlink:href="../../elts/grants_2023.xsd#sap_ApplicationForFederalAssistanceTable" xlink:type="locator"/>
    <link:loc xlink:label="ns2_ApplicationForFederalAssistanceLineItems_1" xlink:href="../../elts/grants_2023.xsd#sap_ApplicationForFederalAssistanceLineItems" xlink:type="locator"/>
    <link:presentationArc xlink:arcrole="http://www.xbrl.org/2003/arcrole/parent-child" xlink:type="arc" xlink:from="ns2_ApplicationForFederalAssistanceTable" xlink:to="ns2_ApplicationForFederalAssistanceLineItems_1" order="2"/>
    <link:loc xlink:label="ns2_FederalProgramIdentifierAxis" xlink:href="../../elts/grants_2023.xsd#sap_FederalProgramIdentifierAxis" xlink:type="locator"/>
    <link:presentationArc xlink:arcrole="http://www.xbrl.org/2003/arcrole/parent-child" xlink:type="arc" xlink:from="ns2_ApplicationForFederalAssistanceTable" xlink:to="ns2_FederalProgramIdentifierAxis" order="1"/>
    <link:loc xlink:label="ns2_ApplicationForFederalAssistanceFederalFundsNeededBalanceOfProjectAbstract" xlink:href="../../elts/grants_2023.xsd#sap_ApplicationForFederalAssistanceFederalFundsNeededBalanceOfProjectAbstract" xlink:type="locator"/>
    <link:loc xlink:label="ns2_ApplicationForFederalAssistanceTable_1" xlink:href="../../elts/grants_2023.xsd#sap_ApplicationForFederalAssistanceTable" xlink:type="locator"/>
    <link:presentationArc xlink:arcrole="http://www.xbrl.org/2003/arcrole/parent-child" xlink:type="arc" xlink:from="ns2_ApplicationForFederalAssistanceFederalFundsNeededBalanceOfProjectAbstract" xlink:to="ns2_ApplicationForFederalAssistanceTable_1" order="1"/>
    <link:loc xlink:label="ns2_FourthFutureFundingPeriod" xlink:href="../../elts/grants_2023.xsd#sap_FourthFutureFundingPeriod" xlink:type="locator"/>
    <link:presentationArc xlink:arcrole="http://www.xbrl.org/2003/arcrole/parent-child" xlink:type="arc" xlink:from="ns2_ApplicationForFederalAssistanceLineItems" xlink:to="ns2_FourthFutureFundingPeriod" order="4"/>
    <link:loc xlink:label="ns2_SecondFutureFundingPeriod" xlink:href="../../elts/grants_2023.xsd#sap_SecondFutureFundingPeriod" xlink:type="locator"/>
    <link:presentationArc xlink:arcrole="http://www.xbrl.org/2003/arcrole/parent-child" xlink:type="arc" xlink:from="ns2_ApplicationForFederalAssistanceLineItems" xlink:to="ns2_SecondFutureFundingPeriod" order="2"/>
  </link:presentationLink>
</link:linkbase>
