<link:linkbase xmlns:link="http://www.xbrl.org/2003/linkbase" xmlns:xlink="http://www.w3.org/1999/xlink" xmlns:xsi="http://www.w3.org/2001/XMLSchema-instance" xmlns:xbrldt="http://xbrl.org/2005/xbrldt" xsi:schemaLocation="http://www.xbrl.org/2003/linkbase http://www.xbrl.org/2003/xbrl-linkbase-2003-12-31.xsd">
  <link:roleRef roleURI="https://taxonomies.xbrl.us/grip/acfr/roles/OPEBChangeNetOPEBLiabilitySchedule" xlink:href="OPEB_2023.xsd#OPEBChangeNetOPEBLiabilitySchedule" xlink:type="simple"/>
  <link:roleRef roleURI="https://taxonomies.xbrl.us/grip/acfr/roles/OPEBTotals" xlink:href="OPEB_2023.xsd#OPEBTotals" xlink:type="simple"/>
  <link:roleRef roleURI="https://taxonomies.xbrl.us/grip/acfr/roles/OPEB" xlink:href="OPEB_2023.xsd#OPEB" xlink:type="simple"/>
  <link:arcroleRef arcroleURI="http://xbrl.org/int/dim/arcrole/hypercube-dimension" xlink:href="http://www.xbrl.org/2005/xbrldt-2005.xsd#hypercube-dimension" xlink:type="simple"/>
  <link:arcroleRef arcroleURI="http://xbrl.org/int/dim/arcrole/all" xlink:href="http://www.xbrl.org/2005/xbrldt-2005.xsd#all" xlink:type="simple"/>
  <link:arcroleRef arcroleURI="http://xbrl.org/int/dim/arcrole/domain-member" xlink:href="http://www.xbrl.org/2005/xbrldt-2005.xsd#domain-member" xlink:type="simple"/>
  <link:definitionLink xlink:role="https://taxonomies.xbrl.us/grip/acfr/roles/OPEB" xlink:type="extended">
    <link:loc xlink:label="ns13_OPEBContributionsAbstract" xlink:href="../../elts/acfr_2023.xsd#acfr_OPEBContributionsAbstract" xlink:type="locator"/>
    <link:loc xlink:label="ns13_OPEBActualContributionsFromOthers" xlink:href="../../elts/acfr_2023.xsd#acfr_OPEBActualContributionsFromOthers" xlink:type="locator"/>
    <link:definitionArc xlink:arcrole="http://xbrl.org/int/dim/arcrole/domain-member" xlink:type="arc" xlink:from="ns13_OPEBContributionsAbstract" xlink:to="ns13_OPEBActualContributionsFromOthers" order="1"/>
    <link:loc xlink:label="ns13_OPEBActualEmployeeContribution" xlink:href="../../elts/acfr_2023.xsd#acfr_OPEBActualEmployeeContribution" xlink:type="locator"/>
    <link:definitionArc xlink:arcrole="http://xbrl.org/int/dim/arcrole/domain-member" xlink:type="arc" xlink:from="ns13_OPEBContributionsAbstract" xlink:to="ns13_OPEBActualEmployeeContribution" order="2"/>
    <link:loc xlink:label="ns13_OPEBActualEmployerContribution" xlink:href="../../elts/acfr_2023.xsd#acfr_OPEBActualEmployerContribution" xlink:type="locator"/>
    <link:definitionArc xlink:arcrole="http://xbrl.org/int/dim/arcrole/domain-member" xlink:type="arc" xlink:from="ns13_OPEBContributionsAbstract" xlink:to="ns13_OPEBActualEmployerContribution" order="3"/>
    <link:loc xlink:label="ns13_OPEBAnnualRequiredContribution" xlink:href="../../elts/acfr_2023.xsd#acfr_OPEBAnnualRequiredContribution" xlink:type="locator"/>
    <link:definitionArc xlink:arcrole="http://xbrl.org/int/dim/arcrole/domain-member" xlink:type="arc" xlink:from="ns13_OPEBContributionsAbstract" xlink:to="ns13_OPEBAnnualRequiredContribution" order="4"/>
    <link:loc xlink:label="ns13_PlanDescriptiveInformationLineItems" xlink:href="../../elts/acfr_2023.xsd#acfr_PlanDescriptiveInformationLineItems" xlink:type="locator"/>
    <link:loc xlink:label="ns13_OPEBPlanName" xlink:href="../../elts/acfr_2023.xsd#acfr_OPEBPlanName" xlink:type="locator"/>
    <link:definitionArc xlink:arcrole="http://xbrl.org/int/dim/arcrole/domain-member" xlink:type="arc" xlink:from="ns13_PlanDescriptiveInformationLineItems" xlink:to="ns13_OPEBPlanName" order="1"/>
    <link:loc xlink:label="ns13_OPEBPlanStatus" xlink:href="../../elts/acfr_2023.xsd#acfr_OPEBPlanStatus" xlink:type="locator"/>
    <link:definitionArc xlink:arcrole="http://xbrl.org/int/dim/arcrole/domain-member" xlink:type="arc" xlink:from="ns13_PlanDescriptiveInformationLineItems" xlink:to="ns13_OPEBPlanStatus" order="2"/>
    <link:loc xlink:label="ns13_OPEBPlanType" xlink:href="../../elts/acfr_2023.xsd#acfr_OPEBPlanType" xlink:type="locator"/>
    <link:definitionArc xlink:arcrole="http://xbrl.org/int/dim/arcrole/domain-member" xlink:type="arc" xlink:from="ns13_PlanDescriptiveInformationLineItems" xlink:to="ns13_OPEBPlanType" order="3"/>
    <link:loc xlink:label="ns13_DeferredOutflowsOfResourcesOPEBItemsAbstract" xlink:href="../../elts/acfr_2023.xsd#acfr_DeferredOutflowsOfResourcesOPEBItemsAbstract" xlink:type="locator"/>
    <link:loc xlink:label="ns13_DeferredOutflowsOfResourcesOPEBNetDifProjectedAndActualEarningsPensionPlanInvestments" xlink:href="../../elts/acfr_2023.xsd#acfr_DeferredOutflowsOfResourcesOPEBNetDifProjectedAndActualEarningsPensionPlanInvestments" xlink:type="locator"/>
    <link:definitionArc xlink:arcrole="http://xbrl.org/int/dim/arcrole/domain-member" xlink:type="arc" xlink:from="ns13_DeferredOutflowsOfResourcesOPEBItemsAbstract" xlink:to="ns13_DeferredOutflowsOfResourcesOPEBNetDifProjectedAndActualEarningsPensionPlanInvestments" order="1"/>
    <link:loc xlink:label="ns13_DeferredOutflowsOfResourcesOPEBChangesInAssumptions" xlink:href="../../elts/acfr_2023.xsd#acfr_DeferredOutflowsOfResourcesOPEBChangesInAssumptions" xlink:type="locator"/>
    <link:definitionArc xlink:arcrole="http://xbrl.org/int/dim/arcrole/domain-member" xlink:type="arc" xlink:from="ns13_DeferredOutflowsOfResourcesOPEBItemsAbstract" xlink:to="ns13_DeferredOutflowsOfResourcesOPEBChangesInAssumptions" order="2"/>
    <link:loc xlink:label="ns13_DeferredOutflowsofResourcesOPEBDifferenceExpectedAndActual" xlink:href="../../elts/acfr_2023.xsd#acfr_DeferredOutflowsofResourcesOPEBDifferenceExpectedAndActual" xlink:type="locator"/>
    <link:definitionArc xlink:arcrole="http://xbrl.org/int/dim/arcrole/domain-member" xlink:type="arc" xlink:from="ns13_DeferredOutflowsOfResourcesOPEBItemsAbstract" xlink:to="ns13_DeferredOutflowsofResourcesOPEBDifferenceExpectedAndActual" order="3"/>
    <link:loc xlink:label="ns13_DeferredOutflowsFromOPEBChangesInProportion" xlink:href="../../elts/acfr_2023.xsd#acfr_DeferredOutflowsFromOPEBChangesInProportion" xlink:type="locator"/>
    <link:definitionArc xlink:arcrole="http://xbrl.org/int/dim/arcrole/domain-member" xlink:type="arc" xlink:from="ns13_DeferredOutflowsOfResourcesOPEBItemsAbstract" xlink:to="ns13_DeferredOutflowsFromOPEBChangesInProportion" order="4"/>
    <link:loc xlink:label="ns13_DeferredOutflowsOfResourcesOPEBContributionsMadeAfterMeasurementDate" xlink:href="../../elts/acfr_2023.xsd#acfr_DeferredOutflowsOfResourcesOPEBContributionsMadeAfterMeasurementDate" xlink:type="locator"/>
    <link:definitionArc xlink:arcrole="http://xbrl.org/int/dim/arcrole/domain-member" xlink:type="arc" xlink:from="ns13_DeferredOutflowsOfResourcesOPEBItemsAbstract" xlink:to="ns13_DeferredOutflowsOfResourcesOPEBContributionsMadeAfterMeasurementDate" order="5"/>
    <link:loc xlink:label="ns13_PlanInvestmentPerformanceAbstract" xlink:href="../../elts/acfr_2023.xsd#acfr_PlanInvestmentPerformanceAbstract" xlink:type="locator"/>
    <link:loc xlink:label="ns13_ActualRateOfReturnOnOPEBAssetsPriorOneYearPeriod" xlink:href="../../elts/acfr_2023.xsd#acfr_ActualRateOfReturnOnOPEBAssetsPriorOneYearPeriod" xlink:type="locator"/>
    <link:definitionArc xlink:arcrole="http://xbrl.org/int/dim/arcrole/domain-member" xlink:type="arc" xlink:from="ns13_PlanInvestmentPerformanceAbstract" xlink:to="ns13_ActualRateOfReturnOnOPEBAssetsPriorOneYearPeriod" order="1"/>
    <link:loc xlink:label="ns13_ActualRateOfReturnOnOPEBAssetsPriorFiveYearPeriod" xlink:href="../../elts/acfr_2023.xsd#acfr_ActualRateOfReturnOnOPEBAssetsPriorFiveYearPeriod" xlink:type="locator"/>
    <link:definitionArc xlink:arcrole="http://xbrl.org/int/dim/arcrole/domain-member" xlink:type="arc" xlink:from="ns13_PlanInvestmentPerformanceAbstract" xlink:to="ns13_ActualRateOfReturnOnOPEBAssetsPriorFiveYearPeriod" order="2"/>
    <link:loc xlink:label="ns13_ActualRateOfReturnOnOPEBAssetsPriorTenYearPeriod" xlink:href="../../elts/acfr_2023.xsd#acfr_ActualRateOfReturnOnOPEBAssetsPriorTenYearPeriod" xlink:type="locator"/>
    <link:definitionArc xlink:arcrole="http://xbrl.org/int/dim/arcrole/domain-member" xlink:type="arc" xlink:from="ns13_PlanInvestmentPerformanceAbstract" xlink:to="ns13_ActualRateOfReturnOnOPEBAssetsPriorTenYearPeriod" order="3"/>
    <link:loc xlink:label="ns13_OPEBPlansTable" xlink:href="../../elts/acfr_2023.xsd#acfr_OPEBPlansTable" xlink:type="locator"/>
    <link:loc xlink:label="ns13_OPEBPlanNameAxis" xlink:href="../../elts/acfr_2023.xsd#acfr_OPEBPlanNameAxis" xlink:type="locator"/>
    <link:definitionArc xlink:arcrole="http://xbrl.org/int/dim/arcrole/hypercube-dimension" xlink:type="arc" xlink:from="ns13_OPEBPlansTable" xlink:to="ns13_OPEBPlanNameAxis" order="1"/>
    <link:loc xlink:label="ns13_OPEBPlansLineItems" xlink:href="../../elts/acfr_2023.xsd#acfr_OPEBPlansLineItems" xlink:type="locator"/>
    <link:definitionArc xlink:arcrole="http://xbrl.org/int/dim/arcrole/all" xlink:type="arc" xlink:from="ns13_OPEBPlansLineItems" xlink:to="ns13_OPEBPlansTable" order="1" xbrldt:contextElement="segment"/>
    <link:loc xlink:label="ns13_PlanDescriptiveInformationLineItems_1" xlink:href="../../elts/acfr_2023.xsd#acfr_PlanDescriptiveInformationLineItems" xlink:type="locator"/>
    <link:definitionArc xlink:arcrole="http://xbrl.org/int/dim/arcrole/domain-member" xlink:type="arc" xlink:from="ns13_OPEBPlansLineItems" xlink:to="ns13_PlanDescriptiveInformationLineItems_1" order="1"/>
    <link:loc xlink:label="ns13_PlanFinancialInformationAbstract" xlink:href="../../elts/acfr_2023.xsd#acfr_PlanFinancialInformationAbstract" xlink:type="locator"/>
    <link:definitionArc xlink:arcrole="http://xbrl.org/int/dim/arcrole/domain-member" xlink:type="arc" xlink:from="ns13_OPEBPlansLineItems" xlink:to="ns13_PlanFinancialInformationAbstract" order="2"/>
    <link:loc xlink:label="ns13_PlanMembershipInformationAbstract" xlink:href="../../elts/acfr_2023.xsd#acfr_PlanMembershipInformationAbstract" xlink:type="locator"/>
    <link:definitionArc xlink:arcrole="http://xbrl.org/int/dim/arcrole/domain-member" xlink:type="arc" xlink:from="ns13_OPEBPlansLineItems" xlink:to="ns13_PlanMembershipInformationAbstract" order="3"/>
    <link:loc xlink:label="ns13_PlanInvestmentPerformanceAbstract_1" xlink:href="../../elts/acfr_2023.xsd#acfr_PlanInvestmentPerformanceAbstract" xlink:type="locator"/>
    <link:definitionArc xlink:arcrole="http://xbrl.org/int/dim/arcrole/domain-member" xlink:type="arc" xlink:from="ns13_OPEBPlansLineItems" xlink:to="ns13_PlanInvestmentPerformanceAbstract_1" order="4"/>
    <link:loc xlink:label="ns13_PlanActuarialAssumptionsAbstract" xlink:href="../../elts/acfr_2023.xsd#acfr_PlanActuarialAssumptionsAbstract" xlink:type="locator"/>
    <link:definitionArc xlink:arcrole="http://xbrl.org/int/dim/arcrole/domain-member" xlink:type="arc" xlink:from="ns13_OPEBPlansLineItems" xlink:to="ns13_PlanActuarialAssumptionsAbstract" order="5"/>
    <link:loc xlink:label="ns13_SensitivityAnalysisOPEBAbstract" xlink:href="../../elts/acfr_2023.xsd#acfr_SensitivityAnalysisOPEBAbstract" xlink:type="locator"/>
    <link:definitionArc xlink:arcrole="http://xbrl.org/int/dim/arcrole/domain-member" xlink:type="arc" xlink:from="ns13_OPEBPlansLineItems" xlink:to="ns13_SensitivityAnalysisOPEBAbstract" order="6"/>
    <link:loc xlink:label="ns13_OPEBContributionsAbstract_1" xlink:href="../../elts/acfr_2023.xsd#acfr_OPEBContributionsAbstract" xlink:type="locator"/>
    <link:definitionArc xlink:arcrole="http://xbrl.org/int/dim/arcrole/domain-member" xlink:type="arc" xlink:from="ns13_OPEBPlansLineItems" xlink:to="ns13_OPEBContributionsAbstract_1" order="7"/>
    <link:loc xlink:label="ns13_ContributionDeficiencyExcessOPEB" xlink:href="../../elts/acfr_2023.xsd#acfr_ContributionDeficiencyExcessOPEB" xlink:type="locator"/>
    <link:definitionArc xlink:arcrole="http://xbrl.org/int/dim/arcrole/domain-member" xlink:type="arc" xlink:from="ns13_OPEBPlansLineItems" xlink:to="ns13_ContributionDeficiencyExcessOPEB" order="8"/>
    <link:loc xlink:label="ns13_NetOPEBLiabilityPercentCoveredPayroll" xlink:href="../../elts/acfr_2023.xsd#acfr_NetOPEBLiabilityPercentCoveredPayroll" xlink:type="locator"/>
    <link:definitionArc xlink:arcrole="http://xbrl.org/int/dim/arcrole/domain-member" xlink:type="arc" xlink:from="ns13_OPEBPlansLineItems" xlink:to="ns13_NetOPEBLiabilityPercentCoveredPayroll" order="9"/>
    <link:loc xlink:label="ns13_NonemployerContributingEntitiesTotalProportionateShareOfCollectiveNetOPEBLiability" xlink:href="../../elts/acfr_2023.xsd#acfr_NonemployerContributingEntitiesTotalProportionateShareOfCollectiveNetOPEBLiability" xlink:type="locator"/>
    <link:definitionArc xlink:arcrole="http://xbrl.org/int/dim/arcrole/domain-member" xlink:type="arc" xlink:from="ns13_OPEBPlansLineItems" xlink:to="ns13_NonemployerContributingEntitiesTotalProportionateShareOfCollectiveNetOPEBLiability" order="10"/>
    <link:loc xlink:label="ns13_EmployersProportionateShareOfCollectiveNetOPEBLiability" xlink:href="../../elts/acfr_2023.xsd#acfr_EmployersProportionateShareOfCollectiveNetOPEBLiability" xlink:type="locator"/>
    <link:definitionArc xlink:arcrole="http://xbrl.org/int/dim/arcrole/domain-member" xlink:type="arc" xlink:from="ns13_OPEBPlansLineItems" xlink:to="ns13_EmployersProportionateShareOfCollectiveNetOPEBLiability" order="11"/>
    <link:loc xlink:label="ns13_OPEBExpense" xlink:href="../../elts/acfr_2023.xsd#acfr_OPEBExpense" xlink:type="locator"/>
    <link:definitionArc xlink:arcrole="http://xbrl.org/int/dim/arcrole/domain-member" xlink:type="arc" xlink:from="ns13_OPEBPlansLineItems" xlink:to="ns13_OPEBExpense" order="12"/>
    <link:loc xlink:label="ns13_PremiumsPaidOnBehalfOfRetirants" xlink:href="../../elts/acfr_2023.xsd#acfr_PremiumsPaidOnBehalfOfRetirants" xlink:type="locator"/>
    <link:definitionArc xlink:arcrole="http://xbrl.org/int/dim/arcrole/domain-member" xlink:type="arc" xlink:from="ns13_OPEBPlansLineItems" xlink:to="ns13_PremiumsPaidOnBehalfOfRetirants" order="13"/>
    <link:loc xlink:label="ns13_OPEBFiduciaryNetPosition" xlink:href="../../elts/acfr_2023.xsd#acfr_OPEBFiduciaryNetPosition" xlink:type="locator"/>
    <link:definitionArc xlink:arcrole="http://xbrl.org/int/dim/arcrole/domain-member" xlink:type="arc" xlink:from="ns13_OPEBPlansLineItems" xlink:to="ns13_OPEBFiduciaryNetPosition" order="14"/>
    <link:loc xlink:label="ns13_OPEBCoveredPayroll" xlink:href="../../elts/acfr_2023.xsd#acfr_OPEBCoveredPayroll" xlink:type="locator"/>
    <link:definitionArc xlink:arcrole="http://xbrl.org/int/dim/arcrole/domain-member" xlink:type="arc" xlink:from="ns13_OPEBPlansLineItems" xlink:to="ns13_OPEBCoveredPayroll" order="15"/>
    <link:loc xlink:label="ns13_DeferredOutflowsOfResourcesOPEBItemsAbstract_1" xlink:href="../../elts/acfr_2023.xsd#acfr_DeferredOutflowsOfResourcesOPEBItemsAbstract" xlink:type="locator"/>
    <link:definitionArc xlink:arcrole="http://xbrl.org/int/dim/arcrole/domain-member" xlink:type="arc" xlink:from="ns13_OPEBPlansLineItems" xlink:to="ns13_DeferredOutflowsOfResourcesOPEBItemsAbstract_1" order="16"/>
    <link:loc xlink:label="ns13_DeferredInflowsOfResourcesOPEBItems" xlink:href="../../elts/acfr_2023.xsd#acfr_DeferredInflowsOfResourcesOPEBItems" xlink:type="locator"/>
    <link:definitionArc xlink:arcrole="http://xbrl.org/int/dim/arcrole/domain-member" xlink:type="arc" xlink:from="ns13_OPEBPlansLineItems" xlink:to="ns13_DeferredInflowsOfResourcesOPEBItems" order="17"/>
    <link:loc xlink:label="ns13_OPEBPlanAssets" xlink:href="../../elts/acfr_2023.xsd#acfr_OPEBPlanAssets" xlink:type="locator"/>
    <link:definitionArc xlink:arcrole="http://xbrl.org/int/dim/arcrole/domain-member" xlink:type="arc" xlink:from="ns13_PlanFinancialInformationAbstract" xlink:to="ns13_OPEBPlanAssets" order="1"/>
    <link:loc xlink:label="ns13_OPEBPlanTotalLiability" xlink:href="../../elts/acfr_2023.xsd#acfr_OPEBPlanTotalLiability" xlink:type="locator"/>
    <link:definitionArc xlink:arcrole="http://xbrl.org/int/dim/arcrole/domain-member" xlink:type="arc" xlink:from="ns13_PlanFinancialInformationAbstract" xlink:to="ns13_OPEBPlanTotalLiability" order="2"/>
    <link:loc xlink:label="ns13_OPEBFundedRatio" xlink:href="../../elts/acfr_2023.xsd#acfr_OPEBFundedRatio" xlink:type="locator"/>
    <link:definitionArc xlink:arcrole="http://xbrl.org/int/dim/arcrole/domain-member" xlink:type="arc" xlink:from="ns13_PlanFinancialInformationAbstract" xlink:to="ns13_OPEBFundedRatio" order="3"/>
    <link:loc xlink:label="ns13_OPEBActuariallyDeterminedContribution" xlink:href="../../elts/acfr_2023.xsd#acfr_OPEBActuariallyDeterminedContribution" xlink:type="locator"/>
    <link:definitionArc xlink:arcrole="http://xbrl.org/int/dim/arcrole/domain-member" xlink:type="arc" xlink:from="ns13_PlanFinancialInformationAbstract" xlink:to="ns13_OPEBActuariallyDeterminedContribution" order="4"/>
    <link:loc xlink:label="ns13_DeferredInflowsofResourcesOPEBNetDifProjectedAndActualEarningsPensionPlanInvestments" xlink:href="../../elts/acfr_2023.xsd#acfr_DeferredInflowsofResourcesOPEBNetDifProjectedAndActualEarningsPensionPlanInvestments" xlink:type="locator"/>
    <link:definitionArc xlink:arcrole="http://xbrl.org/int/dim/arcrole/domain-member" xlink:type="arc" xlink:from="ns13_DeferredInflowsOfResourcesOPEBItems" xlink:to="ns13_DeferredInflowsofResourcesOPEBNetDifProjectedAndActualEarningsPensionPlanInvestments" order="1"/>
    <link:loc xlink:label="ns13_DeferredInflowsOfResourcesOPEBChangesInAssumptions" xlink:href="../../elts/acfr_2023.xsd#acfr_DeferredInflowsOfResourcesOPEBChangesInAssumptions" xlink:type="locator"/>
    <link:definitionArc xlink:arcrole="http://xbrl.org/int/dim/arcrole/domain-member" xlink:type="arc" xlink:from="ns13_DeferredInflowsOfResourcesOPEBItems" xlink:to="ns13_DeferredInflowsOfResourcesOPEBChangesInAssumptions" order="2"/>
    <link:loc xlink:label="ns13_DeferredInflowsofResourcesOPEBDifferenceExpectedAndActual" xlink:href="../../elts/acfr_2023.xsd#acfr_DeferredInflowsofResourcesOPEBDifferenceExpectedAndActual" xlink:type="locator"/>
    <link:definitionArc xlink:arcrole="http://xbrl.org/int/dim/arcrole/domain-member" xlink:type="arc" xlink:from="ns13_DeferredInflowsOfResourcesOPEBItems" xlink:to="ns13_DeferredInflowsofResourcesOPEBDifferenceExpectedAndActual" order="3"/>
    <link:loc xlink:label="ns13_DeferredInflowsFromOPEBChangesInProportion" xlink:href="../../elts/acfr_2023.xsd#acfr_DeferredInflowsFromOPEBChangesInProportion" xlink:type="locator"/>
    <link:definitionArc xlink:arcrole="http://xbrl.org/int/dim/arcrole/domain-member" xlink:type="arc" xlink:from="ns13_DeferredInflowsOfResourcesOPEBItems" xlink:to="ns13_DeferredInflowsFromOPEBChangesInProportion" order="4"/>
    <link:loc xlink:label="ns13_DeferredInflowsOfResourcesOPEBContributionsMadeAfterMeasurementDate" xlink:href="../../elts/acfr_2023.xsd#acfr_DeferredInflowsOfResourcesOPEBContributionsMadeAfterMeasurementDate" xlink:type="locator"/>
    <link:definitionArc xlink:arcrole="http://xbrl.org/int/dim/arcrole/domain-member" xlink:type="arc" xlink:from="ns13_DeferredInflowsOfResourcesOPEBItems" xlink:to="ns13_DeferredInflowsOfResourcesOPEBContributionsMadeAfterMeasurementDate" order="5"/>
    <link:loc xlink:label="ns13_OPEBPlanEmployeeCategory" xlink:href="../../elts/acfr_2023.xsd#acfr_OPEBPlanEmployeeCategory" xlink:type="locator"/>
    <link:definitionArc xlink:arcrole="http://xbrl.org/int/dim/arcrole/domain-member" xlink:type="arc" xlink:from="ns13_PlanMembershipInformationAbstract" xlink:to="ns13_OPEBPlanEmployeeCategory" order="1"/>
    <link:loc xlink:label="ns13_OPEBPlanActiveEmployees" xlink:href="../../elts/acfr_2023.xsd#acfr_OPEBPlanActiveEmployees" xlink:type="locator"/>
    <link:definitionArc xlink:arcrole="http://xbrl.org/int/dim/arcrole/domain-member" xlink:type="arc" xlink:from="ns13_PlanMembershipInformationAbstract" xlink:to="ns13_OPEBPlanActiveEmployees" order="2"/>
    <link:loc xlink:label="ns13_OPEBPlanTerminatedEmployeesEntitledToBenefits" xlink:href="../../elts/acfr_2023.xsd#acfr_OPEBPlanTerminatedEmployeesEntitledToBenefits" xlink:type="locator"/>
    <link:definitionArc xlink:arcrole="http://xbrl.org/int/dim/arcrole/domain-member" xlink:type="arc" xlink:from="ns13_PlanMembershipInformationAbstract" xlink:to="ns13_OPEBPlanTerminatedEmployeesEntitledToBenefits" order="3"/>
    <link:loc xlink:label="ns13_OPEBPlanRetiredEmployeesAndBeneficiaries" xlink:href="../../elts/acfr_2023.xsd#acfr_OPEBPlanRetiredEmployeesAndBeneficiaries" xlink:type="locator"/>
    <link:definitionArc xlink:arcrole="http://xbrl.org/int/dim/arcrole/domain-member" xlink:type="arc" xlink:from="ns13_PlanMembershipInformationAbstract" xlink:to="ns13_OPEBPlanRetiredEmployeesAndBeneficiaries" order="4"/>
    <link:loc xlink:label="ns13_OPEBNetLiabilityAtDiscountRateMinus1" xlink:href="../../elts/acfr_2023.xsd#acfr_OPEBNetLiabilityAtDiscountRateMinus1" xlink:type="locator"/>
    <link:definitionArc xlink:arcrole="http://xbrl.org/int/dim/arcrole/domain-member" xlink:type="arc" xlink:from="ns13_SensitivityAnalysisOPEBAbstract" xlink:to="ns13_OPEBNetLiabilityAtDiscountRateMinus1" order="1"/>
    <link:loc xlink:label="ns13_OPEBNetLiabilityAtDiscountRatePlus1" xlink:href="../../elts/acfr_2023.xsd#acfr_OPEBNetLiabilityAtDiscountRatePlus1" xlink:type="locator"/>
    <link:definitionArc xlink:arcrole="http://xbrl.org/int/dim/arcrole/domain-member" xlink:type="arc" xlink:from="ns13_SensitivityAnalysisOPEBAbstract" xlink:to="ns13_OPEBNetLiabilityAtDiscountRatePlus1" order="2"/>
    <link:loc xlink:label="ns13_OPEBLiabilityAtHealthcareCostTrendMinus1" xlink:href="../../elts/acfr_2023.xsd#acfr_OPEBLiabilityAtHealthcareCostTrendMinus1" xlink:type="locator"/>
    <link:definitionArc xlink:arcrole="http://xbrl.org/int/dim/arcrole/domain-member" xlink:type="arc" xlink:from="ns13_SensitivityAnalysisOPEBAbstract" xlink:to="ns13_OPEBLiabilityAtHealthcareCostTrendMinus1" order="3"/>
    <link:loc xlink:label="ns13_OPEBLiabilityAtHealthcareCostTrendPlus1" xlink:href="../../elts/acfr_2023.xsd#acfr_OPEBLiabilityAtHealthcareCostTrendPlus1" xlink:type="locator"/>
    <link:definitionArc xlink:arcrole="http://xbrl.org/int/dim/arcrole/domain-member" xlink:type="arc" xlink:from="ns13_SensitivityAnalysisOPEBAbstract" xlink:to="ns13_OPEBLiabilityAtHealthcareCostTrendPlus1" order="4"/>
    <link:loc xlink:label="ns13_OPEBPlanLiabilityMeasurementDate" xlink:href="../../elts/acfr_2023.xsd#acfr_OPEBPlanLiabilityMeasurementDate" xlink:type="locator"/>
    <link:definitionArc xlink:arcrole="http://xbrl.org/int/dim/arcrole/domain-member" xlink:type="arc" xlink:from="ns13_PlanActuarialAssumptionsAbstract" xlink:to="ns13_OPEBPlanLiabilityMeasurementDate" order="1"/>
    <link:loc xlink:label="ns13_ActuarialCostMethodOPEB" xlink:href="../../elts/acfr_2023.xsd#acfr_ActuarialCostMethodOPEB" xlink:type="locator"/>
    <link:definitionArc xlink:arcrole="http://xbrl.org/int/dim/arcrole/domain-member" xlink:type="arc" xlink:from="ns13_PlanActuarialAssumptionsAbstract" xlink:to="ns13_ActuarialCostMethodOPEB" order="2"/>
    <link:loc xlink:label="ns13_OPEBAssumedSalaryGrowth" xlink:href="../../elts/acfr_2023.xsd#acfr_OPEBAssumedSalaryGrowth" xlink:type="locator"/>
    <link:definitionArc xlink:arcrole="http://xbrl.org/int/dim/arcrole/domain-member" xlink:type="arc" xlink:from="ns13_PlanActuarialAssumptionsAbstract" xlink:to="ns13_OPEBAssumedSalaryGrowth" order="3"/>
    <link:loc xlink:label="ns13_OPEBAssumedInflationRateNextYear" xlink:href="../../elts/acfr_2023.xsd#acfr_OPEBAssumedInflationRateNextYear" xlink:type="locator"/>
    <link:definitionArc xlink:arcrole="http://xbrl.org/int/dim/arcrole/domain-member" xlink:type="arc" xlink:from="ns13_PlanActuarialAssumptionsAbstract" xlink:to="ns13_OPEBAssumedInflationRateNextYear" order="4"/>
    <link:loc xlink:label="ns13_OPEBActuarialValuationDate" xlink:href="../../elts/acfr_2023.xsd#acfr_OPEBActuarialValuationDate" xlink:type="locator"/>
    <link:definitionArc xlink:arcrole="http://xbrl.org/int/dim/arcrole/domain-member" xlink:type="arc" xlink:from="ns13_PlanActuarialAssumptionsAbstract" xlink:to="ns13_OPEBActuarialValuationDate" order="5"/>
    <link:loc xlink:label="ns13_OPEBAssumedLongTermRateOfReturn" xlink:href="../../elts/acfr_2023.xsd#acfr_OPEBAssumedLongTermRateOfReturn" xlink:type="locator"/>
    <link:definitionArc xlink:arcrole="http://xbrl.org/int/dim/arcrole/domain-member" xlink:type="arc" xlink:from="ns13_PlanActuarialAssumptionsAbstract" xlink:to="ns13_OPEBAssumedLongTermRateOfReturn" order="6"/>
    <link:loc xlink:label="ns13_A20YearTaxExemptMunicipalBondYield" xlink:href="../../elts/acfr_2023.xsd#acfr_A20YearTaxExemptMunicipalBondYield" xlink:type="locator"/>
    <link:definitionArc xlink:arcrole="http://xbrl.org/int/dim/arcrole/domain-member" xlink:type="arc" xlink:from="ns13_PlanActuarialAssumptionsAbstract" xlink:to="ns13_A20YearTaxExemptMunicipalBondYield" order="7"/>
    <link:loc xlink:label="ns13_OPEBDiscountRate" xlink:href="../../elts/acfr_2023.xsd#acfr_OPEBDiscountRate" xlink:type="locator"/>
    <link:definitionArc xlink:arcrole="http://xbrl.org/int/dim/arcrole/domain-member" xlink:type="arc" xlink:from="ns13_PlanActuarialAssumptionsAbstract" xlink:to="ns13_OPEBDiscountRate" order="8"/>
    <link:loc xlink:label="ns13_OPEBAssumedHealthCareCostTrendRate" xlink:href="../../elts/acfr_2023.xsd#acfr_OPEBAssumedHealthCareCostTrendRate" xlink:type="locator"/>
    <link:definitionArc xlink:arcrole="http://xbrl.org/int/dim/arcrole/domain-member" xlink:type="arc" xlink:from="ns13_PlanActuarialAssumptionsAbstract" xlink:to="ns13_OPEBAssumedHealthCareCostTrendRate" order="9"/>
    <link:loc xlink:label="ns13_OPEBExperiencedStudyDate" xlink:href="../../elts/acfr_2023.xsd#acfr_OPEBExperiencedStudyDate" xlink:type="locator"/>
    <link:definitionArc xlink:arcrole="http://xbrl.org/int/dim/arcrole/domain-member" xlink:type="arc" xlink:from="ns13_PlanActuarialAssumptionsAbstract" xlink:to="ns13_OPEBExperiencedStudyDate" order="10"/>
    <link:loc xlink:label="ns13_OPEBPlanMortalityRateTableDescription" xlink:href="../../elts/acfr_2023.xsd#acfr_OPEBPlanMortalityRateTableDescription" xlink:type="locator"/>
    <link:definitionArc xlink:arcrole="http://xbrl.org/int/dim/arcrole/domain-member" xlink:type="arc" xlink:from="ns13_PlanActuarialAssumptionsAbstract" xlink:to="ns13_OPEBPlanMortalityRateTableDescription" order="11"/>
  </link:definitionLink>
  <link:definitionLink xlink:role="https://taxonomies.xbrl.us/grip/acfr/roles/OPEBChangeNetOPEBLiabilitySchedule" xlink:type="extended">
    <link:loc xlink:label="ns13_ChangeInOPEBLiabilitiesRollForward" xlink:href="../../elts/acfr_2023.xsd#acfr_ChangeInOPEBLiabilitiesRollForward" xlink:type="locator"/>
    <link:loc xlink:label="ns13_OPEBServiceCost" xlink:href="../../elts/acfr_2023.xsd#acfr_OPEBServiceCost" xlink:type="locator"/>
    <link:definitionArc xlink:arcrole="http://xbrl.org/int/dim/arcrole/domain-member" xlink:type="arc" xlink:from="ns13_ChangeInOPEBLiabilitiesRollForward" xlink:to="ns13_OPEBServiceCost" order="1"/>
    <link:loc xlink:label="ns13_OPEBInterestCost" xlink:href="../../elts/acfr_2023.xsd#acfr_OPEBInterestCost" xlink:type="locator"/>
    <link:definitionArc xlink:arcrole="http://xbrl.org/int/dim/arcrole/domain-member" xlink:type="arc" xlink:from="ns13_ChangeInOPEBLiabilitiesRollForward" xlink:to="ns13_OPEBInterestCost" order="2"/>
    <link:loc xlink:label="ns13_OPEBPlanChangesInBenefitTerms" xlink:href="../../elts/acfr_2023.xsd#acfr_OPEBPlanChangesInBenefitTerms" xlink:type="locator"/>
    <link:definitionArc xlink:arcrole="http://xbrl.org/int/dim/arcrole/domain-member" xlink:type="arc" xlink:from="ns13_ChangeInOPEBLiabilitiesRollForward" xlink:to="ns13_OPEBPlanChangesInBenefitTerms" order="3"/>
    <link:loc xlink:label="ns13_OPEBPlanFromDifferenceExpectedAndActualExperience" xlink:href="../../elts/acfr_2023.xsd#acfr_OPEBPlanFromDifferenceExpectedAndActualExperience" xlink:type="locator"/>
    <link:definitionArc xlink:arcrole="http://xbrl.org/int/dim/arcrole/domain-member" xlink:type="arc" xlink:from="ns13_ChangeInOPEBLiabilitiesRollForward" xlink:to="ns13_OPEBPlanFromDifferenceExpectedAndActualExperience" order="4"/>
    <link:loc xlink:label="ns13_OPEBPlanChangesOfAssumptionOrOtherInputs" xlink:href="../../elts/acfr_2023.xsd#acfr_OPEBPlanChangesOfAssumptionOrOtherInputs" xlink:type="locator"/>
    <link:definitionArc xlink:arcrole="http://xbrl.org/int/dim/arcrole/domain-member" xlink:type="arc" xlink:from="ns13_ChangeInOPEBLiabilitiesRollForward" xlink:to="ns13_OPEBPlanChangesOfAssumptionOrOtherInputs" order="5"/>
    <link:loc xlink:label="ns13_OPEBBenefitPayments" xlink:href="../../elts/acfr_2023.xsd#acfr_OPEBBenefitPayments" xlink:type="locator"/>
    <link:definitionArc xlink:arcrole="http://xbrl.org/int/dim/arcrole/domain-member" xlink:type="arc" xlink:from="ns13_ChangeInOPEBLiabilitiesRollForward" xlink:to="ns13_OPEBBenefitPayments" order="6"/>
    <link:loc xlink:label="ns13_OPEBPlanOtherChangesToLiability" xlink:href="../../elts/acfr_2023.xsd#acfr_OPEBPlanOtherChangesToLiability" xlink:type="locator"/>
    <link:definitionArc xlink:arcrole="http://xbrl.org/int/dim/arcrole/domain-member" xlink:type="arc" xlink:from="ns13_ChangeInOPEBLiabilitiesRollForward" xlink:to="ns13_OPEBPlanOtherChangesToLiability" order="7"/>
    <link:loc xlink:label="ns13_OPEBLiabilityPeriodIncreaseDecrease" xlink:href="../../elts/acfr_2023.xsd#acfr_OPEBLiabilityPeriodIncreaseDecrease" xlink:type="locator"/>
    <link:definitionArc xlink:arcrole="http://xbrl.org/int/dim/arcrole/domain-member" xlink:type="arc" xlink:from="ns13_ChangeInOPEBLiabilitiesRollForward" xlink:to="ns13_OPEBLiabilityPeriodIncreaseDecrease" order="8"/>
    <link:loc xlink:label="ns13_OPEBPlanTotalLiability" xlink:href="../../elts/acfr_2023.xsd#acfr_OPEBPlanTotalLiability" xlink:type="locator"/>
    <link:definitionArc xlink:arcrole="http://xbrl.org/int/dim/arcrole/domain-member" xlink:type="arc" xlink:from="ns13_ChangeInOPEBLiabilitiesRollForward" xlink:to="ns13_OPEBPlanTotalLiability" order="9"/>
    <link:loc xlink:label="ns13_ChangeInOPEBFiduciaryNetPositionRollForward" xlink:href="../../elts/acfr_2023.xsd#acfr_ChangeInOPEBFiduciaryNetPositionRollForward" xlink:type="locator"/>
    <link:loc xlink:label="ns13_FiduciaryNetPositionOPEB" xlink:href="../../elts/acfr_2023.xsd#acfr_FiduciaryNetPositionOPEB" xlink:type="locator"/>
    <link:definitionArc xlink:arcrole="http://xbrl.org/int/dim/arcrole/domain-member" xlink:type="arc" xlink:from="ns13_ChangeInOPEBFiduciaryNetPositionRollForward" xlink:to="ns13_FiduciaryNetPositionOPEB" order="1"/>
    <link:loc xlink:label="ns13_OPEBPlanEmployerContributions" xlink:href="../../elts/acfr_2023.xsd#acfr_OPEBPlanEmployerContributions" xlink:type="locator"/>
    <link:definitionArc xlink:arcrole="http://xbrl.org/int/dim/arcrole/domain-member" xlink:type="arc" xlink:from="ns13_ChangeInOPEBFiduciaryNetPositionRollForward" xlink:to="ns13_OPEBPlanEmployerContributions" order="2"/>
    <link:loc xlink:label="ns13_OPEBPlanNonemployerContributingEntities" xlink:href="../../elts/acfr_2023.xsd#acfr_OPEBPlanNonemployerContributingEntities" xlink:type="locator"/>
    <link:definitionArc xlink:arcrole="http://xbrl.org/int/dim/arcrole/domain-member" xlink:type="arc" xlink:from="ns13_ChangeInOPEBFiduciaryNetPositionRollForward" xlink:to="ns13_OPEBPlanNonemployerContributingEntities" order="3"/>
    <link:loc xlink:label="ns13_ContributionsFromActiveEmployeesAndInactiveEmployeesNotYetReceivingBenefitPayments" xlink:href="../../elts/acfr_2023.xsd#acfr_ContributionsFromActiveEmployeesAndInactiveEmployeesNotYetReceivingBenefitPayments" xlink:type="locator"/>
    <link:definitionArc xlink:arcrole="http://xbrl.org/int/dim/arcrole/domain-member" xlink:type="arc" xlink:from="ns13_ChangeInOPEBFiduciaryNetPositionRollForward" xlink:to="ns13_ContributionsFromActiveEmployeesAndInactiveEmployeesNotYetReceivingBenefitPayments" order="4"/>
    <link:loc xlink:label="ns13_OPEBNetInvestmentIncome" xlink:href="../../elts/acfr_2023.xsd#acfr_OPEBNetInvestmentIncome" xlink:type="locator"/>
    <link:definitionArc xlink:arcrole="http://xbrl.org/int/dim/arcrole/domain-member" xlink:type="arc" xlink:from="ns13_ChangeInOPEBFiduciaryNetPositionRollForward" xlink:to="ns13_OPEBNetInvestmentIncome" order="5"/>
    <link:loc xlink:label="ns13_BenefitPaymentsMadeByTheOPEBPlanFiduciaryNetPosition" xlink:href="../../elts/acfr_2023.xsd#acfr_BenefitPaymentsMadeByTheOPEBPlanFiduciaryNetPosition" xlink:type="locator"/>
    <link:definitionArc xlink:arcrole="http://xbrl.org/int/dim/arcrole/domain-member" xlink:type="arc" xlink:from="ns13_ChangeInOPEBFiduciaryNetPositionRollForward" xlink:to="ns13_BenefitPaymentsMadeByTheOPEBPlanFiduciaryNetPosition" order="6"/>
    <link:loc xlink:label="ns13_OPEBAdministrativeExpenses" xlink:href="../../elts/acfr_2023.xsd#acfr_OPEBAdministrativeExpenses" xlink:type="locator"/>
    <link:definitionArc xlink:arcrole="http://xbrl.org/int/dim/arcrole/domain-member" xlink:type="arc" xlink:from="ns13_ChangeInOPEBFiduciaryNetPositionRollForward" xlink:to="ns13_OPEBAdministrativeExpenses" order="7"/>
    <link:loc xlink:label="ns13_OPEBPlanFiduciaryNetPositionPeriodIncreaseDecrease" xlink:href="../../elts/acfr_2023.xsd#acfr_OPEBPlanFiduciaryNetPositionPeriodIncreaseDecrease" xlink:type="locator"/>
    <link:definitionArc xlink:arcrole="http://xbrl.org/int/dim/arcrole/domain-member" xlink:type="arc" xlink:from="ns13_ChangeInOPEBFiduciaryNetPositionRollForward" xlink:to="ns13_OPEBPlanFiduciaryNetPositionPeriodIncreaseDecrease" order="8"/>
    <link:loc xlink:label="ns13_ChangeInNetOPEBLiabilityAssetRollForward" xlink:href="../../elts/acfr_2023.xsd#acfr_ChangeInNetOPEBLiabilityAssetRollForward" xlink:type="locator"/>
    <link:loc xlink:label="ns13_NetOPEBLiability" xlink:href="../../elts/acfr_2023.xsd#acfr_NetOPEBLiability" xlink:type="locator"/>
    <link:definitionArc xlink:arcrole="http://xbrl.org/int/dim/arcrole/domain-member" xlink:type="arc" xlink:from="ns13_ChangeInNetOPEBLiabilityAssetRollForward" xlink:to="ns13_NetOPEBLiability" order="1"/>
    <link:loc xlink:label="ns13_NetChangeInNetOPEBLiability" xlink:href="../../elts/acfr_2023.xsd#acfr_NetChangeInNetOPEBLiability" xlink:type="locator"/>
    <link:definitionArc xlink:arcrole="http://xbrl.org/int/dim/arcrole/domain-member" xlink:type="arc" xlink:from="ns13_ChangeInNetOPEBLiabilityAssetRollForward" xlink:to="ns13_NetChangeInNetOPEBLiability" order="2"/>
    <link:loc xlink:label="ns13_OPEBPlansTable" xlink:href="../../elts/acfr_2023.xsd#acfr_OPEBPlansTable" xlink:type="locator"/>
    <link:loc xlink:label="ns13_OPEBPlanNameAxis" xlink:href="../../elts/acfr_2023.xsd#acfr_OPEBPlanNameAxis" xlink:type="locator"/>
    <link:definitionArc xlink:arcrole="http://xbrl.org/int/dim/arcrole/hypercube-dimension" xlink:type="arc" xlink:from="ns13_OPEBPlansTable" xlink:to="ns13_OPEBPlanNameAxis" order="1"/>
    <link:loc xlink:label="ns13_OPEBPlansLineItems" xlink:href="../../elts/acfr_2023.xsd#acfr_OPEBPlansLineItems" xlink:type="locator"/>
    <link:definitionArc xlink:arcrole="http://xbrl.org/int/dim/arcrole/all" xlink:type="arc" xlink:from="ns13_OPEBPlansLineItems" xlink:to="ns13_OPEBPlansTable" order="1" xbrldt:contextElement="segment"/>
    <link:loc xlink:label="ns13_OPEBPlanName" xlink:href="../../elts/acfr_2023.xsd#acfr_OPEBPlanName" xlink:type="locator"/>
    <link:definitionArc xlink:arcrole="http://xbrl.org/int/dim/arcrole/domain-member" xlink:type="arc" xlink:from="ns13_OPEBPlansLineItems" xlink:to="ns13_OPEBPlanName" order="1"/>
    <link:loc xlink:label="ns13_ChangeInOPEBLiabilitiesRollForward_1" xlink:href="../../elts/acfr_2023.xsd#acfr_ChangeInOPEBLiabilitiesRollForward" xlink:type="locator"/>
    <link:definitionArc xlink:arcrole="http://xbrl.org/int/dim/arcrole/domain-member" xlink:type="arc" xlink:from="ns13_OPEBPlansLineItems" xlink:to="ns13_ChangeInOPEBLiabilitiesRollForward_1" order="2"/>
    <link:loc xlink:label="ns13_ChangeInOPEBFiduciaryNetPositionRollForward_1" xlink:href="../../elts/acfr_2023.xsd#acfr_ChangeInOPEBFiduciaryNetPositionRollForward" xlink:type="locator"/>
    <link:definitionArc xlink:arcrole="http://xbrl.org/int/dim/arcrole/domain-member" xlink:type="arc" xlink:from="ns13_OPEBPlansLineItems" xlink:to="ns13_ChangeInOPEBFiduciaryNetPositionRollForward_1" order="3"/>
    <link:loc xlink:label="ns13_ChangeInNetOPEBLiabilityAssetRollForward_1" xlink:href="../../elts/acfr_2023.xsd#acfr_ChangeInNetOPEBLiabilityAssetRollForward" xlink:type="locator"/>
    <link:definitionArc xlink:arcrole="http://xbrl.org/int/dim/arcrole/domain-member" xlink:type="arc" xlink:from="ns13_OPEBPlansLineItems" xlink:to="ns13_ChangeInNetOPEBLiabilityAssetRollForward_1" order="4"/>
  </link:definitionLink>
  <link:definitionLink xlink:role="https://taxonomies.xbrl.us/grip/acfr/roles/OPEBTotals" xlink:type="extended">
    <link:loc xlink:label="ns13_OPEBPlansTable" xlink:href="../../elts/acfr_2023.xsd#acfr_OPEBPlansTable" xlink:type="locator"/>
    <link:loc xlink:label="ns13_OPEBPlansLineItems" xlink:href="../../elts/acfr_2023.xsd#acfr_OPEBPlansLineItems" xlink:type="locator"/>
    <link:definitionArc xlink:arcrole="http://xbrl.org/int/dim/arcrole/all" xlink:type="arc" xlink:from="ns13_OPEBPlansLineItems" xlink:to="ns13_OPEBPlansTable" order="1" xbrldt:contextElement="segment"/>
    <link:loc xlink:label="ns13_DeferredOutflowsOfResourcesOPEB" xlink:href="../../elts/acfr_2023.xsd#acfr_DeferredOutflowsOfResourcesOPEB" xlink:type="locator"/>
    <link:definitionArc xlink:arcrole="http://xbrl.org/int/dim/arcrole/domain-member" xlink:type="arc" xlink:from="ns13_OPEBPlansLineItems" xlink:to="ns13_DeferredOutflowsOfResourcesOPEB" order="1"/>
    <link:loc xlink:label="ns13_NetOPEBLiability" xlink:href="../../elts/acfr_2023.xsd#acfr_NetOPEBLiability" xlink:type="locator"/>
    <link:definitionArc xlink:arcrole="http://xbrl.org/int/dim/arcrole/domain-member" xlink:type="arc" xlink:from="ns13_OPEBPlansLineItems" xlink:to="ns13_NetOPEBLiability" order="2"/>
    <link:loc xlink:label="ns13_DeferredInflowsOfResourcesOPEB" xlink:href="../../elts/acfr_2023.xsd#acfr_DeferredInflowsOfResourcesOPEB" xlink:type="locator"/>
    <link:definitionArc xlink:arcrole="http://xbrl.org/int/dim/arcrole/domain-member" xlink:type="arc" xlink:from="ns13_OPEBPlansLineItems" xlink:to="ns13_DeferredInflowsOfResourcesOPEB" order="3"/>
    <link:loc xlink:label="ns13_OPEBExpense" xlink:href="../../elts/acfr_2023.xsd#acfr_OPEBExpense" xlink:type="locator"/>
    <link:definitionArc xlink:arcrole="http://xbrl.org/int/dim/arcrole/domain-member" xlink:type="arc" xlink:from="ns13_OPEBPlansLineItems" xlink:to="ns13_OPEBExpense" order="4"/>
  </link:definitionLink>
</link:linkbase>
