<link:linkbase xmlns:link="http://www.xbrl.org/2003/linkbase" xmlns:xlink="http://www.w3.org/1999/xlink" xmlns:xsi="http://www.w3.org/2001/XMLSchema-instance" xsi:schemaLocation="http://www.xbrl.org/2003/linkbase http://www.xbrl.org/2003/xbrl-linkbase-2003-12-31.xsd">
  <link:roleRef roleURI="https://taxonomies.xbrl.us/grip/singleaudit/roles/SingleAuditScheduleFindingsAndQuestionedCosts" xlink:href="InformationAboutFindingsandQuestionedCosts_2023.xsd#SingleAuditScheduleFindingsAndQuestionedCosts" xlink:type="simple"/>
  <link:presentationLink xlink:role="https://taxonomies.xbrl.us/grip/singleaudit/roles/SingleAuditScheduleFindingsAndQuestionedCosts" xlink:type="extended">
    <link:loc xlink:label="ns11_InformationAboutFindingsandQuestionedCostsAbstract" xlink:href="../../elts/singleaudit_2023.xsd#sap_InformationAboutFindingsandQuestionedCostsAbstract" xlink:type="locator"/>
    <link:loc xlink:label="ns11_FinancialStatementsAbstract" xlink:href="../../elts/singleaudit_2023.xsd#sap_FinancialStatementsAbstract" xlink:type="locator"/>
    <link:presentationArc xlink:arcrole="http://www.xbrl.org/2003/arcrole/parent-child" xlink:type="arc" xlink:from="ns11_InformationAboutFindingsandQuestionedCostsAbstract" xlink:to="ns11_FinancialStatementsAbstract" order="1"/>
    <link:loc xlink:label="ns11_SpecialPurposeFrameworkAbstract" xlink:href="../../elts/singleaudit_2023.xsd#sap_SpecialPurposeFrameworkAbstract" xlink:type="locator"/>
    <link:loc xlink:label="ns11_OpinionSpecialPurposeFrameworkDisclaimer" xlink:href="../../elts/singleaudit_2023.xsd#sap_OpinionSpecialPurposeFrameworkDisclaimer" xlink:type="locator"/>
    <link:presentationArc xlink:arcrole="http://www.xbrl.org/2003/arcrole/parent-child" xlink:type="arc" xlink:from="ns11_SpecialPurposeFrameworkAbstract" xlink:to="ns11_OpinionSpecialPurposeFrameworkDisclaimer" order="6"/>
    <link:loc xlink:label="ns11_OtherFinancialStatementAuditorsResultsAbstract" xlink:href="../../elts/singleaudit_2023.xsd#sap_OtherFinancialStatementAuditorsResultsAbstract" xlink:type="locator"/>
    <link:presentationArc xlink:arcrole="http://www.xbrl.org/2003/arcrole/parent-child" xlink:type="arc" xlink:from="ns11_FinancialStatementsAbstract" xlink:to="ns11_OtherFinancialStatementAuditorsResultsAbstract" order="2"/>
    <link:loc xlink:label="ns11_OpinionSpecialPurposeFrameworkUnmodified" xlink:href="../../elts/singleaudit_2023.xsd#sap_OpinionSpecialPurposeFrameworkUnmodified" xlink:type="locator"/>
    <link:presentationArc xlink:arcrole="http://www.xbrl.org/2003/arcrole/parent-child" xlink:type="arc" xlink:from="ns11_SpecialPurposeFrameworkAbstract" xlink:to="ns11_OpinionSpecialPurposeFrameworkUnmodified" order="3"/>
    <link:loc xlink:label="ns11_OtherFederalAwardsAuditorsResultsAbstract" xlink:href="../../elts/singleaudit_2023.xsd#sap_OtherFederalAwardsAuditorsResultsAbstract" xlink:type="locator"/>
    <link:loc xlink:label="ns11_GRMLegalEntityAuditPriorAuditFindingsIndicator" xlink:href="../../elts/singleaudit_2023.xsd#sap_GRMLegalEntityAuditPriorAuditFindingsIndicator" xlink:type="locator"/>
    <link:presentationArc xlink:arcrole="http://www.xbrl.org/2003/arcrole/parent-child" xlink:type="arc" xlink:from="ns11_OtherFederalAwardsAuditorsResultsAbstract" xlink:to="ns11_GRMLegalEntityAuditPriorAuditFindingsIndicator" order="4"/>
    <link:loc xlink:label="ns11_SpecialPurposeFrameworkAbstract_1" xlink:href="../../elts/singleaudit_2023.xsd#sap_SpecialPurposeFrameworkAbstract" xlink:type="locator"/>
    <link:presentationArc xlink:arcrole="http://www.xbrl.org/2003/arcrole/parent-child" xlink:type="arc" xlink:from="ns11_FinancialStatementsAbstract" xlink:to="ns11_SpecialPurposeFrameworkAbstract_1" order="3"/>
    <link:loc xlink:label="ns11_FederalAwardsAndMajorProgramsAbstract" xlink:href="../../elts/singleaudit_2023.xsd#sap_FederalAwardsAndMajorProgramsAbstract" xlink:type="locator"/>
    <link:loc xlink:label="ns11_OtherFederalAwardsAuditorsResultsAbstract_1" xlink:href="../../elts/singleaudit_2023.xsd#sap_OtherFederalAwardsAuditorsResultsAbstract" xlink:type="locator"/>
    <link:presentationArc xlink:arcrole="http://www.xbrl.org/2003/arcrole/parent-child" xlink:type="arc" xlink:from="ns11_FederalAwardsAndMajorProgramsAbstract" xlink:to="ns11_OtherFederalAwardsAuditorsResultsAbstract_1" order="1"/>
    <link:loc xlink:label="ns11_SpecialPurposeFramework" xlink:href="../../elts/singleaudit_2023.xsd#sap_SpecialPurposeFramework" xlink:type="locator"/>
    <link:presentationArc xlink:arcrole="http://www.xbrl.org/2003/arcrole/parent-child" xlink:type="arc" xlink:from="ns11_SpecialPurposeFrameworkAbstract" xlink:to="ns11_SpecialPurposeFramework" order="1"/>
    <link:loc xlink:label="ns11_FindingsAndQuestionedCostsRelatedToFederalAwards" xlink:href="../../elts/singleaudit_2023.xsd#sap_FindingsAndQuestionedCostsRelatedToFederalAwards" xlink:type="locator"/>
    <link:presentationArc xlink:arcrole="http://www.xbrl.org/2003/arcrole/parent-child" xlink:type="arc" xlink:from="ns11_OtherFederalAwardsAuditorsResultsAbstract" xlink:to="ns11_FindingsAndQuestionedCostsRelatedToFederalAwards" order="8"/>
    <link:loc xlink:label="ns11_OpinionSpecialPurposeFrameworkAdverse" xlink:href="../../elts/singleaudit_2023.xsd#sap_OpinionSpecialPurposeFrameworkAdverse" xlink:type="locator"/>
    <link:presentationArc xlink:arcrole="http://www.xbrl.org/2003/arcrole/parent-child" xlink:type="arc" xlink:from="ns11_SpecialPurposeFrameworkAbstract" xlink:to="ns11_OpinionSpecialPurposeFrameworkAdverse" order="5"/>
    <link:loc xlink:label="ns11_AuditorOpinionFederalAwardsAbstract" xlink:href="../../elts/singleaudit_2023.xsd#sap_AuditorOpinionFederalAwardsAbstract" xlink:type="locator"/>
    <link:loc xlink:label="ns11_AuditorOpinionFederalAwardsQualified" xlink:href="../../elts/singleaudit_2023.xsd#sap_AuditorOpinionFederalAwardsQualified" xlink:type="locator"/>
    <link:presentationArc xlink:arcrole="http://www.xbrl.org/2003/arcrole/parent-child" xlink:type="arc" xlink:from="ns11_AuditorOpinionFederalAwardsAbstract" xlink:to="ns11_AuditorOpinionFederalAwardsQualified" order="2"/>
    <link:loc xlink:label="ns11_SummarySchedulePriorAuditFindingsRequiredReported" xlink:href="../../elts/singleaudit_2023.xsd#sap_SummarySchedulePriorAuditFindingsRequiredReported" xlink:type="locator"/>
    <link:presentationArc xlink:arcrole="http://www.xbrl.org/2003/arcrole/parent-child" xlink:type="arc" xlink:from="ns11_InformationAboutFindingsandQuestionedCostsAbstract" xlink:to="ns11_SummarySchedulePriorAuditFindingsRequiredReported" order="3"/>
    <link:loc xlink:label="ns11_AuditorOpinionFinancialStatementsAbstract" xlink:href="../../elts/singleaudit_2023.xsd#sap_AuditorOpinionFinancialStatementsAbstract" xlink:type="locator"/>
    <link:presentationArc xlink:arcrole="http://www.xbrl.org/2003/arcrole/parent-child" xlink:type="arc" xlink:from="ns11_FinancialStatementsAbstract" xlink:to="ns11_AuditorOpinionFinancialStatementsAbstract" order="1"/>
    <link:loc xlink:label="ns11_GrantAwardProgramTypeATypeBThresholdAmount" xlink:href="../../elts/singleaudit_2023.xsd#sap_GrantAwardProgramTypeATypeBThresholdAmount" xlink:type="locator"/>
    <link:presentationArc xlink:arcrole="http://www.xbrl.org/2003/arcrole/parent-child" xlink:type="arc" xlink:from="ns11_OtherFederalAwardsAuditorsResultsAbstract" xlink:to="ns11_GrantAwardProgramTypeATypeBThresholdAmount" order="6"/>
    <link:loc xlink:label="ns11_MaterialNoncomplianceFinancialStatements" xlink:href="../../elts/singleaudit_2023.xsd#sap_MaterialNoncomplianceFinancialStatements" xlink:type="locator"/>
    <link:presentationArc xlink:arcrole="http://www.xbrl.org/2003/arcrole/parent-child" xlink:type="arc" xlink:from="ns11_OtherFinancialStatementAuditorsResultsAbstract" xlink:to="ns11_MaterialNoncomplianceFinancialStatements" order="3"/>
    <link:loc xlink:label="ns11_AuditorOpinionFinancialStatementsDisclaimer" xlink:href="../../elts/singleaudit_2023.xsd#sap_AuditorOpinionFinancialStatementsDisclaimer" xlink:type="locator"/>
    <link:presentationArc xlink:arcrole="http://www.xbrl.org/2003/arcrole/parent-child" xlink:type="arc" xlink:from="ns11_AuditorOpinionFinancialStatementsAbstract" xlink:to="ns11_AuditorOpinionFinancialStatementsDisclaimer" order="2"/>
    <link:loc xlink:label="ns11_InternalControlMaterialWeaknessFinancialStatements" xlink:href="../../elts/singleaudit_2023.xsd#sap_InternalControlMaterialWeaknessFinancialStatements" xlink:type="locator"/>
    <link:presentationArc xlink:arcrole="http://www.xbrl.org/2003/arcrole/parent-child" xlink:type="arc" xlink:from="ns11_OtherFinancialStatementAuditorsResultsAbstract" xlink:to="ns11_InternalControlMaterialWeaknessFinancialStatements" order="2"/>
    <link:loc xlink:label="ns11_AuditorOpinionFederalAwardsAbstract_1" xlink:href="../../elts/singleaudit_2023.xsd#sap_AuditorOpinionFederalAwardsAbstract" xlink:type="locator"/>
    <link:presentationArc xlink:arcrole="http://www.xbrl.org/2003/arcrole/parent-child" xlink:type="arc" xlink:from="ns11_FederalAwardsAndMajorProgramsAbstract" xlink:to="ns11_AuditorOpinionFederalAwardsAbstract_1" order="2"/>
    <link:loc xlink:label="ns11_AuditorOpinionFinancialStatementsQualified" xlink:href="../../elts/singleaudit_2023.xsd#sap_AuditorOpinionFinancialStatementsQualified" xlink:type="locator"/>
    <link:presentationArc xlink:arcrole="http://www.xbrl.org/2003/arcrole/parent-child" xlink:type="arc" xlink:from="ns11_AuditorOpinionFinancialStatementsAbstract" xlink:to="ns11_AuditorOpinionFinancialStatementsQualified" order="4"/>
    <link:loc xlink:label="ns11_GoingConcernFinancialStressParagraph" xlink:href="../../elts/singleaudit_2023.xsd#sap_GoingConcernFinancialStressParagraph" xlink:type="locator"/>
    <link:presentationArc xlink:arcrole="http://www.xbrl.org/2003/arcrole/parent-child" xlink:type="arc" xlink:from="ns11_OtherFinancialStatementAuditorsResultsAbstract" xlink:to="ns11_GoingConcernFinancialStressParagraph" order="4"/>
    <link:loc xlink:label="ns11_AuditorOpinionFederalAwardsAdverse" xlink:href="../../elts/singleaudit_2023.xsd#sap_AuditorOpinionFederalAwardsAdverse" xlink:type="locator"/>
    <link:presentationArc xlink:arcrole="http://www.xbrl.org/2003/arcrole/parent-child" xlink:type="arc" xlink:from="ns11_AuditorOpinionFederalAwardsAbstract" xlink:to="ns11_AuditorOpinionFederalAwardsAdverse" order="1"/>
    <link:loc xlink:label="ns11_InternalControlMaterialWeaknessFederalAwardsDisclosed" xlink:href="../../elts/singleaudit_2023.xsd#sap_InternalControlMaterialWeaknessFederalAwardsDisclosed" xlink:type="locator"/>
    <link:presentationArc xlink:arcrole="http://www.xbrl.org/2003/arcrole/parent-child" xlink:type="arc" xlink:from="ns11_OtherFederalAwardsAuditorsResultsAbstract" xlink:to="ns11_InternalControlMaterialWeaknessFederalAwardsDisclosed" order="2"/>
    <link:loc xlink:label="ns11_AuditorOpinionFinancialStatementsAdverse" xlink:href="../../elts/singleaudit_2023.xsd#sap_AuditorOpinionFinancialStatementsAdverse" xlink:type="locator"/>
    <link:presentationArc xlink:arcrole="http://www.xbrl.org/2003/arcrole/parent-child" xlink:type="arc" xlink:from="ns11_AuditorOpinionFinancialStatementsAbstract" xlink:to="ns11_AuditorOpinionFinancialStatementsAdverse" order="1"/>
    <link:loc xlink:label="ns11_FindingsRelatedToFinancialStatementsInAccordanceWithGovernmentAuditingStandards" xlink:href="../../elts/singleaudit_2023.xsd#sap_FindingsRelatedToFinancialStatementsInAccordanceWithGovernmentAuditingStandards" xlink:type="locator"/>
    <link:presentationArc xlink:arcrole="http://www.xbrl.org/2003/arcrole/parent-child" xlink:type="arc" xlink:from="ns11_OtherFinancialStatementAuditorsResultsAbstract" xlink:to="ns11_FindingsRelatedToFinancialStatementsInAccordanceWithGovernmentAuditingStandards" order="5"/>
    <link:loc xlink:label="ns11_AuditorOpinionFederalAwardsUnmodified" xlink:href="../../elts/singleaudit_2023.xsd#sap_AuditorOpinionFederalAwardsUnmodified" xlink:type="locator"/>
    <link:presentationArc xlink:arcrole="http://www.xbrl.org/2003/arcrole/parent-child" xlink:type="arc" xlink:from="ns11_AuditorOpinionFederalAwardsAbstract" xlink:to="ns11_AuditorOpinionFederalAwardsUnmodified" order="3"/>
    <link:loc xlink:label="ns11_SpecialPurposeFrameworkRequired" xlink:href="../../elts/singleaudit_2023.xsd#sap_SpecialPurposeFrameworkRequired" xlink:type="locator"/>
    <link:presentationArc xlink:arcrole="http://www.xbrl.org/2003/arcrole/parent-child" xlink:type="arc" xlink:from="ns11_SpecialPurposeFrameworkAbstract" xlink:to="ns11_SpecialPurposeFrameworkRequired" order="2"/>
    <link:loc xlink:label="ns11_AuditorOpinionFederalAwardsDisclaimer" xlink:href="../../elts/singleaudit_2023.xsd#sap_AuditorOpinionFederalAwardsDisclaimer" xlink:type="locator"/>
    <link:presentationArc xlink:arcrole="http://www.xbrl.org/2003/arcrole/parent-child" xlink:type="arc" xlink:from="ns11_AuditorOpinionFederalAwardsAbstract" xlink:to="ns11_AuditorOpinionFederalAwardsDisclaimer" order="4"/>
    <link:loc xlink:label="ns11_FederalAwardsAndMajorProgramsAbstract_1" xlink:href="../../elts/singleaudit_2023.xsd#sap_FederalAwardsAndMajorProgramsAbstract" xlink:type="locator"/>
    <link:presentationArc xlink:arcrole="http://www.xbrl.org/2003/arcrole/parent-child" xlink:type="arc" xlink:from="ns11_InformationAboutFindingsandQuestionedCostsAbstract" xlink:to="ns11_FederalAwardsAndMajorProgramsAbstract_1" order="2"/>
    <link:loc xlink:label="ns11_OpinionSpecialPurposeFrameworkQualified" xlink:href="../../elts/singleaudit_2023.xsd#sap_OpinionSpecialPurposeFrameworkQualified" xlink:type="locator"/>
    <link:presentationArc xlink:arcrole="http://www.xbrl.org/2003/arcrole/parent-child" xlink:type="arc" xlink:from="ns11_SpecialPurposeFrameworkAbstract" xlink:to="ns11_OpinionSpecialPurposeFrameworkQualified" order="4"/>
    <link:loc xlink:label="ns11_FederalAgencyPriorAuditFindings" xlink:href="../../elts/singleaudit_2023.xsd#sap_FederalAgencyPriorAuditFindings" xlink:type="locator"/>
    <link:presentationArc xlink:arcrole="http://www.xbrl.org/2003/arcrole/parent-child" xlink:type="arc" xlink:from="ns11_OtherFederalAwardsAuditorsResultsAbstract" xlink:to="ns11_FederalAgencyPriorAuditFindings" order="5"/>
    <link:loc xlink:label="ns11_InternalControlSignificantDeficiencyFederalAwardsDisclosed" xlink:href="../../elts/singleaudit_2023.xsd#sap_InternalControlSignificantDeficiencyFederalAwardsDisclosed" xlink:type="locator"/>
    <link:presentationArc xlink:arcrole="http://www.xbrl.org/2003/arcrole/parent-child" xlink:type="arc" xlink:from="ns11_OtherFederalAwardsAuditorsResultsAbstract" xlink:to="ns11_InternalControlSignificantDeficiencyFederalAwardsDisclosed" order="1"/>
    <link:loc xlink:label="ns11_AuditorOpinionFinancialStatementsNotUSGAAP" xlink:href="../../elts/singleaudit_2023.xsd#sap_AuditorOpinionFinancialStatementsNotUSGAAP" xlink:type="locator"/>
    <link:presentationArc xlink:arcrole="http://www.xbrl.org/2003/arcrole/parent-child" xlink:type="arc" xlink:from="ns11_AuditorOpinionFinancialStatementsAbstract" xlink:to="ns11_AuditorOpinionFinancialStatementsNotUSGAAP" order="3"/>
    <link:loc xlink:label="ns11_GRMLegalEntityLowRiskIndicator" xlink:href="../../elts/singleaudit_2023.xsd#sap_GRMLegalEntityLowRiskIndicator" xlink:type="locator"/>
    <link:presentationArc xlink:arcrole="http://www.xbrl.org/2003/arcrole/parent-child" xlink:type="arc" xlink:from="ns11_OtherFederalAwardsAuditorsResultsAbstract" xlink:to="ns11_GRMLegalEntityLowRiskIndicator" order="7"/>
    <link:loc xlink:label="ns11_AuditorOpinionFinancialStatementsUnmodified" xlink:href="../../elts/singleaudit_2023.xsd#sap_AuditorOpinionFinancialStatementsUnmodified" xlink:type="locator"/>
    <link:presentationArc xlink:arcrole="http://www.xbrl.org/2003/arcrole/parent-child" xlink:type="arc" xlink:from="ns11_AuditorOpinionFinancialStatementsAbstract" xlink:to="ns11_AuditorOpinionFinancialStatementsUnmodified" order="5"/>
    <link:loc xlink:label="ns11_InternalControlSignificantDeficiencyFinancialStatements" xlink:href="../../elts/singleaudit_2023.xsd#sap_InternalControlSignificantDeficiencyFinancialStatements" xlink:type="locator"/>
    <link:presentationArc xlink:arcrole="http://www.xbrl.org/2003/arcrole/parent-child" xlink:type="arc" xlink:from="ns11_OtherFinancialStatementAuditorsResultsAbstract" xlink:to="ns11_InternalControlSignificantDeficiencyFinancialStatements" order="1"/>
    <link:loc xlink:label="ns11_AuditFindingDisclosureRequiredAccordanceUniformGuidance" xlink:href="../../elts/singleaudit_2023.xsd#sap_AuditFindingDisclosureRequiredAccordanceUniformGuidance" xlink:type="locator"/>
    <link:presentationArc xlink:arcrole="http://www.xbrl.org/2003/arcrole/parent-child" xlink:type="arc" xlink:from="ns11_OtherFederalAwardsAuditorsResultsAbstract" xlink:to="ns11_AuditFindingDisclosureRequiredAccordanceUniformGuidance" order="3"/>
  </link:presentationLink>
</link:linkbase>
