<link:linkbase xmlns:link="http://www.xbrl.org/2003/linkbase" xmlns:xlink="http://www.w3.org/1999/xlink" xmlns:xsi="http://www.w3.org/2001/XMLSchema-instance" xsi:schemaLocation="http://www.xbrl.org/2003/linkbase http://www.xbrl.org/2003/xbrl-linkbase-2003-12-31.xsd">
  <link:roleRef roleURI="https://taxonomies.xbrl.us/grip/grants/roles/GrantsManagementApplicationBudgetCategories" xlink:href="ApplicationForFederalAssistanceBudgetCategories_2023.xsd#GrantsManagementApplicationBudgetCategories" xlink:type="simple"/>
  <link:presentationLink xlink:role="https://taxonomies.xbrl.us/grip/grants/roles/GrantsManagementApplicationBudgetCategories" xlink:type="extended">
    <link:loc xlink:label="ns2_ApplicationForFederalAssistanceBudgetCategoriesAbstract" xlink:href="../../elts/grants_2023.xsd#sap_ApplicationForFederalAssistanceBudgetCategoriesAbstract" xlink:type="locator"/>
    <link:loc xlink:label="ns2_ApplicationForFederalAssistanceTable" xlink:href="../../elts/grants_2023.xsd#sap_ApplicationForFederalAssistanceTable" xlink:type="locator"/>
    <link:presentationArc xlink:arcrole="http://www.xbrl.org/2003/arcrole/parent-child" xlink:type="arc" xlink:from="ns2_ApplicationForFederalAssistanceBudgetCategoriesAbstract" xlink:to="ns2_ApplicationForFederalAssistanceTable" order="1"/>
    <link:loc xlink:label="ns2_ApplicationForFederalAssistanceLineItems" xlink:href="../../elts/grants_2023.xsd#sap_ApplicationForFederalAssistanceLineItems" xlink:type="locator"/>
    <link:loc xlink:label="ns2_FundsRequiredForSupplies" xlink:href="../../elts/grants_2023.xsd#sap_FundsRequiredForSupplies" xlink:type="locator"/>
    <link:presentationArc xlink:arcrole="http://www.xbrl.org/2003/arcrole/parent-child" xlink:type="arc" xlink:from="ns2_ApplicationForFederalAssistanceLineItems" xlink:to="ns2_FundsRequiredForSupplies" order="5"/>
    <link:loc xlink:label="ns2_ApplicationForFederalAssistanceLineItems_1" xlink:href="../../elts/grants_2023.xsd#sap_ApplicationForFederalAssistanceLineItems" xlink:type="locator"/>
    <link:presentationArc xlink:arcrole="http://www.xbrl.org/2003/arcrole/parent-child" xlink:type="arc" xlink:from="ns2_ApplicationForFederalAssistanceTable" xlink:to="ns2_ApplicationForFederalAssistanceLineItems_1" order="2"/>
    <link:loc xlink:label="ns2_FundsRequiredForEquipment" xlink:href="../../elts/grants_2023.xsd#sap_FundsRequiredForEquipment" xlink:type="locator"/>
    <link:presentationArc xlink:arcrole="http://www.xbrl.org/2003/arcrole/parent-child" xlink:type="arc" xlink:from="ns2_ApplicationForFederalAssistanceLineItems" xlink:to="ns2_FundsRequiredForEquipment" order="4"/>
    <link:loc xlink:label="ns2_FundsRequiredForOtherCosts" xlink:href="../../elts/grants_2023.xsd#sap_FundsRequiredForOtherCosts" xlink:type="locator"/>
    <link:presentationArc xlink:arcrole="http://www.xbrl.org/2003/arcrole/parent-child" xlink:type="arc" xlink:from="ns2_ApplicationForFederalAssistanceLineItems" xlink:to="ns2_FundsRequiredForOtherCosts" order="8"/>
    <link:loc xlink:label="ns2_FundsRequiredForTravel" xlink:href="../../elts/grants_2023.xsd#sap_FundsRequiredForTravel" xlink:type="locator"/>
    <link:presentationArc xlink:arcrole="http://www.xbrl.org/2003/arcrole/parent-child" xlink:type="arc" xlink:from="ns2_ApplicationForFederalAssistanceLineItems" xlink:to="ns2_FundsRequiredForTravel" order="3"/>
    <link:loc xlink:label="ns2_FundsRequiredForDirectAndIndirectDirectCharges" xlink:href="../../elts/grants_2023.xsd#sap_FundsRequiredForDirectAndIndirectDirectCharges" xlink:type="locator"/>
    <link:presentationArc xlink:arcrole="http://www.xbrl.org/2003/arcrole/parent-child" xlink:type="arc" xlink:from="ns2_ApplicationForFederalAssistanceLineItems" xlink:to="ns2_FundsRequiredForDirectAndIndirectDirectCharges" order="11"/>
    <link:loc xlink:label="ns2_FundsRequiredForDirectCharges" xlink:href="../../elts/grants_2023.xsd#sap_FundsRequiredForDirectCharges" xlink:type="locator"/>
    <link:presentationArc xlink:arcrole="http://www.xbrl.org/2003/arcrole/parent-child" xlink:type="arc" xlink:from="ns2_ApplicationForFederalAssistanceLineItems" xlink:to="ns2_FundsRequiredForDirectCharges" order="9"/>
    <link:loc xlink:label="ns2_FundsRequiredForConstruction" xlink:href="../../elts/grants_2023.xsd#sap_FundsRequiredForConstruction" xlink:type="locator"/>
    <link:presentationArc xlink:arcrole="http://www.xbrl.org/2003/arcrole/parent-child" xlink:type="arc" xlink:from="ns2_ApplicationForFederalAssistanceLineItems" xlink:to="ns2_FundsRequiredForConstruction" order="7"/>
    <link:loc xlink:label="ns2_ProgramIncome" xlink:href="../../elts/grants_2023.xsd#sap_ProgramIncome" xlink:type="locator"/>
    <link:presentationArc xlink:arcrole="http://www.xbrl.org/2003/arcrole/parent-child" xlink:type="arc" xlink:from="ns2_ApplicationForFederalAssistanceLineItems" xlink:to="ns2_ProgramIncome" order="12"/>
    <link:loc xlink:label="ns2_FundsRequiredForIndirectDirectCharges" xlink:href="../../elts/grants_2023.xsd#sap_FundsRequiredForIndirectDirectCharges" xlink:type="locator"/>
    <link:presentationArc xlink:arcrole="http://www.xbrl.org/2003/arcrole/parent-child" xlink:type="arc" xlink:from="ns2_ApplicationForFederalAssistanceLineItems" xlink:to="ns2_FundsRequiredForIndirectDirectCharges" order="10"/>
    <link:loc xlink:label="ns2_FundsRequiredForContractualCosts" xlink:href="../../elts/grants_2023.xsd#sap_FundsRequiredForContractualCosts" xlink:type="locator"/>
    <link:presentationArc xlink:arcrole="http://www.xbrl.org/2003/arcrole/parent-child" xlink:type="arc" xlink:from="ns2_ApplicationForFederalAssistanceLineItems" xlink:to="ns2_FundsRequiredForContractualCosts" order="6"/>
    <link:loc xlink:label="ns2_FundsRequiredForFringeBenefits" xlink:href="../../elts/grants_2023.xsd#sap_FundsRequiredForFringeBenefits" xlink:type="locator"/>
    <link:presentationArc xlink:arcrole="http://www.xbrl.org/2003/arcrole/parent-child" xlink:type="arc" xlink:from="ns2_ApplicationForFederalAssistanceLineItems" xlink:to="ns2_FundsRequiredForFringeBenefits" order="2"/>
    <link:loc xlink:label="ns2_FundsRequiredForPersonnel" xlink:href="../../elts/grants_2023.xsd#sap_FundsRequiredForPersonnel" xlink:type="locator"/>
    <link:presentationArc xlink:arcrole="http://www.xbrl.org/2003/arcrole/parent-child" xlink:type="arc" xlink:from="ns2_ApplicationForFederalAssistanceLineItems" xlink:to="ns2_FundsRequiredForPersonnel" order="1"/>
    <link:loc xlink:label="ns2_FederalProgramIdentifierAxis" xlink:href="../../elts/grants_2023.xsd#sap_FederalProgramIdentifierAxis" xlink:type="locator"/>
    <link:presentationArc xlink:arcrole="http://www.xbrl.org/2003/arcrole/parent-child" xlink:type="arc" xlink:from="ns2_ApplicationForFederalAssistanceTable" xlink:to="ns2_FederalProgramIdentifierAxis" order="1"/>
  </link:presentationLink>
</link:linkbase>
