<link:linkbase xmlns:link="http://www.xbrl.org/2003/linkbase" xmlns:xlink="http://www.w3.org/1999/xlink" xmlns:xsi="http://www.w3.org/2001/XMLSchema-instance" xsi:schemaLocation="http://www.xbrl.org/2003/linkbase http://www.xbrl.org/2003/xbrl-linkbase-2003-12-31.xsd">
  <link:roleRef roleURI="https://taxonomies.xbrl.us/grip/acfr/roles/DisclosuresCapitalAssetsNet" xlink:href="DisclosuresCapitalAssetsNet_2023.xsd#DisclosuresCapitalAssetsNet" xlink:type="simple"/>
  <link:presentationLink xlink:role="https://taxonomies.xbrl.us/grip/acfr/roles/DisclosuresCapitalAssetsNet" xlink:type="extended">
    <link:loc xlink:label="ns13_DisclosuresCapitalAssetsNetAbstract" xlink:href="../../elts/acfr_2023.xsd#acfr_DisclosuresCapitalAssetsNetAbstract" xlink:type="locator"/>
    <link:loc xlink:label="ns13_MachineryAndEquipmentNetOfAccumulatedDepreciation" xlink:href="../../elts/acfr_2023.xsd#acfr_MachineryAndEquipmentNetOfAccumulatedDepreciation" xlink:type="locator"/>
    <link:presentationArc xlink:arcrole="http://www.xbrl.org/2003/arcrole/parent-child" xlink:type="arc" xlink:from="ns13_DisclosuresCapitalAssetsNetAbstract" xlink:to="ns13_MachineryAndEquipmentNetOfAccumulatedDepreciation" order="10"/>
    <link:loc xlink:label="ns13_VehiclesNetOfAccumulatedDepreciation" xlink:href="../../elts/acfr_2023.xsd#acfr_VehiclesNetOfAccumulatedDepreciation" xlink:type="locator"/>
    <link:presentationArc xlink:arcrole="http://www.xbrl.org/2003/arcrole/parent-child" xlink:type="arc" xlink:from="ns13_DisclosuresCapitalAssetsNetAbstract" xlink:to="ns13_VehiclesNetOfAccumulatedDepreciation" order="13"/>
    <link:loc xlink:label="ns13_OfficeEquipmentAndFurnitureNetOfAccumulatedDepreciation" xlink:href="../../elts/acfr_2023.xsd#acfr_OfficeEquipmentAndFurnitureNetOfAccumulatedDepreciation" xlink:type="locator"/>
    <link:presentationArc xlink:arcrole="http://www.xbrl.org/2003/arcrole/parent-child" xlink:type="arc" xlink:from="ns13_DisclosuresCapitalAssetsNetAbstract" xlink:to="ns13_OfficeEquipmentAndFurnitureNetOfAccumulatedDepreciation" order="9"/>
    <link:loc xlink:label="ns13_MainsAndConnectionsNetOfAccumulatedDepreciation" xlink:href="../../elts/acfr_2023.xsd#acfr_MainsAndConnectionsNetOfAccumulatedDepreciation" xlink:type="locator"/>
    <link:presentationArc xlink:arcrole="http://www.xbrl.org/2003/arcrole/parent-child" xlink:type="arc" xlink:from="ns13_DisclosuresCapitalAssetsNetAbstract" xlink:to="ns13_MainsAndConnectionsNetOfAccumulatedDepreciation" order="19"/>
    <link:loc xlink:label="ns13_ImprovementsOtherThanBuildingsNetOfAccumulatedDepreciation" xlink:href="../../elts/acfr_2023.xsd#acfr_ImprovementsOtherThanBuildingsNetOfAccumulatedDepreciation" xlink:type="locator"/>
    <link:presentationArc xlink:arcrole="http://www.xbrl.org/2003/arcrole/parent-child" xlink:type="arc" xlink:from="ns13_DisclosuresCapitalAssetsNetAbstract" xlink:to="ns13_ImprovementsOtherThanBuildingsNetOfAccumulatedDepreciation" order="3"/>
    <link:loc xlink:label="ns13_InfrastructureNetOfAccumulatedDepreciation" xlink:href="../../elts/acfr_2023.xsd#acfr_InfrastructureNetOfAccumulatedDepreciation" xlink:type="locator"/>
    <link:presentationArc xlink:arcrole="http://www.xbrl.org/2003/arcrole/parent-child" xlink:type="arc" xlink:from="ns13_DisclosuresCapitalAssetsNetAbstract" xlink:to="ns13_InfrastructureNetOfAccumulatedDepreciation" order="25"/>
    <link:loc xlink:label="ns13_ComputerSoftwareNetOfAmortization" xlink:href="../../elts/acfr_2023.xsd#acfr_ComputerSoftwareNetOfAmortization" xlink:type="locator"/>
    <link:presentationArc xlink:arcrole="http://www.xbrl.org/2003/arcrole/parent-child" xlink:type="arc" xlink:from="ns13_DisclosuresCapitalAssetsNetAbstract" xlink:to="ns13_ComputerSoftwareNetOfAmortization" order="27"/>
    <link:loc xlink:label="ns13_OtherFireSupportEquipmentNetOfAccumulatedDepreciation" xlink:href="../../elts/acfr_2023.xsd#acfr_OtherFireSupportEquipmentNetOfAccumulatedDepreciation" xlink:type="locator"/>
    <link:presentationArc xlink:arcrole="http://www.xbrl.org/2003/arcrole/parent-child" xlink:type="arc" xlink:from="ns13_DisclosuresCapitalAssetsNetAbstract" xlink:to="ns13_OtherFireSupportEquipmentNetOfAccumulatedDepreciation" order="15"/>
    <link:loc xlink:label="ns13_RoadEquipmentNetOfAccumulatedDepreciation" xlink:href="../../elts/acfr_2023.xsd#acfr_RoadEquipmentNetOfAccumulatedDepreciation" xlink:type="locator"/>
    <link:presentationArc xlink:arcrole="http://www.xbrl.org/2003/arcrole/parent-child" xlink:type="arc" xlink:from="ns13_DisclosuresCapitalAssetsNetAbstract" xlink:to="ns13_RoadEquipmentNetOfAccumulatedDepreciation" order="5"/>
    <link:loc xlink:label="ns13_SewerSystemNetOfAccumulatedDepreciation" xlink:href="../../elts/acfr_2023.xsd#acfr_SewerSystemNetOfAccumulatedDepreciation" xlink:type="locator"/>
    <link:presentationArc xlink:arcrole="http://www.xbrl.org/2003/arcrole/parent-child" xlink:type="arc" xlink:from="ns13_DisclosuresCapitalAssetsNetAbstract" xlink:to="ns13_SewerSystemNetOfAccumulatedDepreciation" order="24"/>
    <link:loc xlink:label="ns13_TrademarksNetOfAmortization" xlink:href="../../elts/acfr_2023.xsd#acfr_TrademarksNetOfAmortization" xlink:type="locator"/>
    <link:presentationArc xlink:arcrole="http://www.xbrl.org/2003/arcrole/parent-child" xlink:type="arc" xlink:from="ns13_DisclosuresCapitalAssetsNetAbstract" xlink:to="ns13_TrademarksNetOfAmortization" order="29"/>
    <link:loc xlink:label="ns13_DepletableAssetsNetOfAccumulatedDepreciation" xlink:href="../../elts/acfr_2023.xsd#acfr_DepletableAssetsNetOfAccumulatedDepreciation" xlink:type="locator"/>
    <link:presentationArc xlink:arcrole="http://www.xbrl.org/2003/arcrole/parent-child" xlink:type="arc" xlink:from="ns13_DisclosuresCapitalAssetsNetAbstract" xlink:to="ns13_DepletableAssetsNetOfAccumulatedDepreciation" order="17"/>
    <link:loc xlink:label="ns13_ParksAndRecreationNetOfAccumulatedDepreciation" xlink:href="../../elts/acfr_2023.xsd#acfr_ParksAndRecreationNetOfAccumulatedDepreciation" xlink:type="locator"/>
    <link:presentationArc xlink:arcrole="http://www.xbrl.org/2003/arcrole/parent-child" xlink:type="arc" xlink:from="ns13_DisclosuresCapitalAssetsNetAbstract" xlink:to="ns13_ParksAndRecreationNetOfAccumulatedDepreciation" order="20"/>
    <link:loc xlink:label="ns13_MetersNetOfAccumulatedDepreciation" xlink:href="../../elts/acfr_2023.xsd#acfr_MetersNetOfAccumulatedDepreciation" xlink:type="locator"/>
    <link:presentationArc xlink:arcrole="http://www.xbrl.org/2003/arcrole/parent-child" xlink:type="arc" xlink:from="ns13_DisclosuresCapitalAssetsNetAbstract" xlink:to="ns13_MetersNetOfAccumulatedDepreciation" order="22"/>
    <link:loc xlink:label="ns13_CapitalAssetsNetOfAccumulatedDepreciationAndAmortization" xlink:href="../../elts/acfr_2023.xsd#acfr_CapitalAssetsNetOfAccumulatedDepreciationAndAmortization" xlink:type="locator"/>
    <link:presentationArc xlink:arcrole="http://www.xbrl.org/2003/arcrole/parent-child" xlink:type="arc" xlink:from="ns13_DisclosuresCapitalAssetsNetAbstract" xlink:to="ns13_CapitalAssetsNetOfAccumulatedDepreciationAndAmortization" order="31" preferredLabel="http://www.xbrl.org/2003/role/label"/>
    <link:loc xlink:label="ns13_BuildingsAndEquipmentNetOfAccumulatedDepreciation" xlink:href="../../elts/acfr_2023.xsd#acfr_BuildingsAndEquipmentNetOfAccumulatedDepreciation" xlink:type="locator"/>
    <link:presentationArc xlink:arcrole="http://www.xbrl.org/2003/arcrole/parent-child" xlink:type="arc" xlink:from="ns13_DisclosuresCapitalAssetsNetAbstract" xlink:to="ns13_BuildingsAndEquipmentNetOfAccumulatedDepreciation" order="12"/>
    <link:loc xlink:label="ns13_LeaseholdImprovementsNetOfAccumulatedDepreciation" xlink:href="../../elts/acfr_2023.xsd#acfr_LeaseholdImprovementsNetOfAccumulatedDepreciation" xlink:type="locator"/>
    <link:presentationArc xlink:arcrole="http://www.xbrl.org/2003/arcrole/parent-child" xlink:type="arc" xlink:from="ns13_DisclosuresCapitalAssetsNetAbstract" xlink:to="ns13_LeaseholdImprovementsNetOfAccumulatedDepreciation" order="2"/>
    <link:loc xlink:label="ns13_EquipmentNetOfAccumulatedDepreciation" xlink:href="../../elts/acfr_2023.xsd#acfr_EquipmentNetOfAccumulatedDepreciation" xlink:type="locator"/>
    <link:presentationArc xlink:arcrole="http://www.xbrl.org/2003/arcrole/parent-child" xlink:type="arc" xlink:from="ns13_DisclosuresCapitalAssetsNetAbstract" xlink:to="ns13_EquipmentNetOfAccumulatedDepreciation" order="11"/>
    <link:loc xlink:label="ns13_YardAndStorageEquipmentNetOfAccumulatedDepreciation" xlink:href="../../elts/acfr_2023.xsd#acfr_YardAndStorageEquipmentNetOfAccumulatedDepreciation" xlink:type="locator"/>
    <link:presentationArc xlink:arcrole="http://www.xbrl.org/2003/arcrole/parent-child" xlink:type="arc" xlink:from="ns13_DisclosuresCapitalAssetsNetAbstract" xlink:to="ns13_YardAndStorageEquipmentNetOfAccumulatedDepreciation" order="8"/>
    <link:loc xlink:label="ns13_FireApparatusAmbulancesAndOtherVehiclesNetOfAccumulatedDepreciation" xlink:href="../../elts/acfr_2023.xsd#acfr_FireApparatusAmbulancesAndOtherVehiclesNetOfAccumulatedDepreciation" xlink:type="locator"/>
    <link:presentationArc xlink:arcrole="http://www.xbrl.org/2003/arcrole/parent-child" xlink:type="arc" xlink:from="ns13_DisclosuresCapitalAssetsNetAbstract" xlink:to="ns13_FireApparatusAmbulancesAndOtherVehiclesNetOfAccumulatedDepreciation" order="14"/>
    <link:loc xlink:label="ns13_BuildingsAndImprovementsNetOfAccumulatedDepreciation" xlink:href="../../elts/acfr_2023.xsd#acfr_BuildingsAndImprovementsNetOfAccumulatedDepreciation" xlink:type="locator"/>
    <link:presentationArc xlink:arcrole="http://www.xbrl.org/2003/arcrole/parent-child" xlink:type="arc" xlink:from="ns13_DisclosuresCapitalAssetsNetAbstract" xlink:to="ns13_BuildingsAndImprovementsNetOfAccumulatedDepreciation" order="4"/>
    <link:loc xlink:label="ns13_EngineeringEquipmentNetOfAccumulatedDepreciation" xlink:href="../../elts/acfr_2023.xsd#acfr_EngineeringEquipmentNetOfAccumulatedDepreciation" xlink:type="locator"/>
    <link:presentationArc xlink:arcrole="http://www.xbrl.org/2003/arcrole/parent-child" xlink:type="arc" xlink:from="ns13_DisclosuresCapitalAssetsNetAbstract" xlink:to="ns13_EngineeringEquipmentNetOfAccumulatedDepreciation" order="7"/>
    <link:loc xlink:label="ns13_LandImprovementsNetOfAccumulatedDepreciation" xlink:href="../../elts/acfr_2023.xsd#acfr_LandImprovementsNetOfAccumulatedDepreciation" xlink:type="locator"/>
    <link:presentationArc xlink:arcrole="http://www.xbrl.org/2003/arcrole/parent-child" xlink:type="arc" xlink:from="ns13_DisclosuresCapitalAssetsNetAbstract" xlink:to="ns13_LandImprovementsNetOfAccumulatedDepreciation" order="26"/>
    <link:loc xlink:label="ns13_BuildingsNetOfAccumulatedDepreciation" xlink:href="../../elts/acfr_2023.xsd#acfr_BuildingsNetOfAccumulatedDepreciation" xlink:type="locator"/>
    <link:presentationArc xlink:arcrole="http://www.xbrl.org/2003/arcrole/parent-child" xlink:type="arc" xlink:from="ns13_DisclosuresCapitalAssetsNetAbstract" xlink:to="ns13_BuildingsNetOfAccumulatedDepreciation" order="1"/>
    <link:loc xlink:label="ns13_BooksAndRelatedMaterialsNetOfAccumulatedDepreciation" xlink:href="../../elts/acfr_2023.xsd#acfr_BooksAndRelatedMaterialsNetOfAccumulatedDepreciation" xlink:type="locator"/>
    <link:presentationArc xlink:arcrole="http://www.xbrl.org/2003/arcrole/parent-child" xlink:type="arc" xlink:from="ns13_DisclosuresCapitalAssetsNetAbstract" xlink:to="ns13_BooksAndRelatedMaterialsNetOfAccumulatedDepreciation" order="16"/>
    <link:loc xlink:label="ns13_PatentsNetOfAmortization" xlink:href="../../elts/acfr_2023.xsd#acfr_PatentsNetOfAmortization" xlink:type="locator"/>
    <link:presentationArc xlink:arcrole="http://www.xbrl.org/2003/arcrole/parent-child" xlink:type="arc" xlink:from="ns13_DisclosuresCapitalAssetsNetAbstract" xlink:to="ns13_PatentsNetOfAmortization" order="28"/>
    <link:loc xlink:label="ns13_ShopEquipmentNetOfAccumulatedDepreciation" xlink:href="../../elts/acfr_2023.xsd#acfr_ShopEquipmentNetOfAccumulatedDepreciation" xlink:type="locator"/>
    <link:presentationArc xlink:arcrole="http://www.xbrl.org/2003/arcrole/parent-child" xlink:type="arc" xlink:from="ns13_DisclosuresCapitalAssetsNetAbstract" xlink:to="ns13_ShopEquipmentNetOfAccumulatedDepreciation" order="6"/>
    <link:loc xlink:label="ns13_StreetsAndHighwaysNetOfAccumulatedDepreciation" xlink:href="../../elts/acfr_2023.xsd#acfr_StreetsAndHighwaysNetOfAccumulatedDepreciation" xlink:type="locator"/>
    <link:presentationArc xlink:arcrole="http://www.xbrl.org/2003/arcrole/parent-child" xlink:type="arc" xlink:from="ns13_DisclosuresCapitalAssetsNetAbstract" xlink:to="ns13_StreetsAndHighwaysNetOfAccumulatedDepreciation" order="18"/>
    <link:loc xlink:label="ns13_WaterSystemsNetOfAccumulatedDepreciation" xlink:href="../../elts/acfr_2023.xsd#acfr_WaterSystemsNetOfAccumulatedDepreciation" xlink:type="locator"/>
    <link:presentationArc xlink:arcrole="http://www.xbrl.org/2003/arcrole/parent-child" xlink:type="arc" xlink:from="ns13_DisclosuresCapitalAssetsNetAbstract" xlink:to="ns13_WaterSystemsNetOfAccumulatedDepreciation" order="23"/>
    <link:loc xlink:label="ns13_LeaseAssetsRightOfUseNetOfAmortization" xlink:href="../../elts/acfr_2023.xsd#acfr_LeaseAssetsRightOfUseNetOfAmortization" xlink:type="locator"/>
    <link:presentationArc xlink:arcrole="http://www.xbrl.org/2003/arcrole/parent-child" xlink:type="arc" xlink:from="ns13_DisclosuresCapitalAssetsNetAbstract" xlink:to="ns13_LeaseAssetsRightOfUseNetOfAmortization" order="30"/>
    <link:loc xlink:label="ns13_UtilityNetOfAccumulatedDepreciation" xlink:href="../../elts/acfr_2023.xsd#acfr_UtilityNetOfAccumulatedDepreciation" xlink:type="locator"/>
    <link:presentationArc xlink:arcrole="http://www.xbrl.org/2003/arcrole/parent-child" xlink:type="arc" xlink:from="ns13_DisclosuresCapitalAssetsNetAbstract" xlink:to="ns13_UtilityNetOfAccumulatedDepreciation" order="21"/>
  </link:presentationLink>
</link:linkbase>
