<link:linkbase xmlns:link="http://www.xbrl.org/2003/linkbase" xmlns:xlink="http://www.w3.org/1999/xlink" xmlns:xsi="http://www.w3.org/2001/XMLSchema-instance" xsi:schemaLocation="http://www.xbrl.org/2003/linkbase http://www.xbrl.org/2003/xbrl-linkbase-2003-12-31.xsd">
  <link:roleRef roleURI="https://taxonomies.xbrl.us/grip/singleaudit/roles/SingleAuditClusterTotals" xlink:href="ClusterTotals_2023.xsd#SingleAuditClusterTotals" xlink:type="simple"/>
  <link:presentationLink xlink:role="https://taxonomies.xbrl.us/grip/singleaudit/roles/SingleAuditClusterTotals" xlink:type="extended">
    <link:loc xlink:label="ns11_ClusterAxis" xlink:href="../../elts/singleaudit_2023.xsd#sap_ClusterAxis" xlink:type="locator"/>
    <link:loc xlink:label="ns11_HopeVIClusterMember" xlink:href="../../elts/singleaudit_2023.xsd#sap_HopeVIClusterMember" xlink:type="locator"/>
    <link:presentationArc xlink:arcrole="http://www.xbrl.org/2003/arcrole/parent-child" xlink:type="arc" xlink:from="ns11_ClusterAxis" xlink:to="ns11_HopeVIClusterMember" order="22"/>
    <link:loc xlink:label="ns11_FoodDistributionClusterMember" xlink:href="../../elts/singleaudit_2023.xsd#sap_FoodDistributionClusterMember" xlink:type="locator"/>
    <link:presentationArc xlink:arcrole="http://www.xbrl.org/2003/arcrole/parent-child" xlink:type="arc" xlink:from="ns11_ClusterAxis" xlink:to="ns11_FoodDistributionClusterMember" order="15"/>
    <link:loc xlink:label="ns11_ClusterTotalsTable" xlink:href="../../elts/singleaudit_2023.xsd#sap_ClusterTotalsTable" xlink:type="locator"/>
    <link:loc xlink:label="ns11_ClusterLineItems" xlink:href="../../elts/singleaudit_2023.xsd#sap_ClusterLineItems" xlink:type="locator"/>
    <link:presentationArc xlink:arcrole="http://www.xbrl.org/2003/arcrole/parent-child" xlink:type="arc" xlink:from="ns11_ClusterTotalsTable" xlink:to="ns11_ClusterLineItems" order="2"/>
    <link:loc xlink:label="ns11_ProgramOrAwardAmount" xlink:href="../../elts/singleaudit_2023.xsd#sap_ProgramOrAwardAmount" xlink:type="locator"/>
    <link:presentationArc xlink:arcrole="http://www.xbrl.org/2003/arcrole/parent-child" xlink:type="arc" xlink:from="ns11_ClusterLineItems" xlink:to="ns11_ProgramOrAwardAmount" order="3"/>
    <link:loc xlink:label="ns11_SpecialEducationClusterMember" xlink:href="../../elts/singleaudit_2023.xsd#sap_SpecialEducationClusterMember" xlink:type="locator"/>
    <link:presentationArc xlink:arcrole="http://www.xbrl.org/2003/arcrole/parent-child" xlink:type="arc" xlink:from="ns11_ClusterAxis" xlink:to="ns11_SpecialEducationClusterMember" order="33"/>
    <link:loc xlink:label="ns11_WaterAndWasteProgramClusterMember" xlink:href="../../elts/singleaudit_2023.xsd#sap_WaterAndWasteProgramClusterMember" xlink:type="locator"/>
    <link:presentationArc xlink:arcrole="http://www.xbrl.org/2003/arcrole/parent-child" xlink:type="arc" xlink:from="ns11_ClusterAxis" xlink:to="ns11_WaterAndWasteProgramClusterMember" order="40"/>
    <link:loc xlink:label="ns11_PassThroughAmount" xlink:href="../../elts/singleaudit_2023.xsd#sap_PassThroughAmount" xlink:type="locator"/>
    <link:presentationArc xlink:arcrole="http://www.xbrl.org/2003/arcrole/parent-child" xlink:type="arc" xlink:from="ns11_ClusterLineItems" xlink:to="ns11_PassThroughAmount" order="2"/>
    <link:loc xlink:label="ns11_MedicaidClusterMember" xlink:href="../../elts/singleaudit_2023.xsd#sap_MedicaidClusterMember" xlink:type="locator"/>
    <link:presentationArc xlink:arcrole="http://www.xbrl.org/2003/arcrole/parent-child" xlink:type="arc" xlink:from="ns11_ClusterAxis" xlink:to="ns11_MedicaidClusterMember" order="26"/>
    <link:loc xlink:label="ns11_HealthCenterProgramClusterMember" xlink:href="../../elts/singleaudit_2023.xsd#sap_HealthCenterProgramClusterMember" xlink:type="locator"/>
    <link:presentationArc xlink:arcrole="http://www.xbrl.org/2003/arcrole/parent-child" xlink:type="arc" xlink:from="ns11_ClusterAxis" xlink:to="ns11_HealthCenterProgramClusterMember" order="19"/>
    <link:loc xlink:label="ns11_AmountExpended" xlink:href="../../elts/singleaudit_2023.xsd#sap_AmountExpended" xlink:type="locator"/>
    <link:presentationArc xlink:arcrole="http://www.xbrl.org/2003/arcrole/parent-child" xlink:type="arc" xlink:from="ns11_ClusterLineItems" xlink:to="ns11_AmountExpended" order="1"/>
    <link:loc xlink:label="ns11_EmploymentServiceClusterMember" xlink:href="../../elts/singleaudit_2023.xsd#sap_EmploymentServiceClusterMember" xlink:type="locator"/>
    <link:presentationArc xlink:arcrole="http://www.xbrl.org/2003/arcrole/parent-child" xlink:type="arc" xlink:from="ns11_ClusterAxis" xlink:to="ns11_EmploymentServiceClusterMember" order="12"/>
    <link:loc xlink:label="ns11_CDBGDisasterRecoverGrantsPublLNo1132ClusterMember" xlink:href="../../elts/singleaudit_2023.xsd#sap_CDBGDisasterRecoverGrantsPublLNo1132ClusterMember" xlink:type="locator"/>
    <link:presentationArc xlink:arcrole="http://www.xbrl.org/2003/arcrole/parent-child" xlink:type="arc" xlink:from="ns11_ClusterAxis" xlink:to="ns11_CDBGDisasterRecoverGrantsPublLNo1132ClusterMember" order="5"/>
    <link:loc xlink:label="ns11_ClusterTotalsAbstract" xlink:href="../../elts/singleaudit_2023.xsd#sap_ClusterTotalsAbstract" xlink:type="locator"/>
    <link:loc xlink:label="ns11_ClusterTotalsTable_1" xlink:href="../../elts/singleaudit_2023.xsd#sap_ClusterTotalsTable" xlink:type="locator"/>
    <link:presentationArc xlink:arcrole="http://www.xbrl.org/2003/arcrole/parent-child" xlink:type="arc" xlink:from="ns11_ClusterTotalsAbstract" xlink:to="ns11_ClusterTotalsTable_1" order="1"/>
    <link:loc xlink:label="ns11_TransitServicesProgramsClusterMember" xlink:href="../../elts/singleaudit_2023.xsd#sap_TransitServicesProgramsClusterMember" xlink:type="locator"/>
    <link:presentationArc xlink:arcrole="http://www.xbrl.org/2003/arcrole/parent-child" xlink:type="arc" xlink:from="ns11_ClusterAxis" xlink:to="ns11_TransitServicesProgramsClusterMember" order="37"/>
    <link:loc xlink:label="ns11_Cluster477Member" xlink:href="../../elts/singleaudit_2023.xsd#sap_Cluster477Member" xlink:type="locator"/>
    <link:presentationArc xlink:arcrole="http://www.xbrl.org/2003/arcrole/parent-child" xlink:type="arc" xlink:from="ns11_ClusterAxis" xlink:to="ns11_Cluster477Member" order="8"/>
    <link:loc xlink:label="ns11_AgingClusterMember" xlink:href="../../elts/singleaudit_2023.xsd#sap_AgingClusterMember" xlink:type="locator"/>
    <link:presentationArc xlink:arcrole="http://www.xbrl.org/2003/arcrole/parent-child" xlink:type="arc" xlink:from="ns11_ClusterAxis" xlink:to="ns11_AgingClusterMember" order="2"/>
    <link:loc xlink:label="ns11_SchoolImprovementGrantsClusterMember" xlink:href="../../elts/singleaudit_2023.xsd#sap_SchoolImprovementGrantsClusterMember" xlink:type="locator"/>
    <link:presentationArc xlink:arcrole="http://www.xbrl.org/2003/arcrole/parent-child" xlink:type="arc" xlink:from="ns11_ClusterAxis" xlink:to="ns11_SchoolImprovementGrantsClusterMember" order="30"/>
    <link:loc xlink:label="ns11_HousingVoucherClusterMember" xlink:href="../../elts/singleaudit_2023.xsd#sap_HousingVoucherClusterMember" xlink:type="locator"/>
    <link:presentationArc xlink:arcrole="http://www.xbrl.org/2003/arcrole/parent-child" xlink:type="arc" xlink:from="ns11_ClusterAxis" xlink:to="ns11_HousingVoucherClusterMember" order="23"/>
    <link:loc xlink:label="ns11_ForeignFoodAndDonationClusterMember" xlink:href="../../elts/singleaudit_2023.xsd#sap_ForeignFoodAndDonationClusterMember" xlink:type="locator"/>
    <link:presentationArc xlink:arcrole="http://www.xbrl.org/2003/arcrole/parent-child" xlink:type="arc" xlink:from="ns11_ClusterAxis" xlink:to="ns11_ForeignFoodAndDonationClusterMember" order="16"/>
    <link:loc xlink:label="ns11_TrioClusterMember" xlink:href="../../elts/singleaudit_2023.xsd#sap_TrioClusterMember" xlink:type="locator"/>
    <link:presentationArc xlink:arcrole="http://www.xbrl.org/2003/arcrole/parent-child" xlink:type="arc" xlink:from="ns11_ClusterAxis" xlink:to="ns11_TrioClusterMember" order="38"/>
    <link:loc xlink:label="ns11_StateClusterMember" xlink:href="../../elts/singleaudit_2023.xsd#sap_StateClusterMember" xlink:type="locator"/>
    <link:presentationArc xlink:arcrole="http://www.xbrl.org/2003/arcrole/parent-child" xlink:type="arc" xlink:from="ns11_ClusterAxis" xlink:to="ns11_StateClusterMember" order="34"/>
    <link:loc xlink:label="ns11_Miscellaneous99Member" xlink:href="../../elts/singleaudit_2023.xsd#sap_Miscellaneous99Member" xlink:type="locator"/>
    <link:presentationArc xlink:arcrole="http://www.xbrl.org/2003/arcrole/parent-child" xlink:type="arc" xlink:from="ns11_ClusterAxis" xlink:to="ns11_Miscellaneous99Member" order="27"/>
    <link:loc xlink:label="ns11_HighwayPlanningAndConstructionClusterMember" xlink:href="../../elts/singleaudit_2023.xsd#sap_HighwayPlanningAndConstructionClusterMember" xlink:type="locator"/>
    <link:presentationArc xlink:arcrole="http://www.xbrl.org/2003/arcrole/parent-child" xlink:type="arc" xlink:from="ns11_ClusterAxis" xlink:to="ns11_HighwayPlanningAndConstructionClusterMember" order="20"/>
    <link:loc xlink:label="ns11_CDBGEntitlementGrantsClusterMember" xlink:href="../../elts/singleaudit_2023.xsd#sap_CDBGEntitlementGrantsClusterMember" xlink:type="locator"/>
    <link:presentationArc xlink:arcrole="http://www.xbrl.org/2003/arcrole/parent-child" xlink:type="arc" xlink:from="ns11_ClusterAxis" xlink:to="ns11_CDBGEntitlementGrantsClusterMember" order="6"/>
    <link:loc xlink:label="ns11_ClusterAxis_1" xlink:href="../../elts/singleaudit_2023.xsd#sap_ClusterAxis" xlink:type="locator"/>
    <link:presentationArc xlink:arcrole="http://www.xbrl.org/2003/arcrole/parent-child" xlink:type="arc" xlink:from="ns11_ClusterTotalsTable" xlink:to="ns11_ClusterAxis_1" order="1"/>
    <link:loc xlink:label="ns11_CleanWaterStateRevolvingFundClusterMember" xlink:href="../../elts/singleaudit_2023.xsd#sap_CleanWaterStateRevolvingFundClusterMember" xlink:type="locator"/>
    <link:presentationArc xlink:arcrole="http://www.xbrl.org/2003/arcrole/parent-child" xlink:type="arc" xlink:from="ns11_ClusterAxis" xlink:to="ns11_CleanWaterStateRevolvingFundClusterMember" order="9"/>
    <link:loc xlink:label="ns11_FederalTransitClusterMember" xlink:href="../../elts/singleaudit_2023.xsd#sap_FederalTransitClusterMember" xlink:type="locator"/>
    <link:presentationArc xlink:arcrole="http://www.xbrl.org/2003/arcrole/parent-child" xlink:type="arc" xlink:from="ns11_ClusterAxis" xlink:to="ns11_FederalTransitClusterMember" order="13"/>
    <link:loc xlink:label="ns11_Section8ProjectBasedClusterMember" xlink:href="../../elts/singleaudit_2023.xsd#sap_Section8ProjectBasedClusterMember" xlink:type="locator"/>
    <link:presentationArc xlink:arcrole="http://www.xbrl.org/2003/arcrole/parent-child" xlink:type="arc" xlink:from="ns11_ClusterAxis" xlink:to="ns11_Section8ProjectBasedClusterMember" order="31"/>
    <link:loc xlink:label="ns11_HurricaneSAndyReliefClusterMember" xlink:href="../../elts/singleaudit_2023.xsd#sap_HurricaneSAndyReliefClusterMember" xlink:type="locator"/>
    <link:presentationArc xlink:arcrole="http://www.xbrl.org/2003/arcrole/parent-child" xlink:type="arc" xlink:from="ns11_ClusterAxis" xlink:to="ns11_HurricaneSAndyReliefClusterMember" order="24"/>
    <link:loc xlink:label="ns11_CCDFClusterMember" xlink:href="../../elts/singleaudit_2023.xsd#sap_CCDFClusterMember" xlink:type="locator"/>
    <link:presentationArc xlink:arcrole="http://www.xbrl.org/2003/arcrole/parent-child" xlink:type="arc" xlink:from="ns11_ClusterAxis" xlink:to="ns11_CCDFClusterMember" order="3"/>
    <link:loc xlink:label="ns11_ForestServiceSchoolsAndRoadsClusterMember" xlink:href="../../elts/singleaudit_2023.xsd#sap_ForestServiceSchoolsAndRoadsClusterMember" xlink:type="locator"/>
    <link:presentationArc xlink:arcrole="http://www.xbrl.org/2003/arcrole/parent-child" xlink:type="arc" xlink:from="ns11_ClusterAxis" xlink:to="ns11_ForestServiceSchoolsAndRoadsClusterMember" order="17"/>
    <link:loc xlink:label="ns11_CommunityFacilitiesLoansAndGrantsClusterMember" xlink:href="../../elts/singleaudit_2023.xsd#sap_CommunityFacilitiesLoansAndGrantsClusterMember" xlink:type="locator"/>
    <link:presentationArc xlink:arcrole="http://www.xbrl.org/2003/arcrole/parent-child" xlink:type="arc" xlink:from="ns11_ClusterAxis" xlink:to="ns11_CommunityFacilitiesLoansAndGrantsClusterMember" order="10"/>
    <link:loc xlink:label="ns11_DirectAmountExpended" xlink:href="../../elts/singleaudit_2023.xsd#sap_DirectAmountExpended" xlink:type="locator"/>
    <link:presentationArc xlink:arcrole="http://www.xbrl.org/2003/arcrole/parent-child" xlink:type="arc" xlink:from="ns11_ClusterLineItems" xlink:to="ns11_DirectAmountExpended" order="4"/>
    <link:loc xlink:label="ns11_StudentFinancialAssistanceClusterMember" xlink:href="../../elts/singleaudit_2023.xsd#sap_StudentFinancialAssistanceClusterMember" xlink:type="locator"/>
    <link:presentationArc xlink:arcrole="http://www.xbrl.org/2003/arcrole/parent-child" xlink:type="arc" xlink:from="ns11_ClusterAxis" xlink:to="ns11_StudentFinancialAssistanceClusterMember" order="35"/>
    <link:loc xlink:label="ns11_ClusterDomain" xlink:href="../../elts/singleaudit_2023.xsd#sap_ClusterDomain" xlink:type="locator"/>
    <link:presentationArc xlink:arcrole="http://www.xbrl.org/2003/arcrole/parent-child" xlink:type="arc" xlink:from="ns11_ClusterAxis" xlink:to="ns11_ClusterDomain" order="1"/>
    <link:loc xlink:label="ns11_OtherClusterMember" xlink:href="../../elts/singleaudit_2023.xsd#sap_OtherClusterMember" xlink:type="locator"/>
    <link:presentationArc xlink:arcrole="http://www.xbrl.org/2003/arcrole/parent-child" xlink:type="arc" xlink:from="ns11_ClusterAxis" xlink:to="ns11_OtherClusterMember" order="28"/>
    <link:loc xlink:label="ns11_HighwaySafetyClusterMember" xlink:href="../../elts/singleaudit_2023.xsd#sap_HighwaySafetyClusterMember" xlink:type="locator"/>
    <link:presentationArc xlink:arcrole="http://www.xbrl.org/2003/arcrole/parent-child" xlink:type="arc" xlink:from="ns11_ClusterAxis" xlink:to="ns11_HighwaySafetyClusterMember" order="21"/>
    <link:loc xlink:label="ns11_ChildNutritionClusterMember" xlink:href="../../elts/singleaudit_2023.xsd#sap_ChildNutritionClusterMember" xlink:type="locator"/>
    <link:presentationArc xlink:arcrole="http://www.xbrl.org/2003/arcrole/parent-child" xlink:type="arc" xlink:from="ns11_ClusterAxis" xlink:to="ns11_ChildNutritionClusterMember" order="7"/>
    <link:loc xlink:label="ns11_FishAndWildlifeClusterMember" xlink:href="../../elts/singleaudit_2023.xsd#sap_FishAndWildlifeClusterMember" xlink:type="locator"/>
    <link:presentationArc xlink:arcrole="http://www.xbrl.org/2003/arcrole/parent-child" xlink:type="arc" xlink:from="ns11_ClusterAxis" xlink:to="ns11_FishAndWildlifeClusterMember" order="14"/>
    <link:loc xlink:label="ns11_SnapClusterMember" xlink:href="../../elts/singleaudit_2023.xsd#sap_SnapClusterMember" xlink:type="locator"/>
    <link:presentationArc xlink:arcrole="http://www.xbrl.org/2003/arcrole/parent-child" xlink:type="arc" xlink:from="ns11_ClusterAxis" xlink:to="ns11_SnapClusterMember" order="32"/>
    <link:loc xlink:label="ns11_WIOAClusterMember" xlink:href="../../elts/singleaudit_2023.xsd#sap_WIOAClusterMember" xlink:type="locator"/>
    <link:presentationArc xlink:arcrole="http://www.xbrl.org/2003/arcrole/parent-child" xlink:type="arc" xlink:from="ns11_ClusterAxis" xlink:to="ns11_WIOAClusterMember" order="39"/>
    <link:loc xlink:label="ns11_MaterialInfantAndEarlyChildhoodHomeVisitingClusterMember" xlink:href="../../elts/singleaudit_2023.xsd#sap_MaterialInfantAndEarlyChildhoodHomeVisitingClusterMember" xlink:type="locator"/>
    <link:presentationArc xlink:arcrole="http://www.xbrl.org/2003/arcrole/parent-child" xlink:type="arc" xlink:from="ns11_ClusterAxis" xlink:to="ns11_MaterialInfantAndEarlyChildhoodHomeVisitingClusterMember" order="25"/>
    <link:loc xlink:label="ns11_FosterGrAndparentSeniorCompanionClusterMember" xlink:href="../../elts/singleaudit_2023.xsd#sap_FosterGrAndparentSeniorCompanionClusterMember" xlink:type="locator"/>
    <link:presentationArc xlink:arcrole="http://www.xbrl.org/2003/arcrole/parent-child" xlink:type="arc" xlink:from="ns11_ClusterAxis" xlink:to="ns11_FosterGrAndparentSeniorCompanionClusterMember" order="18"/>
    <link:loc xlink:label="ns11_CDFIClusterMember" xlink:href="../../elts/singleaudit_2023.xsd#sap_CDFIClusterMember" xlink:type="locator"/>
    <link:presentationArc xlink:arcrole="http://www.xbrl.org/2003/arcrole/parent-child" xlink:type="arc" xlink:from="ns11_ClusterAxis" xlink:to="ns11_CDFIClusterMember" order="4"/>
    <link:loc xlink:label="ns11_EconomicDevelopmentClusterMember" xlink:href="../../elts/singleaudit_2023.xsd#sap_EconomicDevelopmentClusterMember" xlink:type="locator"/>
    <link:presentationArc xlink:arcrole="http://www.xbrl.org/2003/arcrole/parent-child" xlink:type="arc" xlink:from="ns11_ClusterAxis" xlink:to="ns11_EconomicDevelopmentClusterMember" order="11"/>
    <link:loc xlink:label="ns11_TANFClusterMember" xlink:href="../../elts/singleaudit_2023.xsd#sap_TANFClusterMember" xlink:type="locator"/>
    <link:presentationArc xlink:arcrole="http://www.xbrl.org/2003/arcrole/parent-child" xlink:type="arc" xlink:from="ns11_ClusterAxis" xlink:to="ns11_TANFClusterMember" order="36"/>
    <link:loc xlink:label="ns11_ResearchAndDevelopmentClusterMember" xlink:href="../../elts/singleaudit_2023.xsd#sap_ResearchAndDevelopmentClusterMember" xlink:type="locator"/>
    <link:presentationArc xlink:arcrole="http://www.xbrl.org/2003/arcrole/parent-child" xlink:type="arc" xlink:from="ns11_ClusterAxis" xlink:to="ns11_ResearchAndDevelopmentClusterMember" order="29"/>
  </link:presentationLink>
</link:linkbase>
