<!--
c 2024 XBRL US, Inc.
Notice: Authorized Uses are Set Forth at https://xbrl.us/acfr_legal
 -->
<link:linkbase xmlns:link="http://www.xbrl.org/2003/linkbase" xmlns:xlink="http://www.w3.org/1999/xlink" xmlns:xsi="http://www.w3.org/2001/XMLSchema-instance" xsi:schemaLocation="http://www.xbrl.org/2003/linkbase http://www.xbrl.org/2003/xbrl-linkbase-2003-12-31.xsd">
  <link:labelLink xlink:role="http://www.xbrl.org/2003/role/link" xlink:type="extended">
    <link:loc xlink:label="ns16_AnnualLocalUnitFiscalReportFormF65MichiganAbstract" xlink:href="MI_2023.xsd#acfr_AnnualLocalUnitFiscalReportFormF65MichiganAbstract" xlink:type="locator"/>
    <link:labelArc xlink:arcrole="http://www.xbrl.org/2003/arcrole/concept-label" xlink:type="arc" xlink:from="ns16_AnnualLocalUnitFiscalReportFormF65MichiganAbstract" xlink:to="lbl_lab_ns16_AnnualLocalUnitFiscalReportFormF65MichiganAbstract"/>
    <link:label xlink:role="http://www.xbrl.org/2003/role/documentation" xlink:type="resource" xlink:label="lbl_lab_ns16_AnnualLocalUnitFiscalReportFormF65MichiganAbstract" xml:lang="en-US">Information on the Michigan Form F65.</link:label>
    <link:loc xlink:label="ns16_Form5572MichiganAbstract" xlink:href="MI_2023.xsd#acfr_Form5572MichiganAbstract" xlink:type="locator"/>
    <link:labelArc xlink:arcrole="http://www.xbrl.org/2003/arcrole/concept-label" xlink:type="arc" xlink:from="ns16_Form5572MichiganAbstract" xlink:to="lbl_lab_ns16_Form5572MichiganAbstract"/>
    <link:label xlink:role="http://www.xbrl.org/2003/role/documentation" xlink:type="resource" xlink:label="lbl_lab_ns16_Form5572MichiganAbstract" xml:lang="en-US">Information contained on Michigan Form 5572.</link:label>
  </link:labelLink>
</link:linkbase>
