<!--
c 2024 XBRL US, Inc.
Notice: Authorized Uses are Set Forth at https://xbrl.us/acfr_legal
 -->
<link:linkbase xmlns:link="http://www.xbrl.org/2003/linkbase" xmlns:xlink="http://www.w3.org/1999/xlink" xmlns:xsi="http://www.w3.org/2001/XMLSchema-instance" xsi:schemaLocation="http://www.xbrl.org/2003/linkbase http://www.xbrl.org/2003/xbrl-linkbase-2003-12-31.xsd">
  <link:roleRef roleURI="https://taxonomies.xbrl.us/grip/singleaudit/roles/SingleAuditFederalAgencyTotals" xlink:href="FederalAwardingAgencyTotals_2023.xsd#SingleAuditFederalAgencyTotals" xlink:type="simple"/>
  <link:presentationLink xlink:role="https://taxonomies.xbrl.us/grip/singleaudit/roles/SingleAuditFederalAgencyTotals" xlink:type="extended">
    <link:loc xlink:label="ns11_FederalAwardingAgencyTotalsAbstract" xlink:href="../../elts/singleaudit_2023.xsd#sap_FederalAwardingAgencyTotalsAbstract" xlink:type="locator"/>
    <link:loc xlink:label="ns11_FederalAwardingAgencyTotalsTable" xlink:href="../../elts/singleaudit_2023.xsd#sap_FederalAwardingAgencyTotalsTable" xlink:type="locator"/>
    <link:presentationArc xlink:arcrole="http://www.xbrl.org/2003/arcrole/parent-child" xlink:type="arc" xlink:from="ns11_FederalAwardingAgencyTotalsAbstract" xlink:to="ns11_FederalAwardingAgencyTotalsTable" order="1"/>
    <link:loc xlink:label="ns11_FederalAwardingAgencyDomain" xlink:href="../../elts/singleaudit_2023.xsd#sap_FederalAwardingAgencyDomain" xlink:type="locator"/>
    <link:loc xlink:label="ns11_NationalScienceFoundation47Member" xlink:href="../../elts/singleaudit_2023.xsd#sap_NationalScienceFoundation47Member" xlink:type="locator"/>
    <link:presentationArc xlink:arcrole="http://www.xbrl.org/2003/arcrole/parent-child" xlink:type="arc" xlink:from="ns11_FederalAwardingAgencyDomain" xlink:to="ns11_NationalScienceFoundation47Member" order="48"/>
    <link:loc xlink:label="ns11_TennesseeValleyAuthority62Member" xlink:href="../../elts/singleaudit_2023.xsd#sap_TennesseeValleyAuthority62Member" xlink:type="locator"/>
    <link:presentationArc xlink:arcrole="http://www.xbrl.org/2003/arcrole/parent-child" xlink:type="arc" xlink:from="ns11_FederalAwardingAgencyDomain" xlink:to="ns11_TennesseeValleyAuthority62Member" order="61"/>
    <link:loc xlink:label="ns11_PensionBenefitGuarantyCorporation86Member" xlink:href="../../elts/singleaudit_2023.xsd#sap_PensionBenefitGuarantyCorporation86Member" xlink:type="locator"/>
    <link:presentationArc xlink:arcrole="http://www.xbrl.org/2003/arcrole/parent-child" xlink:type="arc" xlink:from="ns11_FederalAwardingAgencyDomain" xlink:to="ns11_PensionBenefitGuarantyCorporation86Member" order="54"/>
    <link:loc xlink:label="ns11_LibraryOfCongress42Member" xlink:href="../../elts/singleaudit_2023.xsd#sap_LibraryOfCongress42Member" xlink:type="locator"/>
    <link:presentationArc xlink:arcrole="http://www.xbrl.org/2003/arcrole/parent-child" xlink:type="arc" xlink:from="ns11_FederalAwardingAgencyDomain" xlink:to="ns11_LibraryOfCongress42Member" order="40"/>
    <link:loc xlink:label="ns11_NationalLaborRelationsBoard46Member" xlink:href="../../elts/singleaudit_2023.xsd#sap_NationalLaborRelationsBoard46Member" xlink:type="locator"/>
    <link:presentationArc xlink:arcrole="http://www.xbrl.org/2003/arcrole/parent-child" xlink:type="arc" xlink:from="ns11_FederalAwardingAgencyDomain" xlink:to="ns11_NationalLaborRelationsBoard46Member" order="47"/>
    <link:loc xlink:label="ns11_FederalTradeCommission36Member" xlink:href="../../elts/singleaudit_2023.xsd#sap_FederalTradeCommission36Member" xlink:type="locator"/>
    <link:presentationArc xlink:arcrole="http://www.xbrl.org/2003/arcrole/parent-child" xlink:type="arc" xlink:from="ns11_FederalAwardingAgencyDomain" xlink:to="ns11_FederalTradeCommission36Member" order="33"/>
    <link:loc xlink:label="ns11_ElectionAssistanceCommission90Member" xlink:href="../../elts/singleaudit_2023.xsd#sap_ElectionAssistanceCommission90Member" xlink:type="locator"/>
    <link:presentationArc xlink:arcrole="http://www.xbrl.org/2003/arcrole/parent-child" xlink:type="arc" xlink:from="ns11_FederalAwardingAgencyDomain" xlink:to="ns11_ElectionAssistanceCommission90Member" order="26"/>
    <link:loc xlink:label="ns11_DepartmentOfCommerce11Member" xlink:href="../../elts/singleaudit_2023.xsd#sap_DepartmentOfCommerce11Member" xlink:type="locator"/>
    <link:presentationArc xlink:arcrole="http://www.xbrl.org/2003/arcrole/parent-child" xlink:type="arc" xlink:from="ns11_FederalAwardingAgencyDomain" xlink:to="ns11_DepartmentOfCommerce11Member" order="12"/>
    <link:loc xlink:label="ns11_FederalAwardingAgencyAxis" xlink:href="../../elts/singleaudit_2023.xsd#sap_FederalAwardingAgencyAxis" xlink:type="locator"/>
    <link:presentationArc xlink:arcrole="http://www.xbrl.org/2003/arcrole/parent-child" xlink:type="arc" xlink:from="ns11_FederalAwardingAgencyTotalsTable" xlink:to="ns11_FederalAwardingAgencyAxis" order="1"/>
    <link:loc xlink:label="ns11_CommissiononCivilRights29Member" xlink:href="../../elts/singleaudit_2023.xsd#sap_CommissiononCivilRights29Member" xlink:type="locator"/>
    <link:presentationArc xlink:arcrole="http://www.xbrl.org/2003/arcrole/parent-child" xlink:type="arc" xlink:from="ns11_FederalAwardingAgencyDomain" xlink:to="ns11_CommissiononCivilRights29Member" order="5"/>
    <link:loc xlink:label="ns11_U.S.AgencyForInternationalDevelopment98Member" xlink:href="../../elts/singleaudit_2023.xsd#sap_U.S.AgencyForInternationalDevelopment98Member" xlink:type="locator"/>
    <link:presentationArc xlink:arcrole="http://www.xbrl.org/2003/arcrole/parent-child" xlink:type="arc" xlink:from="ns11_FederalAwardingAgencyDomain" xlink:to="ns11_U.S.AgencyForInternationalDevelopment98Member" order="62"/>
    <link:loc xlink:label="ns11_RailroadRetirementBoard57Member" xlink:href="../../elts/singleaudit_2023.xsd#sap_RailroadRetirementBoard57Member" xlink:type="locator"/>
    <link:presentationArc xlink:arcrole="http://www.xbrl.org/2003/arcrole/parent-child" xlink:type="arc" xlink:from="ns11_FederalAwardingAgencyDomain" xlink:to="ns11_RailroadRetirementBoard57Member" order="55"/>
    <link:loc xlink:label="ns11_NationalAeronauticsAndSpaceAdministration43Member" xlink:href="../../elts/singleaudit_2023.xsd#sap_NationalAeronauticsAndSpaceAdministration43Member" xlink:type="locator"/>
    <link:presentationArc xlink:arcrole="http://www.xbrl.org/2003/arcrole/parent-child" xlink:type="arc" xlink:from="ns11_FederalAwardingAgencyDomain" xlink:to="ns11_NationalAeronauticsAndSpaceAdministration43Member" order="41"/>
    <link:loc xlink:label="ns11_GeneralServicesAdministration39Member" xlink:href="../../elts/singleaudit_2023.xsd#sap_GeneralServicesAdministration39Member" xlink:type="locator"/>
    <link:presentationArc xlink:arcrole="http://www.xbrl.org/2003/arcrole/parent-child" xlink:type="arc" xlink:from="ns11_FederalAwardingAgencyDomain" xlink:to="ns11_GeneralServicesAdministration39Member" order="34"/>
    <link:loc xlink:label="ns11_FederalAwardingAgencyDomain_1" xlink:href="../../elts/singleaudit_2023.xsd#sap_FederalAwardingAgencyDomain" xlink:type="locator"/>
    <link:presentationArc xlink:arcrole="http://www.xbrl.org/2003/arcrole/parent-child" xlink:type="arc" xlink:from="ns11_FederalAwardingAgencyAxis" xlink:to="ns11_FederalAwardingAgencyDomain_1" order="1"/>
    <link:loc xlink:label="ns11_EnvironmentalProtectionAgency66Member" xlink:href="../../elts/singleaudit_2023.xsd#sap_EnvironmentalProtectionAgency66Member" xlink:type="locator"/>
    <link:presentationArc xlink:arcrole="http://www.xbrl.org/2003/arcrole/parent-child" xlink:type="arc" xlink:from="ns11_FederalAwardingAgencyDomain" xlink:to="ns11_EnvironmentalProtectionAgency66Member" order="27"/>
    <link:loc xlink:label="ns11_DepartmentOfDefense12Member" xlink:href="../../elts/singleaudit_2023.xsd#sap_DepartmentOfDefense12Member" xlink:type="locator"/>
    <link:presentationArc xlink:arcrole="http://www.xbrl.org/2003/arcrole/parent-child" xlink:type="arc" xlink:from="ns11_FederalAwardingAgencyDomain" xlink:to="ns11_DepartmentOfDefense12Member" order="13"/>
    <link:loc xlink:label="ns11_CommodityFuturesTradingCommission78Member" xlink:href="../../elts/singleaudit_2023.xsd#sap_CommodityFuturesTradingCommission78Member" xlink:type="locator"/>
    <link:presentationArc xlink:arcrole="http://www.xbrl.org/2003/arcrole/parent-child" xlink:type="arc" xlink:from="ns11_FederalAwardingAgencyDomain" xlink:to="ns11_CommodityFuturesTradingCommission78Member" order="6"/>
    <link:loc xlink:label="ns11_UnitedStatesInstituteOfPeace91Member" xlink:href="../../elts/singleaudit_2023.xsd#sap_UnitedStatesInstituteOfPeace91Member" xlink:type="locator"/>
    <link:presentationArc xlink:arcrole="http://www.xbrl.org/2003/arcrole/parent-child" xlink:type="arc" xlink:from="ns11_FederalAwardingAgencyDomain" xlink:to="ns11_UnitedStatesInstituteOfPeace91Member" order="63"/>
    <link:loc xlink:label="ns11_ScholarshipFoundations85Member" xlink:href="../../elts/singleaudit_2023.xsd#sap_ScholarshipFoundations85Member" xlink:type="locator"/>
    <link:presentationArc xlink:arcrole="http://www.xbrl.org/2003/arcrole/parent-child" xlink:type="arc" xlink:from="ns11_FederalAwardingAgencyDomain" xlink:to="ns11_ScholarshipFoundations85Member" order="56"/>
    <link:loc xlink:label="ns11_NationalArchivesAndRecordsAdministration89Member" xlink:href="../../elts/singleaudit_2023.xsd#sap_NationalArchivesAndRecordsAdministration89Member" xlink:type="locator"/>
    <link:presentationArc xlink:arcrole="http://www.xbrl.org/2003/arcrole/parent-child" xlink:type="arc" xlink:from="ns11_FederalAwardingAgencyDomain" xlink:to="ns11_NationalArchivesAndRecordsAdministration89Member" order="42"/>
    <link:loc xlink:label="ns11_NuclearRegulatoryCommission77Member" xlink:href="../../elts/singleaudit_2023.xsd#sap_NuclearRegulatoryCommission77Member" xlink:type="locator"/>
    <link:presentationArc xlink:arcrole="http://www.xbrl.org/2003/arcrole/parent-child" xlink:type="arc" xlink:from="ns11_FederalAwardingAgencyDomain" xlink:to="ns11_NuclearRegulatoryCommission77Member" order="49"/>
    <link:loc xlink:label="ns11_GovernmentPrintingOffice40Member" xlink:href="../../elts/singleaudit_2023.xsd#sap_GovernmentPrintingOffice40Member" xlink:type="locator"/>
    <link:presentationArc xlink:arcrole="http://www.xbrl.org/2003/arcrole/parent-child" xlink:type="arc" xlink:from="ns11_FederalAwardingAgencyDomain" xlink:to="ns11_GovernmentPrintingOffice40Member" order="35"/>
    <link:loc xlink:label="ns11_AfricanDevelopmentFoundation01Member" xlink:href="../../elts/singleaudit_2023.xsd#sap_AfricanDevelopmentFoundation01Member" xlink:type="locator"/>
    <link:presentationArc xlink:arcrole="http://www.xbrl.org/2003/arcrole/parent-child" xlink:type="arc" xlink:from="ns11_FederalAwardingAgencyDomain" xlink:to="ns11_AfricanDevelopmentFoundation01Member" order="1"/>
    <link:loc xlink:label="ns11_EqualEmploymentOpportunityCommission30Member" xlink:href="../../elts/singleaudit_2023.xsd#sap_EqualEmploymentOpportunityCommission30Member" xlink:type="locator"/>
    <link:presentationArc xlink:arcrole="http://www.xbrl.org/2003/arcrole/parent-child" xlink:type="arc" xlink:from="ns11_FederalAwardingAgencyDomain" xlink:to="ns11_EqualEmploymentOpportunityCommission30Member" order="28"/>
    <link:loc xlink:label="ns11_DepartmentOfEducation84Member" xlink:href="../../elts/singleaudit_2023.xsd#sap_DepartmentOfEducation84Member" xlink:type="locator"/>
    <link:presentationArc xlink:arcrole="http://www.xbrl.org/2003/arcrole/parent-child" xlink:type="arc" xlink:from="ns11_FederalAwardingAgencyDomain" xlink:to="ns11_DepartmentOfEducation84Member" order="14"/>
    <link:loc xlink:label="ns11_ConsumerProductSafetyCommission87Member" xlink:href="../../elts/singleaudit_2023.xsd#sap_ConsumerProductSafetyCommission87Member" xlink:type="locator"/>
    <link:presentationArc xlink:arcrole="http://www.xbrl.org/2003/arcrole/parent-child" xlink:type="arc" xlink:from="ns11_FederalAwardingAgencyDomain" xlink:to="ns11_ConsumerProductSafetyCommission87Member" order="7"/>
    <link:loc xlink:label="ns11_DepartmentOfState19Member" xlink:href="../../elts/singleaudit_2023.xsd#sap_DepartmentOfState19Member" xlink:type="locator"/>
    <link:presentationArc xlink:arcrole="http://www.xbrl.org/2003/arcrole/parent-child" xlink:type="arc" xlink:from="ns11_FederalAwardingAgencyDomain" xlink:to="ns11_DepartmentOfState19Member" order="21"/>
    <link:loc xlink:label="ns11_SecuritiesandExchangeCommission58Member" xlink:href="../../elts/singleaudit_2023.xsd#sap_SecuritiesandExchangeCommission58Member" xlink:type="locator"/>
    <link:presentationArc xlink:arcrole="http://www.xbrl.org/2003/arcrole/parent-child" xlink:type="arc" xlink:from="ns11_FederalAwardingAgencyDomain" xlink:to="ns11_SecuritiesandExchangeCommission58Member" order="57"/>
    <link:loc xlink:label="ns11_NationalCouncilonDisability92Member" xlink:href="../../elts/singleaudit_2023.xsd#sap_NationalCouncilonDisability92Member" xlink:type="locator"/>
    <link:presentationArc xlink:arcrole="http://www.xbrl.org/2003/arcrole/parent-child" xlink:type="arc" xlink:from="ns11_FederalAwardingAgencyDomain" xlink:to="ns11_NationalCouncilonDisability92Member" order="43"/>
    <link:loc xlink:label="ns11_OfficeOfPersonnelManagement27Member" xlink:href="../../elts/singleaudit_2023.xsd#sap_OfficeOfPersonnelManagement27Member" xlink:type="locator"/>
    <link:presentationArc xlink:arcrole="http://www.xbrl.org/2003/arcrole/parent-child" xlink:type="arc" xlink:from="ns11_FederalAwardingAgencyDomain" xlink:to="ns11_OfficeOfPersonnelManagement27Member" order="50"/>
    <link:loc xlink:label="ns11_Inter-AmericanFoundation04Member" xlink:href="../../elts/singleaudit_2023.xsd#sap_Inter-AmericanFoundation04Member" xlink:type="locator"/>
    <link:presentationArc xlink:arcrole="http://www.xbrl.org/2003/arcrole/parent-child" xlink:type="arc" xlink:from="ns11_FederalAwardingAgencyDomain" xlink:to="ns11_Inter-AmericanFoundation04Member" order="36"/>
    <link:loc xlink:label="ns11_FederalCommunicationsCommission32Member" xlink:href="../../elts/singleaudit_2023.xsd#sap_FederalCommunicationsCommission32Member" xlink:type="locator"/>
    <link:presentationArc xlink:arcrole="http://www.xbrl.org/2003/arcrole/parent-child" xlink:type="arc" xlink:from="ns11_FederalAwardingAgencyDomain" xlink:to="ns11_FederalCommunicationsCommission32Member" order="29"/>
    <link:loc xlink:label="ns11_DepartmentOfEnergy81Member" xlink:href="../../elts/singleaudit_2023.xsd#sap_DepartmentOfEnergy81Member" xlink:type="locator"/>
    <link:presentationArc xlink:arcrole="http://www.xbrl.org/2003/arcrole/parent-child" xlink:type="arc" xlink:from="ns11_FederalAwardingAgencyDomain" xlink:to="ns11_DepartmentOfEnergy81Member" order="15"/>
    <link:loc xlink:label="ns11_DepartmentOftheInterior15Member" xlink:href="../../elts/singleaudit_2023.xsd#sap_DepartmentOftheInterior15Member" xlink:type="locator"/>
    <link:presentationArc xlink:arcrole="http://www.xbrl.org/2003/arcrole/parent-child" xlink:type="arc" xlink:from="ns11_FederalAwardingAgencyDomain" xlink:to="ns11_DepartmentOftheInterior15Member" order="22"/>
    <link:loc xlink:label="ns11_CorporationForNationalandCommunityServices94Member" xlink:href="../../elts/singleaudit_2023.xsd#sap_CorporationForNationalandCommunityServices94Member" xlink:type="locator"/>
    <link:presentationArc xlink:arcrole="http://www.xbrl.org/2003/arcrole/parent-child" xlink:type="arc" xlink:from="ns11_FederalAwardingAgencyDomain" xlink:to="ns11_CorporationForNationalandCommunityServices94Member" order="8"/>
    <link:loc xlink:label="ns11_DepartmentOfJustice16Member" xlink:href="../../elts/singleaudit_2023.xsd#sap_DepartmentOfJustice16Member" xlink:type="locator"/>
    <link:presentationArc xlink:arcrole="http://www.xbrl.org/2003/arcrole/parent-child" xlink:type="arc" xlink:from="ns11_FederalAwardingAgencyDomain" xlink:to="ns11_DepartmentOfJustice16Member" order="19"/>
    <link:loc xlink:label="ns11_DepartmentOfLabor17Member" xlink:href="../../elts/singleaudit_2023.xsd#sap_DepartmentOfLabor17Member" xlink:type="locator"/>
    <link:presentationArc xlink:arcrole="http://www.xbrl.org/2003/arcrole/parent-child" xlink:type="arc" xlink:from="ns11_FederalAwardingAgencyDomain" xlink:to="ns11_DepartmentOfLabor17Member" order="20"/>
    <link:loc xlink:label="ns11_FederalAwardingAgencyTotalsLineItems" xlink:href="../../elts/singleaudit_2023.xsd#sap_FederalAwardingAgencyTotalsLineItems" xlink:type="locator"/>
    <link:presentationArc xlink:arcrole="http://www.xbrl.org/2003/arcrole/parent-child" xlink:type="arc" xlink:from="ns11_FederalAwardingAgencyTotalsTable" xlink:to="ns11_FederalAwardingAgencyTotalsLineItems" order="2"/>
    <link:loc xlink:label="ns11_SmallBusinessAdministration59Member" xlink:href="../../elts/singleaudit_2023.xsd#sap_SmallBusinessAdministration59Member" xlink:type="locator"/>
    <link:presentationArc xlink:arcrole="http://www.xbrl.org/2003/arcrole/parent-child" xlink:type="arc" xlink:from="ns11_FederalAwardingAgencyDomain" xlink:to="ns11_SmallBusinessAdministration59Member" order="58"/>
    <link:loc xlink:label="ns11_AmountExpended" xlink:href="../../elts/singleaudit_2023.xsd#sap_AmountExpended" xlink:type="locator"/>
    <link:presentationArc xlink:arcrole="http://www.xbrl.org/2003/arcrole/parent-child" xlink:type="arc" xlink:from="ns11_FederalAwardingAgencyTotalsLineItems" xlink:to="ns11_AmountExpended" order="1"/>
    <link:loc xlink:label="ns11_NationalCreditUnionAdministration44Member" xlink:href="../../elts/singleaudit_2023.xsd#sap_NationalCreditUnionAdministration44Member" xlink:type="locator"/>
    <link:presentationArc xlink:arcrole="http://www.xbrl.org/2003/arcrole/parent-child" xlink:type="arc" xlink:from="ns11_FederalAwardingAgencyDomain" xlink:to="ns11_NationalCreditUnionAdministration44Member" order="44"/>
    <link:loc xlink:label="ns11_OfficeOfNationalDrugControlPolicy07Member" xlink:href="../../elts/singleaudit_2023.xsd#sap_OfficeOfNationalDrugControlPolicy07Member" xlink:type="locator"/>
    <link:presentationArc xlink:arcrole="http://www.xbrl.org/2003/arcrole/parent-child" xlink:type="arc" xlink:from="ns11_FederalAwardingAgencyDomain" xlink:to="ns11_OfficeOfNationalDrugControlPolicy07Member" order="51"/>
    <link:loc xlink:label="ns11_InternationalTradeCommission61Member" xlink:href="../../elts/singleaudit_2023.xsd#sap_InternationalTradeCommission61Member" xlink:type="locator"/>
    <link:presentationArc xlink:arcrole="http://www.xbrl.org/2003/arcrole/parent-child" xlink:type="arc" xlink:from="ns11_FederalAwardingAgencyDomain" xlink:to="ns11_InternationalTradeCommission61Member" order="37"/>
    <link:loc xlink:label="ns11_ProgramOrAwardAmount" xlink:href="../../elts/singleaudit_2023.xsd#sap_ProgramOrAwardAmount" xlink:type="locator"/>
    <link:presentationArc xlink:arcrole="http://www.xbrl.org/2003/arcrole/parent-child" xlink:type="arc" xlink:from="ns11_FederalAwardingAgencyTotalsLineItems" xlink:to="ns11_ProgramOrAwardAmount" order="3"/>
    <link:loc xlink:label="ns11_AppalachianRegionalCommission23Member" xlink:href="../../elts/singleaudit_2023.xsd#sap_AppalachianRegionalCommission23Member" xlink:type="locator"/>
    <link:presentationArc xlink:arcrole="http://www.xbrl.org/2003/arcrole/parent-child" xlink:type="arc" xlink:from="ns11_FederalAwardingAgencyDomain" xlink:to="ns11_AppalachianRegionalCommission23Member" order="2"/>
    <link:loc xlink:label="ns11_FederalMaritimeCommission33Member" xlink:href="../../elts/singleaudit_2023.xsd#sap_FederalMaritimeCommission33Member" xlink:type="locator"/>
    <link:presentationArc xlink:arcrole="http://www.xbrl.org/2003/arcrole/parent-child" xlink:type="arc" xlink:from="ns11_FederalAwardingAgencyDomain" xlink:to="ns11_FederalMaritimeCommission33Member" order="30"/>
    <link:loc xlink:label="ns11_DepartmentOfHealthandHumanServices93Member" xlink:href="../../elts/singleaudit_2023.xsd#sap_DepartmentOfHealthandHumanServices93Member" xlink:type="locator"/>
    <link:presentationArc xlink:arcrole="http://www.xbrl.org/2003/arcrole/parent-child" xlink:type="arc" xlink:from="ns11_FederalAwardingAgencyDomain" xlink:to="ns11_DepartmentOfHealthandHumanServices93Member" order="16"/>
    <link:loc xlink:label="ns11_DepartmentOftheTreasury21Member" xlink:href="../../elts/singleaudit_2023.xsd#sap_DepartmentOftheTreasury21Member" xlink:type="locator"/>
    <link:presentationArc xlink:arcrole="http://www.xbrl.org/2003/arcrole/parent-child" xlink:type="arc" xlink:from="ns11_FederalAwardingAgencyDomain" xlink:to="ns11_DepartmentOftheTreasury21Member" order="23"/>
    <link:loc xlink:label="ns11_DeltaRegionalAuthority90Member" xlink:href="../../elts/singleaudit_2023.xsd#sap_DeltaRegionalAuthority90Member" xlink:type="locator"/>
    <link:presentationArc xlink:arcrole="http://www.xbrl.org/2003/arcrole/parent-child" xlink:type="arc" xlink:from="ns11_FederalAwardingAgencyDomain" xlink:to="ns11_DeltaRegionalAuthority90Member" order="9"/>
    <link:loc xlink:label="ns11_DirectAmountExpended" xlink:href="../../elts/singleaudit_2023.xsd#sap_DirectAmountExpended" xlink:type="locator"/>
    <link:presentationArc xlink:arcrole="http://www.xbrl.org/2003/arcrole/parent-child" xlink:type="arc" xlink:from="ns11_FederalAwardingAgencyTotalsLineItems" xlink:to="ns11_DirectAmountExpended" order="4"/>
    <link:loc xlink:label="ns11_PassThroughAmount" xlink:href="../../elts/singleaudit_2023.xsd#sap_PassThroughAmount" xlink:type="locator"/>
    <link:presentationArc xlink:arcrole="http://www.xbrl.org/2003/arcrole/parent-child" xlink:type="arc" xlink:from="ns11_FederalAwardingAgencyTotalsLineItems" xlink:to="ns11_PassThroughAmount" order="2"/>
    <link:loc xlink:label="ns11_DepartmentOfHousingandUrbanDevelopment14Member" xlink:href="../../elts/singleaudit_2023.xsd#sap_DepartmentOfHousingandUrbanDevelopment14Member" xlink:type="locator"/>
    <link:presentationArc xlink:arcrole="http://www.xbrl.org/2003/arcrole/parent-child" xlink:type="arc" xlink:from="ns11_FederalAwardingAgencyDomain" xlink:to="ns11_DepartmentOfHousingandUrbanDevelopment14Member" order="18"/>
    <link:loc xlink:label="ns11_SmithsonianInstitution60Member" xlink:href="../../elts/singleaudit_2023.xsd#sap_SmithsonianInstitution60Member" xlink:type="locator"/>
    <link:presentationArc xlink:arcrole="http://www.xbrl.org/2003/arcrole/parent-child" xlink:type="arc" xlink:from="ns11_FederalAwardingAgencyDomain" xlink:to="ns11_SmithsonianInstitution60Member" order="59"/>
    <link:loc xlink:label="ns11_NationalFoundationontheArtsandtheHumanities45Member" xlink:href="../../elts/singleaudit_2023.xsd#sap_NationalFoundationontheArtsandtheHumanities45Member" xlink:type="locator"/>
    <link:presentationArc xlink:arcrole="http://www.xbrl.org/2003/arcrole/parent-child" xlink:type="arc" xlink:from="ns11_FederalAwardingAgencyDomain" xlink:to="ns11_NationalFoundationontheArtsandtheHumanities45Member" order="45"/>
    <link:loc xlink:label="ns11_OverseasPrivateInvestmentCorporation70Member" xlink:href="../../elts/singleaudit_2023.xsd#sap_OverseasPrivateInvestmentCorporation70Member" xlink:type="locator"/>
    <link:presentationArc xlink:arcrole="http://www.xbrl.org/2003/arcrole/parent-child" xlink:type="arc" xlink:from="ns11_FederalAwardingAgencyDomain" xlink:to="ns11_OverseasPrivateInvestmentCorporation70Member" order="52"/>
    <link:loc xlink:label="ns11_JapanUSFriendshipCommission90Member" xlink:href="../../elts/singleaudit_2023.xsd#sap_JapanUSFriendshipCommission90Member" xlink:type="locator"/>
    <link:presentationArc xlink:arcrole="http://www.xbrl.org/2003/arcrole/parent-child" xlink:type="arc" xlink:from="ns11_FederalAwardingAgencyDomain" xlink:to="ns11_JapanUSFriendshipCommission90Member" order="38"/>
    <link:loc xlink:label="ns11_FederalMediationandConciliationService34Member" xlink:href="../../elts/singleaudit_2023.xsd#sap_FederalMediationandConciliationService34Member" xlink:type="locator"/>
    <link:presentationArc xlink:arcrole="http://www.xbrl.org/2003/arcrole/parent-child" xlink:type="arc" xlink:from="ns11_FederalAwardingAgencyDomain" xlink:to="ns11_FederalMediationandConciliationService34Member" order="31"/>
    <link:loc xlink:label="ns11_DepartmentOfHomelandSecurity97Member" xlink:href="../../elts/singleaudit_2023.xsd#sap_DepartmentOfHomelandSecurity97Member" xlink:type="locator"/>
    <link:presentationArc xlink:arcrole="http://www.xbrl.org/2003/arcrole/parent-child" xlink:type="arc" xlink:from="ns11_FederalAwardingAgencyDomain" xlink:to="ns11_DepartmentOfHomelandSecurity97Member" order="17"/>
    <link:loc xlink:label="ns11_DepartmentOfTransportation20Member" xlink:href="../../elts/singleaudit_2023.xsd#sap_DepartmentOfTransportation20Member" xlink:type="locator"/>
    <link:presentationArc xlink:arcrole="http://www.xbrl.org/2003/arcrole/parent-child" xlink:type="arc" xlink:from="ns11_FederalAwardingAgencyDomain" xlink:to="ns11_DepartmentOfTransportation20Member" order="24"/>
    <link:loc xlink:label="ns11_ArchitecturalAndTransportationBarriersComplianceBoard88Member" xlink:href="../../elts/singleaudit_2023.xsd#sap_ArchitecturalAndTransportationBarriersComplianceBoard88Member" xlink:type="locator"/>
    <link:presentationArc xlink:arcrole="http://www.xbrl.org/2003/arcrole/parent-child" xlink:type="arc" xlink:from="ns11_FederalAwardingAgencyDomain" xlink:to="ns11_ArchitecturalAndTransportationBarriersComplianceBoard88Member" order="3"/>
    <link:loc xlink:label="ns11_DenaliCommission90Member" xlink:href="../../elts/singleaudit_2023.xsd#sap_DenaliCommission90Member" xlink:type="locator"/>
    <link:presentationArc xlink:arcrole="http://www.xbrl.org/2003/arcrole/parent-child" xlink:type="arc" xlink:from="ns11_FederalAwardingAgencyDomain" xlink:to="ns11_DenaliCommission90Member" order="10"/>
    <link:loc xlink:label="ns11_SocialSecurityAdministration96Member" xlink:href="../../elts/singleaudit_2023.xsd#sap_SocialSecurityAdministration96Member" xlink:type="locator"/>
    <link:presentationArc xlink:arcrole="http://www.xbrl.org/2003/arcrole/parent-child" xlink:type="arc" xlink:from="ns11_FederalAwardingAgencyDomain" xlink:to="ns11_SocialSecurityAdministration96Member" order="60"/>
    <link:loc xlink:label="ns11_NationalGalleryOfArt68Member" xlink:href="../../elts/singleaudit_2023.xsd#sap_NationalGalleryOfArt68Member" xlink:type="locator"/>
    <link:presentationArc xlink:arcrole="http://www.xbrl.org/2003/arcrole/parent-child" xlink:type="arc" xlink:from="ns11_FederalAwardingAgencyDomain" xlink:to="ns11_NationalGalleryOfArt68Member" order="46"/>
    <link:loc xlink:label="ns11_PeaceCorps08Member" xlink:href="../../elts/singleaudit_2023.xsd#sap_PeaceCorps08Member" xlink:type="locator"/>
    <link:presentationArc xlink:arcrole="http://www.xbrl.org/2003/arcrole/parent-child" xlink:type="arc" xlink:from="ns11_FederalAwardingAgencyDomain" xlink:to="ns11_PeaceCorps08Member" order="53"/>
    <link:loc xlink:label="ns11_LegalServicesCorporation09Member" xlink:href="../../elts/singleaudit_2023.xsd#sap_LegalServicesCorporation09Member" xlink:type="locator"/>
    <link:presentationArc xlink:arcrole="http://www.xbrl.org/2003/arcrole/parent-child" xlink:type="arc" xlink:from="ns11_FederalAwardingAgencyDomain" xlink:to="ns11_LegalServicesCorporation09Member" order="39"/>
    <link:loc xlink:label="ns11_FederalReserveSystem18Member" xlink:href="../../elts/singleaudit_2023.xsd#sap_FederalReserveSystem18Member" xlink:type="locator"/>
    <link:presentationArc xlink:arcrole="http://www.xbrl.org/2003/arcrole/parent-child" xlink:type="arc" xlink:from="ns11_FederalAwardingAgencyDomain" xlink:to="ns11_FederalReserveSystem18Member" order="32"/>
    <link:loc xlink:label="ns11_DepartmentOfVeteransAffairs64Member" xlink:href="../../elts/singleaudit_2023.xsd#sap_DepartmentOfVeteransAffairs64Member" xlink:type="locator"/>
    <link:presentationArc xlink:arcrole="http://www.xbrl.org/2003/arcrole/parent-child" xlink:type="arc" xlink:from="ns11_FederalAwardingAgencyDomain" xlink:to="ns11_DepartmentOfVeteransAffairs64Member" order="25"/>
    <link:loc xlink:label="ns11_DepartmentOfAgriculture10Member" xlink:href="../../elts/singleaudit_2023.xsd#sap_DepartmentOfAgriculture10Member" xlink:type="locator"/>
    <link:presentationArc xlink:arcrole="http://www.xbrl.org/2003/arcrole/parent-child" xlink:type="arc" xlink:from="ns11_FederalAwardingAgencyDomain" xlink:to="ns11_DepartmentOfAgriculture10Member" order="11"/>
    <link:loc xlink:label="ns11_CentralIntelligenceAgency13Member" xlink:href="../../elts/singleaudit_2023.xsd#sap_CentralIntelligenceAgency13Member" xlink:type="locator"/>
    <link:presentationArc xlink:arcrole="http://www.xbrl.org/2003/arcrole/parent-child" xlink:type="arc" xlink:from="ns11_FederalAwardingAgencyDomain" xlink:to="ns11_CentralIntelligenceAgency13Member" order="4"/>
  </link:presentationLink>
</link:linkbase>
