<link:linkbase xmlns:link="http://www.xbrl.org/2003/linkbase" xmlns:xlink="http://www.w3.org/1999/xlink" xmlns:xsi="http://www.w3.org/2001/XMLSchema-instance" xsi:schemaLocation="http://www.xbrl.org/2003/linkbase http://www.xbrl.org/2003/xbrl-linkbase-2003-12-31.xsd">
  <link:roleRef roleURI="https://taxonomies.xbrl.us/grip/acfr/roles/GovernmentActivity" xlink:href="GovernmentServicesAndActivitiesDomain_2023.xsd#GovernmentActivity" xlink:type="simple"/>
  <link:presentationLink xlink:role="https://taxonomies.xbrl.us/grip/acfr/roles/GovernmentActivity" xlink:type="extended">
    <link:loc xlink:label="ns13_ConservationParksRecreationAndCulturalServicesMember" xlink:href="../../elts/acfr_2023.xsd#acfr_ConservationParksRecreationAndCulturalServicesMember" xlink:type="locator"/>
    <link:loc xlink:label="ns13_LibraryServicesMember" xlink:href="../../elts/acfr_2023.xsd#acfr_LibraryServicesMember" xlink:type="locator"/>
    <link:presentationArc xlink:arcrole="http://www.xbrl.org/2003/arcrole/parent-child" xlink:type="arc" xlink:from="ns13_ConservationParksRecreationAndCulturalServicesMember" xlink:to="ns13_LibraryServicesMember" order="4"/>
    <link:loc xlink:label="ns13_CommunityAndEconomicDevelopmentServicesMember" xlink:href="../../elts/acfr_2023.xsd#acfr_CommunityAndEconomicDevelopmentServicesMember" xlink:type="locator"/>
    <link:loc xlink:label="ns13_EconomicDevelopmentServicesMember" xlink:href="../../elts/acfr_2023.xsd#acfr_EconomicDevelopmentServicesMember" xlink:type="locator"/>
    <link:presentationArc xlink:arcrole="http://www.xbrl.org/2003/arcrole/parent-child" xlink:type="arc" xlink:from="ns13_CommunityAndEconomicDevelopmentServicesMember" xlink:to="ns13_EconomicDevelopmentServicesMember" order="2"/>
    <link:loc xlink:label="ns13_GovernmentServicesAndActivitiesDomain" xlink:href="../../elts/acfr_2023.xsd#acfr_GovernmentServicesAndActivitiesDomain" xlink:type="locator"/>
    <link:loc xlink:label="ns13_PublicWorksMember" xlink:href="../../elts/acfr_2023.xsd#acfr_PublicWorksMember" xlink:type="locator"/>
    <link:presentationArc xlink:arcrole="http://www.xbrl.org/2003/arcrole/parent-child" xlink:type="arc" xlink:from="ns13_GovernmentServicesAndActivitiesDomain" xlink:to="ns13_PublicWorksMember" order="6"/>
    <link:loc xlink:label="ns13_HealthAndWelfareMember" xlink:href="../../elts/acfr_2023.xsd#acfr_HealthAndWelfareMember" xlink:type="locator"/>
    <link:loc xlink:label="ns13_HospitalsMember" xlink:href="../../elts/acfr_2023.xsd#acfr_HospitalsMember" xlink:type="locator"/>
    <link:presentationArc xlink:arcrole="http://www.xbrl.org/2003/arcrole/parent-child" xlink:type="arc" xlink:from="ns13_HealthAndWelfareMember" xlink:to="ns13_HospitalsMember" order="8"/>
    <link:loc xlink:label="ns13_ConservationServicesMember" xlink:href="../../elts/acfr_2023.xsd#acfr_ConservationServicesMember" xlink:type="locator"/>
    <link:presentationArc xlink:arcrole="http://www.xbrl.org/2003/arcrole/parent-child" xlink:type="arc" xlink:from="ns13_ConservationParksRecreationAndCulturalServicesMember" xlink:to="ns13_ConservationServicesMember" order="5"/>
    <link:loc xlink:label="ns13_PublicWorksSanitationLandfillSolidWasteMember" xlink:href="../../elts/acfr_2023.xsd#acfr_PublicWorksSanitationLandfillSolidWasteMember" xlink:type="locator"/>
    <link:presentationArc xlink:arcrole="http://www.xbrl.org/2003/arcrole/parent-child" xlink:type="arc" xlink:from="ns13_PublicWorksMember" xlink:to="ns13_PublicWorksSanitationLandfillSolidWasteMember" order="7"/>
    <link:loc xlink:label="ns13_PublicSafetyServicesMember" xlink:href="../../elts/acfr_2023.xsd#acfr_PublicSafetyServicesMember" xlink:type="locator"/>
    <link:loc xlink:label="ns13_FireDepartmentMember" xlink:href="../../elts/acfr_2023.xsd#acfr_FireDepartmentMember" xlink:type="locator"/>
    <link:presentationArc xlink:arcrole="http://www.xbrl.org/2003/arcrole/parent-child" xlink:type="arc" xlink:from="ns13_PublicSafetyServicesMember" xlink:to="ns13_FireDepartmentMember" order="2"/>
    <link:loc xlink:label="ns13_GolfCoursesMember" xlink:href="../../elts/acfr_2023.xsd#acfr_GolfCoursesMember" xlink:type="locator"/>
    <link:presentationArc xlink:arcrole="http://www.xbrl.org/2003/arcrole/parent-child" xlink:type="arc" xlink:from="ns13_ConservationParksRecreationAndCulturalServicesMember" xlink:to="ns13_GolfCoursesMember" order="6"/>
    <link:loc xlink:label="ns13_MedicalExaminerMember" xlink:href="../../elts/acfr_2023.xsd#acfr_MedicalExaminerMember" xlink:type="locator"/>
    <link:presentationArc xlink:arcrole="http://www.xbrl.org/2003/arcrole/parent-child" xlink:type="arc" xlink:from="ns13_HealthAndWelfareMember" xlink:to="ns13_MedicalExaminerMember" order="10"/>
    <link:loc xlink:label="ns13_PublicWorksWaterAndSewerSystemsMember" xlink:href="../../elts/acfr_2023.xsd#acfr_PublicWorksWaterAndSewerSystemsMember" xlink:type="locator"/>
    <link:presentationArc xlink:arcrole="http://www.xbrl.org/2003/arcrole/parent-child" xlink:type="arc" xlink:from="ns13_PublicWorksMember" xlink:to="ns13_PublicWorksWaterAndSewerSystemsMember" order="8"/>
    <link:loc xlink:label="ns13_AmbulanceServiceMember" xlink:href="../../elts/acfr_2023.xsd#acfr_AmbulanceServiceMember" xlink:type="locator"/>
    <link:presentationArc xlink:arcrole="http://www.xbrl.org/2003/arcrole/parent-child" xlink:type="arc" xlink:from="ns13_HealthAndWelfareMember" xlink:to="ns13_AmbulanceServiceMember" order="1"/>
    <link:loc xlink:label="ns13_JudicialActivitiesMember" xlink:href="../../elts/acfr_2023.xsd#acfr_JudicialActivitiesMember" xlink:type="locator"/>
    <link:loc xlink:label="ns13_ProbateCourtMember" xlink:href="../../elts/acfr_2023.xsd#acfr_ProbateCourtMember" xlink:type="locator"/>
    <link:presentationArc xlink:arcrole="http://www.xbrl.org/2003/arcrole/parent-child" xlink:type="arc" xlink:from="ns13_JudicialActivitiesMember" xlink:to="ns13_ProbateCourtMember" order="3"/>
    <link:loc xlink:label="ns13_ParkingServicesMember" xlink:href="../../elts/acfr_2023.xsd#acfr_ParkingServicesMember" xlink:type="locator"/>
    <link:presentationArc xlink:arcrole="http://www.xbrl.org/2003/arcrole/parent-child" xlink:type="arc" xlink:from="ns13_PublicWorksMember" xlink:to="ns13_ParkingServicesMember" order="4"/>
    <link:loc xlink:label="ns13_ChildCareServicesMember" xlink:href="../../elts/acfr_2023.xsd#acfr_ChildCareServicesMember" xlink:type="locator"/>
    <link:presentationArc xlink:arcrole="http://www.xbrl.org/2003/arcrole/parent-child" xlink:type="arc" xlink:from="ns13_HealthAndWelfareMember" xlink:to="ns13_ChildCareServicesMember" order="4"/>
    <link:loc xlink:label="ns13_SewerMember" xlink:href="../../elts/acfr_2023.xsd#acfr_SewerMember" xlink:type="locator"/>
    <link:loc xlink:label="ns13_StormSewerServicesMember" xlink:href="../../elts/acfr_2023.xsd#acfr_StormSewerServicesMember" xlink:type="locator"/>
    <link:presentationArc xlink:arcrole="http://www.xbrl.org/2003/arcrole/parent-child" xlink:type="arc" xlink:from="ns13_SewerMember" xlink:to="ns13_StormSewerServicesMember" order="2"/>
    <link:loc xlink:label="ns13_TransportationServicesMember" xlink:href="../../elts/acfr_2023.xsd#acfr_TransportationServicesMember" xlink:type="locator"/>
    <link:presentationArc xlink:arcrole="http://www.xbrl.org/2003/arcrole/parent-child" xlink:type="arc" xlink:from="ns13_PublicWorksMember" xlink:to="ns13_TransportationServicesMember" order="9"/>
    <link:loc xlink:label="ns13_CulturalActivitiesMember" xlink:href="../../elts/acfr_2023.xsd#acfr_CulturalActivitiesMember" xlink:type="locator"/>
    <link:presentationArc xlink:arcrole="http://www.xbrl.org/2003/arcrole/parent-child" xlink:type="arc" xlink:from="ns13_ConservationParksRecreationAndCulturalServicesMember" xlink:to="ns13_CulturalActivitiesMember" order="2"/>
    <link:loc xlink:label="ns13_HarborServicesMember" xlink:href="../../elts/acfr_2023.xsd#acfr_HarborServicesMember" xlink:type="locator"/>
    <link:presentationArc xlink:arcrole="http://www.xbrl.org/2003/arcrole/parent-child" xlink:type="arc" xlink:from="ns13_PublicWorksMember" xlink:to="ns13_HarborServicesMember" order="3"/>
    <link:loc xlink:label="ns13_DistrictAndMunicipalCourtMember" xlink:href="../../elts/acfr_2023.xsd#acfr_DistrictAndMunicipalCourtMember" xlink:type="locator"/>
    <link:presentationArc xlink:arcrole="http://www.xbrl.org/2003/arcrole/parent-child" xlink:type="arc" xlink:from="ns13_JudicialActivitiesMember" xlink:to="ns13_DistrictAndMunicipalCourtMember" order="8"/>
    <link:loc xlink:label="ns13_EmergencyServicesMember" xlink:href="../../elts/acfr_2023.xsd#acfr_EmergencyServicesMember" xlink:type="locator"/>
    <link:presentationArc xlink:arcrole="http://www.xbrl.org/2003/arcrole/parent-child" xlink:type="arc" xlink:from="ns13_HealthAndWelfareMember" xlink:to="ns13_EmergencyServicesMember" order="5"/>
    <link:loc xlink:label="ns13_HealthDepartmentsClinicsServicesMember" xlink:href="../../elts/acfr_2023.xsd#acfr_HealthDepartmentsClinicsServicesMember" xlink:type="locator"/>
    <link:presentationArc xlink:arcrole="http://www.xbrl.org/2003/arcrole/parent-child" xlink:type="arc" xlink:from="ns13_HealthAndWelfareMember" xlink:to="ns13_HealthDepartmentsClinicsServicesMember" order="6"/>
    <link:loc xlink:label="ns13_RedevelopmentAndPublicHousingMember" xlink:href="../../elts/acfr_2023.xsd#acfr_RedevelopmentAndPublicHousingMember" xlink:type="locator"/>
    <link:presentationArc xlink:arcrole="http://www.xbrl.org/2003/arcrole/parent-child" xlink:type="arc" xlink:from="ns13_HealthAndWelfareMember" xlink:to="ns13_RedevelopmentAndPublicHousingMember" order="11"/>
    <link:loc xlink:label="ns13_RegisterOfDeedsMember" xlink:href="../../elts/acfr_2023.xsd#acfr_RegisterOfDeedsMember" xlink:type="locator"/>
    <link:presentationArc xlink:arcrole="http://www.xbrl.org/2003/arcrole/parent-child" xlink:type="arc" xlink:from="ns13_CommunityAndEconomicDevelopmentServicesMember" xlink:to="ns13_RegisterOfDeedsMember" order="3"/>
    <link:loc xlink:label="ns13_LawLibraryMember" xlink:href="../../elts/acfr_2023.xsd#acfr_LawLibraryMember" xlink:type="locator"/>
    <link:presentationArc xlink:arcrole="http://www.xbrl.org/2003/arcrole/parent-child" xlink:type="arc" xlink:from="ns13_JudicialActivitiesMember" xlink:to="ns13_LawLibraryMember" order="1"/>
    <link:loc xlink:label="ns13_EmergencyDispatchMember" xlink:href="../../elts/acfr_2023.xsd#acfr_EmergencyDispatchMember" xlink:type="locator"/>
    <link:presentationArc xlink:arcrole="http://www.xbrl.org/2003/arcrole/parent-child" xlink:type="arc" xlink:from="ns13_PublicSafetyServicesMember" xlink:to="ns13_EmergencyDispatchMember" order="3"/>
    <link:loc xlink:label="ns13_GrandJuryMember" xlink:href="../../elts/acfr_2023.xsd#acfr_GrandJuryMember" xlink:type="locator"/>
    <link:presentationArc xlink:arcrole="http://www.xbrl.org/2003/arcrole/parent-child" xlink:type="arc" xlink:from="ns13_JudicialActivitiesMember" xlink:to="ns13_GrandJuryMember" order="7"/>
    <link:loc xlink:label="ns13_HumanServicesMedicalCareMember" xlink:href="../../elts/acfr_2023.xsd#acfr_HumanServicesMedicalCareMember" xlink:type="locator"/>
    <link:presentationArc xlink:arcrole="http://www.xbrl.org/2003/arcrole/parent-child" xlink:type="arc" xlink:from="ns13_HealthAndWelfareMember" xlink:to="ns13_HumanServicesMedicalCareMember" order="7"/>
    <link:loc xlink:label="ns13_HealthAndWelfareMember_1" xlink:href="../../elts/acfr_2023.xsd#acfr_HealthAndWelfareMember" xlink:type="locator"/>
    <link:presentationArc xlink:arcrole="http://www.xbrl.org/2003/arcrole/parent-child" xlink:type="arc" xlink:from="ns13_GovernmentServicesAndActivitiesDomain" xlink:to="ns13_HealthAndWelfareMember_1" order="3"/>
    <link:loc xlink:label="ns13_ProbationMember" xlink:href="../../elts/acfr_2023.xsd#acfr_ProbationMember" xlink:type="locator"/>
    <link:presentationArc xlink:arcrole="http://www.xbrl.org/2003/arcrole/parent-child" xlink:type="arc" xlink:from="ns13_JudicialActivitiesMember" xlink:to="ns13_ProbationMember" order="4"/>
    <link:loc xlink:label="ns13_AlcoholismAndSubstanceAbuseServicesMember" xlink:href="../../elts/acfr_2023.xsd#acfr_AlcoholismAndSubstanceAbuseServicesMember" xlink:type="locator"/>
    <link:presentationArc xlink:arcrole="http://www.xbrl.org/2003/arcrole/parent-child" xlink:type="arc" xlink:from="ns13_HealthAndWelfareMember" xlink:to="ns13_AlcoholismAndSubstanceAbuseServicesMember" order="2"/>
    <link:loc xlink:label="ns13_PublicWorksRoadCommissionStreetDepartmentMember" xlink:href="../../elts/acfr_2023.xsd#acfr_PublicWorksRoadCommissionStreetDepartmentMember" xlink:type="locator"/>
    <link:presentationArc xlink:arcrole="http://www.xbrl.org/2003/arcrole/parent-child" xlink:type="arc" xlink:from="ns13_PublicWorksMember" xlink:to="ns13_PublicWorksRoadCommissionStreetDepartmentMember" order="6"/>
    <link:loc xlink:label="ns13_ProsecutingAttorneyMember" xlink:href="../../elts/acfr_2023.xsd#acfr_ProsecutingAttorneyMember" xlink:type="locator"/>
    <link:presentationArc xlink:arcrole="http://www.xbrl.org/2003/arcrole/parent-child" xlink:type="arc" xlink:from="ns13_JudicialActivitiesMember" xlink:to="ns13_ProsecutingAttorneyMember" order="5"/>
    <link:loc xlink:label="ns13_MentalHealthServicesMember" xlink:href="../../elts/acfr_2023.xsd#acfr_MentalHealthServicesMember" xlink:type="locator"/>
    <link:presentationArc xlink:arcrole="http://www.xbrl.org/2003/arcrole/parent-child" xlink:type="arc" xlink:from="ns13_HealthAndWelfareMember" xlink:to="ns13_MentalHealthServicesMember" order="9"/>
    <link:loc xlink:label="ns13_PublicSafetyServicesMember_1" xlink:href="../../elts/acfr_2023.xsd#acfr_PublicSafetyServicesMember" xlink:type="locator"/>
    <link:presentationArc xlink:arcrole="http://www.xbrl.org/2003/arcrole/parent-child" xlink:type="arc" xlink:from="ns13_GovernmentServicesAndActivitiesDomain" xlink:to="ns13_PublicSafetyServicesMember_1" order="5"/>
    <link:loc xlink:label="ns13_TrialCourtMember" xlink:href="../../elts/acfr_2023.xsd#acfr_TrialCourtMember" xlink:type="locator"/>
    <link:presentationArc xlink:arcrole="http://www.xbrl.org/2003/arcrole/parent-child" xlink:type="arc" xlink:from="ns13_JudicialActivitiesMember" xlink:to="ns13_TrialCourtMember" order="6"/>
    <link:loc xlink:label="ns13_VeteransProgramsMember" xlink:href="../../elts/acfr_2023.xsd#acfr_VeteransProgramsMember" xlink:type="locator"/>
    <link:presentationArc xlink:arcrole="http://www.xbrl.org/2003/arcrole/parent-child" xlink:type="arc" xlink:from="ns13_HealthAndWelfareMember" xlink:to="ns13_VeteransProgramsMember" order="12"/>
    <link:loc xlink:label="ns13_ParksAndRecreationMember" xlink:href="../../elts/acfr_2023.xsd#acfr_ParksAndRecreationMember" xlink:type="locator"/>
    <link:presentationArc xlink:arcrole="http://www.xbrl.org/2003/arcrole/parent-child" xlink:type="arc" xlink:from="ns13_ConservationParksRecreationAndCulturalServicesMember" xlink:to="ns13_ParksAndRecreationMember" order="3"/>
    <link:loc xlink:label="ns13_ConservationParksRecreationAndCulturalServicesMember_1" xlink:href="../../elts/acfr_2023.xsd#acfr_ConservationParksRecreationAndCulturalServicesMember" xlink:type="locator"/>
    <link:presentationArc xlink:arcrole="http://www.xbrl.org/2003/arcrole/parent-child" xlink:type="arc" xlink:from="ns13_GovernmentServicesAndActivitiesDomain" xlink:to="ns13_ConservationParksRecreationAndCulturalServicesMember_1" order="2"/>
    <link:loc xlink:label="ns13_JudicialActivitiesMember_1" xlink:href="../../elts/acfr_2023.xsd#acfr_JudicialActivitiesMember" xlink:type="locator"/>
    <link:presentationArc xlink:arcrole="http://www.xbrl.org/2003/arcrole/parent-child" xlink:type="arc" xlink:from="ns13_GovernmentServicesAndActivitiesDomain" xlink:to="ns13_JudicialActivitiesMember_1" order="4"/>
    <link:loc xlink:label="ns13_PoliceMember" xlink:href="../../elts/acfr_2023.xsd#acfr_PoliceMember" xlink:type="locator"/>
    <link:presentationArc xlink:arcrole="http://www.xbrl.org/2003/arcrole/parent-child" xlink:type="arc" xlink:from="ns13_PublicSafetyServicesMember" xlink:to="ns13_PoliceMember" order="1"/>
    <link:loc xlink:label="ns13_CommunityServiceMember" xlink:href="../../elts/acfr_2023.xsd#acfr_CommunityServiceMember" xlink:type="locator"/>
    <link:presentationArc xlink:arcrole="http://www.xbrl.org/2003/arcrole/parent-child" xlink:type="arc" xlink:from="ns13_CommunityAndEconomicDevelopmentServicesMember" xlink:to="ns13_CommunityServiceMember" order="4"/>
    <link:loc xlink:label="ns13_WaterMember" xlink:href="../../elts/acfr_2023.xsd#acfr_WaterMember" xlink:type="locator"/>
    <link:presentationArc xlink:arcrole="http://www.xbrl.org/2003/arcrole/parent-child" xlink:type="arc" xlink:from="ns13_PublicWorksWaterAndSewerSystemsMember" xlink:to="ns13_WaterMember" order="2"/>
    <link:loc xlink:label="ns13_PublicWorksInfrastructureMember" xlink:href="../../elts/acfr_2023.xsd#acfr_PublicWorksInfrastructureMember" xlink:type="locator"/>
    <link:presentationArc xlink:arcrole="http://www.xbrl.org/2003/arcrole/parent-child" xlink:type="arc" xlink:from="ns13_PublicWorksMember" xlink:to="ns13_PublicWorksInfrastructureMember" order="5"/>
    <link:loc xlink:label="ns13_PublicSchoolsMember" xlink:href="../../elts/acfr_2023.xsd#acfr_PublicSchoolsMember" xlink:type="locator"/>
    <link:presentationArc xlink:arcrole="http://www.xbrl.org/2003/arcrole/parent-child" xlink:type="arc" xlink:from="ns13_GovernmentServicesAndActivitiesDomain" xlink:to="ns13_PublicSchoolsMember" order="7"/>
    <link:loc xlink:label="ns13_SanitarySewerServicesMember" xlink:href="../../elts/acfr_2023.xsd#acfr_SanitarySewerServicesMember" xlink:type="locator"/>
    <link:presentationArc xlink:arcrole="http://www.xbrl.org/2003/arcrole/parent-child" xlink:type="arc" xlink:from="ns13_SewerMember" xlink:to="ns13_SanitarySewerServicesMember" order="1"/>
    <link:loc xlink:label="ns13_CorrectionsJailMember" xlink:href="../../elts/acfr_2023.xsd#acfr_CorrectionsJailMember" xlink:type="locator"/>
    <link:presentationArc xlink:arcrole="http://www.xbrl.org/2003/arcrole/parent-child" xlink:type="arc" xlink:from="ns13_PublicSafetyServicesMember" xlink:to="ns13_CorrectionsJailMember" order="4"/>
    <link:loc xlink:label="ns13_PlanningAndZoningServicesMember" xlink:href="../../elts/acfr_2023.xsd#acfr_PlanningAndZoningServicesMember" xlink:type="locator"/>
    <link:presentationArc xlink:arcrole="http://www.xbrl.org/2003/arcrole/parent-child" xlink:type="arc" xlink:from="ns13_CommunityAndEconomicDevelopmentServicesMember" xlink:to="ns13_PlanningAndZoningServicesMember" order="1"/>
    <link:loc xlink:label="ns13_FamilyCounselingServicesMember" xlink:href="../../elts/acfr_2023.xsd#acfr_FamilyCounselingServicesMember" xlink:type="locator"/>
    <link:presentationArc xlink:arcrole="http://www.xbrl.org/2003/arcrole/parent-child" xlink:type="arc" xlink:from="ns13_JudicialActivitiesMember" xlink:to="ns13_FamilyCounselingServicesMember" order="2"/>
    <link:loc xlink:label="ns13_AirportServicesMember" xlink:href="../../elts/acfr_2023.xsd#acfr_AirportServicesMember" xlink:type="locator"/>
    <link:presentationArc xlink:arcrole="http://www.xbrl.org/2003/arcrole/parent-child" xlink:type="arc" xlink:from="ns13_PublicWorksMember" xlink:to="ns13_AirportServicesMember" order="1"/>
    <link:loc xlink:label="ns13_CommunityAndEconomicDevelopmentServicesMember_1" xlink:href="../../elts/acfr_2023.xsd#acfr_CommunityAndEconomicDevelopmentServicesMember" xlink:type="locator"/>
    <link:presentationArc xlink:arcrole="http://www.xbrl.org/2003/arcrole/parent-child" xlink:type="arc" xlink:from="ns13_GovernmentServicesAndActivitiesDomain" xlink:to="ns13_CommunityAndEconomicDevelopmentServicesMember_1" order="1"/>
    <link:loc xlink:label="ns13_ElectricityAndPowerServicesMember" xlink:href="../../elts/acfr_2023.xsd#acfr_ElectricityAndPowerServicesMember" xlink:type="locator"/>
    <link:presentationArc xlink:arcrole="http://www.xbrl.org/2003/arcrole/parent-child" xlink:type="arc" xlink:from="ns13_PublicWorksMember" xlink:to="ns13_ElectricityAndPowerServicesMember" order="2"/>
    <link:loc xlink:label="ns13_CircuitCourtMember" xlink:href="../../elts/acfr_2023.xsd#acfr_CircuitCourtMember" xlink:type="locator"/>
    <link:presentationArc xlink:arcrole="http://www.xbrl.org/2003/arcrole/parent-child" xlink:type="arc" xlink:from="ns13_JudicialActivitiesMember" xlink:to="ns13_CircuitCourtMember" order="9"/>
    <link:loc xlink:label="ns13_BuildingInspectionsAndRegulatoryActivitiesMember" xlink:href="../../elts/acfr_2023.xsd#acfr_BuildingInspectionsAndRegulatoryActivitiesMember" xlink:type="locator"/>
    <link:presentationArc xlink:arcrole="http://www.xbrl.org/2003/arcrole/parent-child" xlink:type="arc" xlink:from="ns13_PublicSafetyServicesMember" xlink:to="ns13_BuildingInspectionsAndRegulatoryActivitiesMember" order="5"/>
    <link:loc xlink:label="ns13_SewerMember_1" xlink:href="../../elts/acfr_2023.xsd#acfr_SewerMember" xlink:type="locator"/>
    <link:presentationArc xlink:arcrole="http://www.xbrl.org/2003/arcrole/parent-child" xlink:type="arc" xlink:from="ns13_PublicWorksWaterAndSewerSystemsMember" xlink:to="ns13_SewerMember_1" order="1"/>
    <link:loc xlink:label="ns13_SecurityOfPersonsAndPropertyServicesMember" xlink:href="../../elts/acfr_2023.xsd#acfr_SecurityOfPersonsAndPropertyServicesMember" xlink:type="locator"/>
    <link:presentationArc xlink:arcrole="http://www.xbrl.org/2003/arcrole/parent-child" xlink:type="arc" xlink:from="ns13_PublicSafetyServicesMember" xlink:to="ns13_SecurityOfPersonsAndPropertyServicesMember" order="6"/>
    <link:loc xlink:label="ns13_ConventionCenterServicesMember" xlink:href="../../elts/acfr_2023.xsd#acfr_ConventionCenterServicesMember" xlink:type="locator"/>
    <link:presentationArc xlink:arcrole="http://www.xbrl.org/2003/arcrole/parent-child" xlink:type="arc" xlink:from="ns13_ConservationParksRecreationAndCulturalServicesMember" xlink:to="ns13_ConventionCenterServicesMember" order="1"/>
    <link:loc xlink:label="ns13_AreaAgencyOnAgingMember" xlink:href="../../elts/acfr_2023.xsd#acfr_AreaAgencyOnAgingMember" xlink:type="locator"/>
    <link:presentationArc xlink:arcrole="http://www.xbrl.org/2003/arcrole/parent-child" xlink:type="arc" xlink:from="ns13_HealthAndWelfareMember" xlink:to="ns13_AreaAgencyOnAgingMember" order="3"/>
  </link:presentationLink>
</link:linkbase>
