<link:linkbase xmlns:link="http://www.xbrl.org/2003/linkbase" xmlns:xlink="http://www.w3.org/1999/xlink" xmlns:xsi="http://www.w3.org/2001/XMLSchema-instance" xsi:schemaLocation="http://www.xbrl.org/2003/linkbase http://www.xbrl.org/2003/xbrl-linkbase-2003-12-31.xsd">
  <link:roleRef roleURI="https://taxonomies.xbrl.us/grip/acfr/roles/DocumentAndEntity" xlink:href="DocumentAndEntity_2023.xsd#DocumentAndEntity" xlink:type="simple"/>
  <link:presentationLink xlink:role="https://taxonomies.xbrl.us/grip/acfr/roles/DocumentAndEntity" xlink:type="extended">
    <link:loc xlink:label="ns13_DocumentAndEntityAbstract" xlink:href="../../elts/acfr_2023.xsd#acfr_DocumentAndEntityAbstract" xlink:type="locator"/>
    <link:loc xlink:label="ns13_PropertyTaxValuation" xlink:href="../../elts/acfr_2023.xsd#acfr_PropertyTaxValuation" xlink:type="locator"/>
    <link:presentationArc xlink:arcrole="http://www.xbrl.org/2003/arcrole/parent-child" xlink:type="arc" xlink:from="ns13_DocumentAndEntityAbstract" xlink:to="ns13_PropertyTaxValuation" order="24"/>
    <link:loc xlink:label="ns13_NameOfAuditFirm" xlink:href="../../elts/acfr_2023.xsd#acfr_NameOfAuditFirm" xlink:type="locator"/>
    <link:presentationArc xlink:arcrole="http://www.xbrl.org/2003/arcrole/parent-child" xlink:type="arc" xlink:from="ns13_DocumentAndEntityAbstract" xlink:to="ns13_NameOfAuditFirm" order="9"/>
    <link:loc xlink:label="ns13_AuditStatus" xlink:href="../../elts/acfr_2023.xsd#acfr_AuditStatus" xlink:type="locator"/>
    <link:presentationArc xlink:arcrole="http://www.xbrl.org/2003/arcrole/parent-child" xlink:type="arc" xlink:from="ns13_DocumentAndEntityAbstract" xlink:to="ns13_AuditStatus" order="14"/>
    <link:loc xlink:label="ns13_UnrestrictedGeneralFundCarryoverCashBalanceAtYearEnd" xlink:href="../../elts/acfr_2023.xsd#acfr_UnrestrictedGeneralFundCarryoverCashBalanceAtYearEnd" xlink:type="locator"/>
    <link:presentationArc xlink:arcrole="http://www.xbrl.org/2003/arcrole/parent-child" xlink:type="arc" xlink:from="ns13_DocumentAndEntityAbstract" xlink:to="ns13_UnrestrictedGeneralFundCarryoverCashBalanceAtYearEnd" order="13"/>
    <link:loc xlink:label="ns13_NameOfState" xlink:href="../../elts/acfr_2023.xsd#acfr_NameOfState" xlink:type="locator"/>
    <link:presentationArc xlink:arcrole="http://www.xbrl.org/2003/arcrole/parent-child" xlink:type="arc" xlink:from="ns13_DocumentAndEntityAbstract" xlink:to="ns13_NameOfState" order="17"/>
    <link:loc xlink:label="ns13_TypeOfGovernment" xlink:href="../../elts/acfr_2023.xsd#acfr_TypeOfGovernment" xlink:type="locator"/>
    <link:presentationArc xlink:arcrole="http://www.xbrl.org/2003/arcrole/parent-child" xlink:type="arc" xlink:from="ns13_DocumentAndEntityAbstract" xlink:to="ns13_TypeOfGovernment" order="4"/>
    <link:loc xlink:label="ns13_Population" xlink:href="../../elts/acfr_2023.xsd#acfr_Population" xlink:type="locator"/>
    <link:presentationArc xlink:arcrole="http://www.xbrl.org/2003/arcrole/parent-child" xlink:type="arc" xlink:from="ns13_DocumentAndEntityAbstract" xlink:to="ns13_Population" order="11"/>
    <link:loc xlink:label="ns13_DocumentTitle" xlink:href="../../elts/acfr_2023.xsd#acfr_DocumentTitle" xlink:type="locator"/>
    <link:presentationArc xlink:arcrole="http://www.xbrl.org/2003/arcrole/parent-child" xlink:type="arc" xlink:from="ns13_DocumentAndEntityAbstract" xlink:to="ns13_DocumentTitle" order="19"/>
    <link:loc xlink:label="ns13_EmployerIdentificationNumber" xlink:href="../../elts/acfr_2023.xsd#acfr_EmployerIdentificationNumber" xlink:type="locator"/>
    <link:presentationArc xlink:arcrole="http://www.xbrl.org/2003/arcrole/parent-child" xlink:type="arc" xlink:from="ns13_DocumentAndEntityAbstract" xlink:to="ns13_EmployerIdentificationNumber" order="6"/>
    <link:loc xlink:label="ns13_NameOfGovernment" xlink:href="../../elts/acfr_2023.xsd#acfr_NameOfGovernment" xlink:type="locator"/>
    <link:presentationArc xlink:arcrole="http://www.xbrl.org/2003/arcrole/parent-child" xlink:type="arc" xlink:from="ns13_DocumentAndEntityAbstract" xlink:to="ns13_NameOfGovernment" order="1"/>
    <link:loc xlink:label="ns13_InsideMillage" xlink:href="../../elts/acfr_2023.xsd#acfr_InsideMillage" xlink:type="locator"/>
    <link:presentationArc xlink:arcrole="http://www.xbrl.org/2003/arcrole/parent-child" xlink:type="arc" xlink:from="ns13_DocumentAndEntityAbstract" xlink:to="ns13_InsideMillage" order="21"/>
    <link:loc xlink:label="ns13_UniqueEntityIdentifier" xlink:href="../../elts/acfr_2023.xsd#acfr_UniqueEntityIdentifier" xlink:type="locator"/>
    <link:presentationArc xlink:arcrole="http://www.xbrl.org/2003/arcrole/parent-child" xlink:type="arc" xlink:from="ns13_DocumentAndEntityAbstract" xlink:to="ns13_UniqueEntityIdentifier" order="3"/>
    <link:loc xlink:label="ns13_TotalPropertyTaxRate" xlink:href="../../elts/acfr_2023.xsd#acfr_TotalPropertyTaxRate" xlink:type="locator"/>
    <link:presentationArc xlink:arcrole="http://www.xbrl.org/2003/arcrole/parent-child" xlink:type="arc" xlink:from="ns13_DocumentAndEntityAbstract" xlink:to="ns13_TotalPropertyTaxRate" order="23"/>
    <link:loc xlink:label="ns13_FiscalEndDate" xlink:href="../../elts/acfr_2023.xsd#acfr_FiscalEndDate" xlink:type="locator"/>
    <link:presentationArc xlink:arcrole="http://www.xbrl.org/2003/arcrole/parent-child" xlink:type="arc" xlink:from="ns13_DocumentAndEntityAbstract" xlink:to="ns13_FiscalEndDate" order="8"/>
    <link:loc xlink:label="ns13_DateOfAuditOpinion" xlink:href="../../elts/acfr_2023.xsd#acfr_DateOfAuditOpinion" xlink:type="locator"/>
    <link:presentationArc xlink:arcrole="http://www.xbrl.org/2003/arcrole/parent-child" xlink:type="arc" xlink:from="ns13_DocumentAndEntityAbstract" xlink:to="ns13_DateOfAuditOpinion" order="16"/>
    <link:loc xlink:label="ns13_PersonalIncome" xlink:href="../../elts/acfr_2023.xsd#acfr_PersonalIncome" xlink:type="locator"/>
    <link:presentationArc xlink:arcrole="http://www.xbrl.org/2003/arcrole/parent-child" xlink:type="arc" xlink:from="ns13_DocumentAndEntityAbstract" xlink:to="ns13_PersonalIncome" order="10"/>
    <link:loc xlink:label="ns13_StateAssignedUnitNumber" xlink:href="../../elts/acfr_2023.xsd#acfr_StateAssignedUnitNumber" xlink:type="locator"/>
    <link:presentationArc xlink:arcrole="http://www.xbrl.org/2003/arcrole/parent-child" xlink:type="arc" xlink:from="ns13_DocumentAndEntityAbstract" xlink:to="ns13_StateAssignedUnitNumber" order="2"/>
    <link:loc xlink:label="ns13_DateOfTransmittal" xlink:href="../../elts/acfr_2023.xsd#acfr_DateOfTransmittal" xlink:type="locator"/>
    <link:presentationArc xlink:arcrole="http://www.xbrl.org/2003/arcrole/parent-child" xlink:type="arc" xlink:from="ns13_DocumentAndEntityAbstract" xlink:to="ns13_DateOfTransmittal" order="18"/>
    <link:loc xlink:label="ns13_AverageNumberOfUtilityCustomers" xlink:href="../../elts/acfr_2023.xsd#acfr_AverageNumberOfUtilityCustomers" xlink:type="locator"/>
    <link:presentationArc xlink:arcrole="http://www.xbrl.org/2003/arcrole/parent-child" xlink:type="arc" xlink:from="ns13_DocumentAndEntityAbstract" xlink:to="ns13_AverageNumberOfUtilityCustomers" order="12"/>
    <link:loc xlink:label="ns13_TotalAnnualFinalAppropriationsForAllFunds" xlink:href="../../elts/acfr_2023.xsd#acfr_TotalAnnualFinalAppropriationsForAllFunds" xlink:type="locator"/>
    <link:presentationArc xlink:arcrole="http://www.xbrl.org/2003/arcrole/parent-child" xlink:type="arc" xlink:from="ns13_DocumentAndEntityAbstract" xlink:to="ns13_TotalAnnualFinalAppropriationsForAllFunds" order="20"/>
    <link:loc xlink:label="ns13_LegalEntityIdentifier" xlink:href="../../elts/acfr_2023.xsd#acfr_LegalEntityIdentifier" xlink:type="locator"/>
    <link:presentationArc xlink:arcrole="http://www.xbrl.org/2003/arcrole/parent-child" xlink:type="arc" xlink:from="ns13_DocumentAndEntityAbstract" xlink:to="ns13_LegalEntityIdentifier" order="5"/>
    <link:loc xlink:label="ns13_AuditOpinion" xlink:href="../../elts/acfr_2023.xsd#acfr_AuditOpinion" xlink:type="locator"/>
    <link:presentationArc xlink:arcrole="http://www.xbrl.org/2003/arcrole/parent-child" xlink:type="arc" xlink:from="ns13_DocumentAndEntityAbstract" xlink:to="ns13_AuditOpinion" order="15"/>
    <link:loc xlink:label="ns13_FiscalStartDate" xlink:href="../../elts/acfr_2023.xsd#acfr_FiscalStartDate" xlink:type="locator"/>
    <link:presentationArc xlink:arcrole="http://www.xbrl.org/2003/arcrole/parent-child" xlink:type="arc" xlink:from="ns13_DocumentAndEntityAbstract" xlink:to="ns13_FiscalStartDate" order="7"/>
    <link:loc xlink:label="ns13_OutsideMillage" xlink:href="../../elts/acfr_2023.xsd#acfr_OutsideMillage" xlink:type="locator"/>
    <link:presentationArc xlink:arcrole="http://www.xbrl.org/2003/arcrole/parent-child" xlink:type="arc" xlink:from="ns13_DocumentAndEntityAbstract" xlink:to="ns13_OutsideMillage" order="22"/>
  </link:presentationLink>
</link:linkbase>
