<link:linkbase xmlns:link="http://www.xbrl.org/2003/linkbase" xmlns:xlink="http://www.w3.org/1999/xlink" xmlns:xsi="http://www.w3.org/2001/XMLSchema-instance" xmlns:xbrldt="http://xbrl.org/2005/xbrldt" xsi:schemaLocation="http://www.xbrl.org/2003/linkbase http://www.xbrl.org/2003/xbrl-linkbase-2003-12-31.xsd">
  <link:roleRef roleURI="https://taxonomies.xbrl.us/grip/singleaudit/roles/SingleAuditSubprogram" xlink:href="FederalSubprogramIdentifier_2023.xsd#SingleAuditSubprogram" xlink:type="simple"/>
  <link:arcroleRef arcroleURI="http://xbrl.org/int/dim/arcrole/hypercube-dimension" xlink:href="http://www.xbrl.org/2005/xbrldt-2005.xsd#hypercube-dimension" xlink:type="simple"/>
  <link:arcroleRef arcroleURI="http://xbrl.org/int/dim/arcrole/all" xlink:href="http://www.xbrl.org/2005/xbrldt-2005.xsd#all" xlink:type="simple"/>
  <link:arcroleRef arcroleURI="http://xbrl.org/int/dim/arcrole/domain-member" xlink:href="http://www.xbrl.org/2005/xbrldt-2005.xsd#domain-member" xlink:type="simple"/>
  <link:definitionLink xlink:role="https://taxonomies.xbrl.us/grip/singleaudit/roles/SingleAuditSubprogram" xlink:type="extended">
    <link:loc xlink:label="ns11_FederalSubprogramIdentifierLineItems" xlink:href="../../elts/singleaudit_2023.xsd#sap_FederalSubprogramIdentifierLineItems" xlink:type="locator"/>
    <link:loc xlink:label="ns11_AmountExpended" xlink:href="../../elts/singleaudit_2023.xsd#sap_AmountExpended" xlink:type="locator"/>
    <link:definitionArc xlink:arcrole="http://xbrl.org/int/dim/arcrole/domain-member" xlink:type="arc" xlink:from="ns11_FederalSubprogramIdentifierLineItems" xlink:to="ns11_AmountExpended" order="1"/>
    <link:loc xlink:label="ns11_PassThroughAmount" xlink:href="../../elts/singleaudit_2023.xsd#sap_PassThroughAmount" xlink:type="locator"/>
    <link:definitionArc xlink:arcrole="http://xbrl.org/int/dim/arcrole/domain-member" xlink:type="arc" xlink:from="ns11_FederalSubprogramIdentifierLineItems" xlink:to="ns11_PassThroughAmount" order="2"/>
    <link:loc xlink:label="ns11_ProgramOrAwardAmount" xlink:href="../../elts/singleaudit_2023.xsd#sap_ProgramOrAwardAmount" xlink:type="locator"/>
    <link:definitionArc xlink:arcrole="http://xbrl.org/int/dim/arcrole/domain-member" xlink:type="arc" xlink:from="ns11_FederalSubprogramIdentifierLineItems" xlink:to="ns11_ProgramOrAwardAmount" order="3"/>
    <link:loc xlink:label="ns11_DirectAmountExpended" xlink:href="../../elts/singleaudit_2023.xsd#sap_DirectAmountExpended" xlink:type="locator"/>
    <link:definitionArc xlink:arcrole="http://xbrl.org/int/dim/arcrole/domain-member" xlink:type="arc" xlink:from="ns11_FederalSubprogramIdentifierLineItems" xlink:to="ns11_DirectAmountExpended" order="4"/>
    <link:loc xlink:label="ns11_FederalProgramIdentifierEnumerated" xlink:href="../../elts/singleaudit_2023.xsd#sap_FederalProgramIdentifierEnumerated" xlink:type="locator"/>
    <link:definitionArc xlink:arcrole="http://xbrl.org/int/dim/arcrole/domain-member" xlink:type="arc" xlink:from="ns11_FederalSubprogramIdentifierLineItems" xlink:to="ns11_FederalProgramIdentifierEnumerated" order="5"/>
    <link:loc xlink:label="ns2_FederalAwardingAgencyEnumerated" xlink:href="../../../grants/elts/grants_2023.xsd#sap_FederalAwardingAgencyEnumerated" xlink:type="locator"/>
    <link:definitionArc xlink:arcrole="http://xbrl.org/int/dim/arcrole/domain-member" xlink:type="arc" xlink:from="ns11_FederalSubprogramIdentifierLineItems" xlink:to="ns2_FederalAwardingAgencyEnumerated" order="6"/>
    <link:loc xlink:label="ns11_FederalSubprogramIdentifierTable" xlink:href="../../elts/singleaudit_2023.xsd#sap_FederalSubprogramIdentifierTable" xlink:type="locator"/>
    <link:loc xlink:label="ns11_FederalSubprogramIdentifierAxis" xlink:href="../../elts/singleaudit_2023.xsd#sap_FederalSubprogramIdentifierAxis" xlink:type="locator"/>
    <link:definitionArc xlink:arcrole="http://xbrl.org/int/dim/arcrole/hypercube-dimension" xlink:type="arc" xlink:from="ns11_FederalSubprogramIdentifierTable" xlink:to="ns11_FederalSubprogramIdentifierAxis" order="1"/>
    <link:loc xlink:label="ns11_FederalSubprogramIdentifierLineItems_1" xlink:href="../../elts/singleaudit_2023.xsd#sap_FederalSubprogramIdentifierLineItems" xlink:type="locator"/>
    <link:definitionArc xlink:arcrole="http://xbrl.org/int/dim/arcrole/all" xlink:type="arc" xlink:from="ns11_FederalSubprogramIdentifierLineItems_1" xlink:to="ns11_FederalSubprogramIdentifierTable" order="1" xbrldt:contextElement="segment"/>
  </link:definitionLink>
</link:linkbase>
