<!--
c 2024 XBRL US, Inc.
Notice: Authorized Uses are Set Forth at https://xbrl.us/acfr_legal
 -->
<link:linkbase xmlns:link="http://www.xbrl.org/2003/linkbase" xmlns:xlink="http://www.w3.org/1999/xlink" xmlns:xsi="http://www.w3.org/2001/XMLSchema-instance" xsi:schemaLocation="http://www.xbrl.org/2003/linkbase http://www.xbrl.org/2003/xbrl-linkbase-2003-12-31.xsd">
  <link:roleRef roleURI="https://taxonomies.xbrl.us/grip/singleaudit/roles/SingleAuditSubprogram" xlink:href="FederalSubprogramIdentifier_2023.xsd#SingleAuditSubprogram" xlink:type="simple"/>
  <link:presentationLink xlink:role="https://taxonomies.xbrl.us/grip/singleaudit/roles/SingleAuditSubprogram" xlink:type="extended">
    <link:loc xlink:label="ns11_FederalSubprogramIdentifierLineItems" xlink:href="../../elts/singleaudit_2023.xsd#sap_FederalSubprogramIdentifierLineItems" xlink:type="locator"/>
    <link:loc xlink:label="ns11_PassThroughAmount" xlink:href="../../elts/singleaudit_2023.xsd#sap_PassThroughAmount" xlink:type="locator"/>
    <link:presentationArc xlink:arcrole="http://www.xbrl.org/2003/arcrole/parent-child" xlink:type="arc" xlink:from="ns11_FederalSubprogramIdentifierLineItems" xlink:to="ns11_PassThroughAmount" order="2"/>
    <link:loc xlink:label="ns2_FederalAwardingAgencyEnumerated" xlink:href="../../../grants/elts/grants_2023.xsd#sap_FederalAwardingAgencyEnumerated" xlink:type="locator"/>
    <link:presentationArc xlink:arcrole="http://www.xbrl.org/2003/arcrole/parent-child" xlink:type="arc" xlink:from="ns11_FederalSubprogramIdentifierLineItems" xlink:to="ns2_FederalAwardingAgencyEnumerated" order="6"/>
    <link:loc xlink:label="ns11_FederalSubprogramIdentifierTable" xlink:href="../../elts/singleaudit_2023.xsd#sap_FederalSubprogramIdentifierTable" xlink:type="locator"/>
    <link:loc xlink:label="ns11_FederalSubprogramIdentifierLineItems_1" xlink:href="../../elts/singleaudit_2023.xsd#sap_FederalSubprogramIdentifierLineItems" xlink:type="locator"/>
    <link:presentationArc xlink:arcrole="http://www.xbrl.org/2003/arcrole/parent-child" xlink:type="arc" xlink:from="ns11_FederalSubprogramIdentifierTable" xlink:to="ns11_FederalSubprogramIdentifierLineItems_1" order="2"/>
    <link:loc xlink:label="ns11_ProgramOrAwardAmount" xlink:href="../../elts/singleaudit_2023.xsd#sap_ProgramOrAwardAmount" xlink:type="locator"/>
    <link:presentationArc xlink:arcrole="http://www.xbrl.org/2003/arcrole/parent-child" xlink:type="arc" xlink:from="ns11_FederalSubprogramIdentifierLineItems" xlink:to="ns11_ProgramOrAwardAmount" order="3"/>
    <link:loc xlink:label="ns11_DirectAmountExpended" xlink:href="../../elts/singleaudit_2023.xsd#sap_DirectAmountExpended" xlink:type="locator"/>
    <link:presentationArc xlink:arcrole="http://www.xbrl.org/2003/arcrole/parent-child" xlink:type="arc" xlink:from="ns11_FederalSubprogramIdentifierLineItems" xlink:to="ns11_DirectAmountExpended" order="4"/>
    <link:loc xlink:label="ns11_FederalSubprogramIdentifierAbstract" xlink:href="../../elts/singleaudit_2023.xsd#sap_FederalSubprogramIdentifierAbstract" xlink:type="locator"/>
    <link:loc xlink:label="ns11_FederalSubprogramIdentifierTable_1" xlink:href="../../elts/singleaudit_2023.xsd#sap_FederalSubprogramIdentifierTable" xlink:type="locator"/>
    <link:presentationArc xlink:arcrole="http://www.xbrl.org/2003/arcrole/parent-child" xlink:type="arc" xlink:from="ns11_FederalSubprogramIdentifierAbstract" xlink:to="ns11_FederalSubprogramIdentifierTable_1" order="1"/>
    <link:loc xlink:label="ns11_FederalSubprogramIdentifierAxis" xlink:href="../../elts/singleaudit_2023.xsd#sap_FederalSubprogramIdentifierAxis" xlink:type="locator"/>
    <link:presentationArc xlink:arcrole="http://www.xbrl.org/2003/arcrole/parent-child" xlink:type="arc" xlink:from="ns11_FederalSubprogramIdentifierTable" xlink:to="ns11_FederalSubprogramIdentifierAxis" order="1"/>
    <link:loc xlink:label="ns11_FederalProgramIdentifierEnumerated" xlink:href="../../elts/singleaudit_2023.xsd#sap_FederalProgramIdentifierEnumerated" xlink:type="locator"/>
    <link:presentationArc xlink:arcrole="http://www.xbrl.org/2003/arcrole/parent-child" xlink:type="arc" xlink:from="ns11_FederalSubprogramIdentifierLineItems" xlink:to="ns11_FederalProgramIdentifierEnumerated" order="5"/>
    <link:loc xlink:label="ns11_AmountExpended" xlink:href="../../elts/singleaudit_2023.xsd#sap_AmountExpended" xlink:type="locator"/>
    <link:presentationArc xlink:arcrole="http://www.xbrl.org/2003/arcrole/parent-child" xlink:type="arc" xlink:from="ns11_FederalSubprogramIdentifierLineItems" xlink:to="ns11_AmountExpended" order="1"/>
  </link:presentationLink>
</link:linkbase>
